max,min,mean,sd,rms,skewness,kurtosis,crest,form,fault
0.35986,-0.32606999999999997,0.01903681615234375,0.12161432199979753,0.12309526264112919,-0.03513797665588711,-0.1680428774406053,2.9234268594536066,6.4661682494530925,Ball_007_1
0.33399,-0.4189,0.01664410703125,0.12379715245565599,0.12491101334548783,-0.1968298254319271,0.07240086894246023,3.353587369336193,7.504818708876574,Ball_007_1
0.41076,-0.36111,0.023228245068359375,0.12764388642398766,0.12974017539056906,0.08770279946238552,-0.40499027525178244,3.166020051980279,5.585448639072933,Ball_007_1
0.46771999999999997,-0.33671,0.021281352070312502,0.1370916932122651,0.13873365955580647,0.24741056660967592,0.14566224174119835,3.371351971296517,6.51902438239888,Ball_007_1
0.46855,-0.43809,0.0196825780078125,0.15844033000550134,0.15965820382706863,0.00654879063880511,-0.40196310898398213,2.9347066786044778,8.111650600447044,Ball_007_1
0.4625,-0.35673,0.021258013203125002,0.14022874856920975,0.14183090301704662,0.09327232031681984,-0.16493805145359763,3.2609254182319267,6.6718792104389975,Ball_007_1
0.48941,-0.39637,0.021493899765624998,0.14052473586433745,0.1421590275602522,-0.017048067660769023,0.20250725090092558,3.442693756116729,6.613924066663873,Ball_007_1
0.58475,-0.54303,0.02042555982421875,0.1719549715573103,0.17316384073301253,-0.02306255413033257,-0.06437988774418413,3.376859707822718,8.477801036811227,Ball_007_1
0.44498000000000004,-0.31918,0.022049668046875002,0.11773005078612889,0.11977709597031423,-0.038341200872891626,0.062235895934122265,3.7150674983405607,5.432149376740405,Ball_007_1
0.44685,-0.57891,0.022285020224609375,0.15592705252425593,0.15751148477274066,-0.09797696508323385,0.2033235655894745,3.675351020656728,7.068042843001672,Ball_007_1
0.36403,-0.44435,0.020929862392578123,0.1292728154550128,0.1309561757056079,-0.27248170202586797,0.08708247784726009,3.393119829688581,6.256905420225815,Ball_007_1
0.43726000000000004,-0.3778,0.021308686630859375,0.14758120008126405,0.1491116049922281,-0.03609718851460945,-0.39216626569727575,2.9324343808810607,6.997690687261459,Ball_007_1
0.45353000000000004,-0.37613,0.0223822076171875,0.13927577713462547,0.14106277083012636,-0.05894093010533515,0.19614467316934148,3.2150934943073404,6.302450899407799,Ball_007_1
0.43413,-0.49128999999999995,0.020545836855468753,0.13756801654928552,0.13909381937884957,-0.17216387893243235,0.4284217065427054,3.5320763975126597,6.769926851234569,Ball_007_1
0.41035,-0.37592,0.0205840959765625,0.14526418148519568,0.14671532786227964,-0.03757105194707308,-0.23439942124803181,2.7969129277908777,7.127605744829753,Ball_007_1
0.43955,-0.45228,0.0211363104296875,0.15475203525547418,0.15618878331779026,-0.009645359723733104,-0.31643081554214936,2.8957264887840237,7.389595097392995,Ball_007_1
0.49233000000000005,-0.37217,0.018571519140625,0.14928166647873806,0.15043243423497404,0.13085939619978146,-0.15185557625251533,3.2727649408253296,8.100168058181985,Ball_007_1
0.32899,-0.31564000000000003,0.021916451552734376,0.14123864044992832,0.1429289487990711,0.011367727211940112,-0.7642293484677665,2.301773017030439,6.521536660878941,Ball_007_1
0.36695,-0.49087,0.019208437724609374,0.14105933280826707,0.1423611585093829,-0.19211562731733983,-0.021727888330064893,3.4480612667926964,7.4113862428076125,Ball_007_1
0.37154,-0.35631999999999997,0.017000563564453126,0.13148275130960674,0.1325772720093942,-0.07073254320477511,-0.21973321884261887,2.8024411089951538,7.79840407692125,Ball_007_1
0.38761,-0.29581999999999997,0.01876929298828125,0.1322987698246268,0.13362354155009334,0.09379302413723052,-0.5538430462292236,2.900761292529654,7.1192630704981354,Ball_007_1
0.32899,-0.34776,0.016670302939453124,0.1200352719301904,0.12118731578613288,-0.2587307464098139,-0.1177445212473125,2.8696072264205226,7.269652444627742,Ball_007_1
0.46146000000000004,-0.33086,0.017941915498046877,0.1264639652676051,0.12773036773980212,0.13064868758331047,-0.28942625769276376,3.6127665217974454,7.11910390139797,Ball_007_1
0.47606000000000004,-0.40763,0.017412079208984375,0.14565733757526791,0.14669437784692194,-0.02153509757532603,0.34026790640600524,3.2452504570524594,8.424862284474765,Ball_007_1
0.39971,-0.39345,0.017581987080078125,0.14435857282101944,0.14542532041087483,0.04680693511560193,-0.4678568094141915,2.748558477451712,8.271267148432093,Ball_007_1
0.48231999999999997,-0.45708000000000004,0.0166392828515625,0.13921351797288134,0.14020438409764532,0.06795841420993602,0.48073919556852474,3.4401206471829555,8.426106877459125,Ball_007_1
0.32481,-0.39366,0.018220183994140625,0.12246602260714036,0.12381398062413206,-0.17211625653435408,0.17261890819450088,3.1794470611166696,6.795429391301407,Ball_007_1
0.40346,-0.3826,0.018574062060546875,0.1326360683635634,0.13393028937612625,0.11559791404331128,0.16513190895563046,3.012462668952137,7.2106080904079235,Ball_007_1
0.41911000000000004,-0.38344,0.016485040244140624,0.14221144910774577,0.14316372728165433,-0.09650446252948668,-0.08239442419965215,2.9274873253891553,8.68446279032149,Ball_007_1
0.47689,-0.31584,0.01950828525390625,0.13032591633244306,0.13177791036982914,0.12202567698520471,-0.18217266656681597,3.6188917781647665,6.754971126356244,Ball_007_1
0.37509000000000003,-0.32899,0.01772013443359375,0.11773537223079815,0.11906141708659959,-0.0890493778918899,0.39366738676874524,3.15039083212647,6.718990243205677,Ball_007_1
0.6634,-0.5131899999999999,0.016377149833984375,0.1634109122266568,0.16422952618647144,0.23080359458288977,1.090580236475807,4.03946848879833,10.027966882107311,Ball_007_1
0.32148000000000004,-0.31856,0.01720561935546875,0.11276784656688935,0.11407287388655893,-0.0069693852992840965,-0.5476579476736396,2.8181984570801735,6.629977387028724,Ball_007_1
0.41243,-0.46458999999999995,0.019355306845703125,0.156714412856728,0.15790514589499707,-0.03761922229583674,-0.16606428981753307,2.942209352485138,8.15823479294606,Ball_007_1
0.36862,-0.33211999999999997,0.018383208017578125,0.11965970260678493,0.12106356497708863,0.06372908810245803,-0.15748904000296537,3.0448467053230663,6.58555124196907,Ball_007_1
0.41827,-0.40576,0.018908135078125,0.14704885283742572,0.14825951130681467,-0.011062893690818691,-0.24597263800071767,2.821201779852168,7.841043172856023,Ball_007_1
0.40075,-0.40659,0.016669924179687504,0.1606684103066854,0.16153087767555138,0.013937000345715166,-0.3362226748645778,2.5171038709983797,9.689958169241134,Ball_007_1
0.4963,-0.55325,0.020005294658203124,0.13844507800621988,0.13988299195581225,-0.12723121611914742,0.7205754592153539,3.9550912395387954,6.992298156735992,Ball_007_1
0.45916,-0.39887,0.015961242783203124,0.15986943347506902,0.16066423693785703,0.04357605484379001,-0.1258620889478559,2.8578855250762,10.065897064170692,Ball_007_1
0.48315,-0.35924,0.018840108115234375,0.14223663528290134,0.1434789534753959,0.2963944192203231,0.3166663269952119,3.367392812183139,7.615611597460273,Ball_007_1
0.4431,-0.35131,0.017663408857421875,0.13255602079985987,0.1337276884671134,0.1461945376575766,-0.0505560372620133,3.313449905294058,7.570887475666155,Ball_007_1
0.39199,-0.36445,0.01761221517578125,0.14002148453833066,0.14112478965694153,-0.021339369462250006,-0.3714218325017016,2.7776126233758855,8.012892202118422,Ball_007_1
0.41348,-0.40471,0.020737304462890627,0.13375351388612697,0.13535153591028432,-0.314594495615059,0.18398361895218285,3.054860029214658,6.526958680938353,Ball_007_1
0.42265,-0.43204,0.018045450947265625,0.1520360294098134,0.1531032087795413,0.06093177726106859,-0.268896405747443,2.8218872786671785,8.484310020439283,Ball_007_1
0.35173000000000004,-0.3365,0.01938764578125,0.1343072715182184,0.13569938832436815,-0.04420265725289792,-0.4461061802512276,2.5919792399304358,6.999270713741518,Ball_007_1
0.44873,-0.48858,0.02035230670898438,0.13993694744790755,0.14140921345306678,-0.141653312752099,0.623762101939175,3.4550789486363915,6.948067780571277,Ball_007_1
0.41994,-0.34526,0.018697379580078125,0.1358346113137302,0.13711540261368774,-0.04627303281810727,-0.17192095367192461,3.062675592475001,7.333401704396115,Ball_007_1
0.34255,-0.37655,0.020786301708984375,0.12122739061006572,0.12299654699568756,-0.11845505679024874,-0.017500277943531373,3.0614680341533034,5.917192139346902,Ball_007_1
0.4819,-0.36445,0.017205841982421876,0.13498609206039874,0.13607823502699656,0.008062735724561211,0.14092224221645777,3.5413451413670285,7.90883859430887,Ball_007_1
0.49254,-0.36967,0.02149450435546875,0.13736564354460779,0.13903716677173594,0.13645289900382757,-0.20621881989582702,3.5425059924165514,6.468498086947665,Ball_007_1
0.4504,-0.42891,0.017991550908203126,0.13964975936767945,0.1408039459515721,-0.1265552749803908,-0.025661794103558844,3.198773967287365,7.826114538089041,Ball_007_1
0.3801,-0.30625,0.017949056357421875,0.13273803027209416,0.13394608357334414,-0.018040695057985508,-0.6047011751403271,2.837708927519047,7.462569253975775,Ball_007_1
0.40179000000000004,-0.41139,0.019694315625,0.13156958052909637,0.13303541103232439,-0.04633103096598785,0.022350791131191983,3.0923345424753688,6.755015346074461,Ball_007_1
0.33295,-0.34255,0.017226839345703123,0.11918689693615603,0.1204254142409838,-0.059142064692805196,0.004355784034314691,2.8444992223155037,6.990568892746569,Ball_007_1
0.38323,-0.3972,0.020976658486328126,0.13114054237231504,0.13280761294051255,-0.024130341351070724,-0.3729866917836855,2.990792381662053,6.331208886098954,Ball_007_1
0.44581000000000004,-0.39929000000000003,0.020320461874999998,0.1390016271554951,0.14047908571274445,-0.10200119017128854,0.14537503431099363,3.173497282991345,6.913183354970426,Ball_007_1
0.41013999999999995,-0.45228,0.019549419589843752,0.14619602405253065,0.14749731270456382,-0.12562502783137794,-0.4835558620879583,3.066360929839807,7.544843184825187,Ball_007_1
0.43288000000000004,-0.44247,0.018589825419921876,0.12978846956733697,0.1311130368871636,0.07591083733890278,0.44871659281799703,3.3747215923773455,7.052945730932469,Ball_007_1
0.31626,-0.36988000000000004,0.020215906718750003,0.12196408321191039,0.12362815406768396,0.027805339932195843,-0.5209448124909866,2.99187510965846,6.115389711292577,Ball_007_1
0.402,-0.35173000000000004,0.019033167373046875,0.1497656848603405,0.15097026800644303,-0.08644445957264696,-0.3331159817073517,2.6627759402273017,7.931956731924573,Ball_007_1
0.3657,-0.32627,0.018705226152343747,0.13170407257393,0.13302574268903497,0.022819076504767388,-0.3939626179262721,2.749091941593437,7.11168817174011,Ball_007_1
0.44122,-0.35882,0.020757665507812502,0.12984409725475368,0.13149285254049425,-0.023782914312518482,0.17371834499011118,3.3554675263330784,6.334664471606414,Ball_007_1
0.42453,-0.34442,0.021217499912109375,0.1294288398606743,0.13115642146002776,-0.000800076923263935,-0.17311926032244562,3.2368220483398975,6.181520717417451,Ball_007_1
0.49421000000000004,-0.40179000000000004,0.020266494677734375,0.13582330290216016,0.13732698357487716,0.1964408841791643,0.8886892183614257,3.598782872353346,6.7760596483263935,Ball_007_1
0.40597,-0.33316,0.019995198828125,0.13789705103498,0.13933917130627746,0.011897551326167748,-0.37944316412635715,2.9135381908803715,6.968631096663746,Ball_007_1
0.41222,-0.38427,0.01871007775390625,0.1396200565717274,0.1408681199088338,8.557247597752068e-05,-0.46176830044995,2.9262830890374274,7.52899663126344,Ball_007_1
0.34818000000000005,-0.32669000000000004,0.016807197646484376,0.12069631342578924,0.12186091238499876,0.018667136476573594,-0.32334474222431187,2.8571917797791713,7.25051895608367,Ball_007_1
0.52467,-0.52988,0.020386586240234372,0.15037266666029406,0.1517483172132674,0.007276215650363794,0.284251576458197,3.491834415293523,7.443537038596698,Ball_007_1
0.5219600000000001,-0.49128999999999995,0.01781174119140625,0.14567559354729936,0.14676047383279875,0.06487916372880095,0.30006391224473417,3.5565434126229056,8.239535035691638,Ball_007_1
0.43163,-0.32711,0.017160051865234373,0.13509727286071416,0.13618274675750885,0.1211615456694228,-0.20981113294246878,3.169491048664795,7.936033054618965,Ball_007_1
0.42203,-0.29185,0.0184475402734375,0.1280106618966487,0.12933306344998638,0.017004818085012443,-0.3201286765544107,3.2631253407221377,7.010856435172326,Ball_007_1
0.4504,-0.39804,0.018039132001953125,0.1217989437073516,0.12312754757409282,0.03964428429429307,1.0068728494279338,3.6579953488554096,6.8255801185545675,Ball_007_1
0.31543000000000004,-0.33587,0.019283700263671877,0.12196530106595987,0.12348034564241132,-0.1860893248208376,-0.5598458966412649,2.720027997432265,6.403352963937121,Ball_007_1
0.55095,-0.33942,0.01808196447265625,0.1270808393184718,0.1283608085089746,0.15296814854714652,0.6324752391174568,4.292197923241355,7.098830528300878,Ball_007_1
0.39095,-0.45561999999999997,0.020150258554687498,0.14666722478882008,0.14804495177842114,-0.09682318811136659,-0.3722151603996293,3.0775787451661816,7.347049370586488,Ball_007_1
0.45541000000000004,-0.39762,0.015080339755859375,0.13273728409567412,0.1335911794852035,0.26995446079083607,0.255308823445648,3.4089825267352967,8.858631356409997,Ball_007_1
0.44226000000000004,-0.44956999999999997,0.019190596503906247,0.15021734627500097,0.15143820560241492,0.012401403328554092,0.037253038267911265,2.9686695985531495,7.8912710024578265,Ball_007_1
0.43851,-0.41702,0.017080977470703126,0.14055840155220725,0.14159245756136238,0.028876216079642948,0.26804048528127433,3.0969869755454633,8.289481647917201,Ball_007_1
0.3607,-0.36821,0.018598326562500003,0.13825773883009088,0.1395030469105783,-0.0008315204773842842,-0.43295202434523183,2.6394405392205,7.500838257729137,Ball_007_1
0.36153,-0.35339,0.020492954208984376,0.14393373349079003,0.14538528401736298,-0.06284343683601915,-0.3635398252055606,2.486702832111403,7.094403053866247,Ball_007_1
0.4963,-0.38323,0.020939353056640627,0.1521760323244899,0.15360989981265802,-0.011739900879745503,-0.14932069613028576,3.230911532227896,7.335942617768707,Ball_007_1
0.37217,-0.38594,0.016437386259765627,0.12271410515982151,0.12381009357975811,0.02087793043890503,-0.24006910097588063,3.117193321836763,7.532224654876414,Ball_007_1
0.5384399999999999,-0.4406,0.0168331685546875,0.14046534230001256,0.1414703783519724,0.05347383726947956,0.425141080495985,3.806026409672541,8.404262660835458,Ball_007_1
0.39595,-0.37843000000000004,0.017481535341796875,0.14230708230008277,0.1433768103657946,-0.04750717698684448,-0.33631771199004357,2.76160416896021,8.201613837737636,Ball_007_1
0.38051,-0.34901,0.017593480478515625,0.11582180798493234,0.11715042364518555,-0.018712871241758612,-0.059200191700766513,3.248046271726746,6.658740271972004,Ball_007_1
0.43788,-0.36257,0.0196348470703125,0.14561515140844777,0.14693297635037456,0.059940166744916965,-0.2877962363592905,2.9801342618671423,7.483275440900116,Ball_007_1
0.52008,-0.47439,0.018467983476562498,0.16814168511176544,0.16915286780280928,0.015827691697682642,-0.0781526438259168,3.0746153091041313,9.159248970426589,Ball_007_1
0.63899,-0.48107,0.019993692958984375,0.1513713908383998,0.1526861019297098,0.1975607011618239,0.9723022859929817,4.184991218841729,7.636712967745448,Ball_007_1
0.36153,-0.29227,0.018587925722656252,0.14228210290584545,0.14349114185196446,0.03452247259141833,-0.6388156813068897,2.5195283333479317,7.719588310893625,Ball_007_1
0.33441,-0.34985,0.02034999916015625,0.12649168180828355,0.12811817994533956,-0.06437311994450917,-0.29441746104686617,2.730681917418577,6.295733608699679,Ball_007_1
0.5086,-0.40242,0.017533835859375,0.1413788178059557,0.14246194412597746,0.09263993298330235,0.3027740632761189,3.5700762021061196,8.12497260403138,Ball_007_1
0.39053000000000004,-0.35548,0.018692043466796877,0.14930967342736798,0.15047515099826916,0.045814523103085536,-0.5661715649843786,2.595312214766808,8.05022432220091,Ball_007_1
0.37259000000000003,-0.32315,0.020973830498046873,0.12794520711532112,0.12965291199793091,0.0497139472658623,-0.5001261381789508,2.8737495470382997,6.181651264338824,Ball_007_1
0.33587,-0.33671,0.019364458886718748,0.1151612475335389,0.11677797395680592,-0.033749628160970435,-0.3421980475733788,2.883334807993913,6.030530912814094,Ball_007_1
0.53614,-0.5280100000000001,0.018177648115234375,0.1691017062062924,0.17007590638559159,0.0761435564103262,0.18727023081911431,3.1523571341852525,9.356320242921505,Ball_007_1
0.40972,-0.36049000000000003,0.019535017060546875,0.12551429504098993,0.12702541143878468,0.23775488313834345,-0.041556726997682425,3.2254963171046565,6.502446583109464,Ball_007_1
0.40451,-0.37071,0.017382416435546878,0.15295167009162844,0.15393622635675175,-0.001260358094939679,-0.5020694769664629,2.627776495149099,8.855858336594405,Ball_007_1
0.55679,-0.41765,0.018976615478515625,0.12493754417630223,0.1263704944986167,0.08732390438936313,1.13928797238301,4.406012636122764,6.659274304335921,Ball_007_1
0.39741,-0.33963000000000004,0.017006434716796873,0.13799353363223799,0.139037527833633,-0.05340661069735979,-0.42181154555354183,2.858293033066818,8.175583064492978,Ball_007_1
0.44748000000000004,-0.3801,0.019990092871093747,0.14212732748669307,0.14352623812914717,0.05758930980351582,-0.02505829050985131,3.1177574408352644,7.179868141424301,Ball_007_1
0.41263999999999995,-0.40576,0.018173299443359374,0.144054566923282,0.14519637414244316,-0.10200447521134308,-0.3001695006093179,2.8419442261914902,7.989543484133546,Ball_007_1
0.38761,-0.35402,0.017794206308593748,0.12531622875850704,0.1265732632446808,0.07938160211624981,-0.16341388862483974,3.0623370765780753,7.113172340279075,Ball_007_1
0.38948,-0.36403,0.020637494394531247,0.15013984554630416,0.15155157338527497,-0.06661821720350888,-0.7547672325772732,2.5699502072466927,7.34350610323745,Ball_007_1
0.39261,-0.33712,0.01833343154296875,0.1253274239560708,0.12666127232743807,0.012782029103363108,-0.2143790650526567,3.099684613031209,6.90875928610626,Ball_007_1
0.39345,-0.37134,0.02046453150390625,0.13193876718964664,0.13351642347366166,-0.03304549961633329,-0.25346531578862974,2.9468284636218263,6.52428407285513,Ball_007_1
0.35214,-0.35089000000000004,0.02042999622070312,0.12489841082311712,0.12655827816353257,-0.07451717925865363,-0.35290449693470816,2.782433534395498,6.194728114562951,Ball_007_1
0.36988000000000004,-0.34526,0.019441253056640625,0.1278152665422171,0.12928536143612832,-0.013393404866021313,-0.15248540239482145,2.860958062307589,6.65005256654047,Ball_007_1
0.3874,-0.36716,0.019793712734375003,0.1388787369676529,0.1402821964667701,-0.06664365259559266,-0.40864551918395,2.7615763581958928,7.087209522644922,Ball_007_1
0.33462,-0.29436,0.020175437548828126,0.11815819425026032,0.11986829083944142,0.045130041939644774,-0.1712880844690723,2.7915639312538927,5.941297907816922,Ball_007_1
0.44247,-0.35089000000000004,0.019631537822265628,0.1414712641437324,0.14282687371672304,0.041809390749842155,-0.3374860732088991,3.0979463835330487,7.275378410720008,Ball_007_1
0.47356000000000004,-0.40033,0.018004085947265627,0.15586390040737866,0.15690029496784821,0.07340515695182143,0.20304786296149135,3.018222477394442,8.714704357261365,Ball_007_1
0.46918000000000004,-0.37864000000000003,0.020578172070312498,0.13902121718257004,0.14053597401618811,0.08079816648997333,-0.21340573306745814,3.3385046067098187,6.82937078699834,Ball_007_1
0.38719000000000003,-0.38072,0.02113323951171875,0.14417416211583295,0.14571479963978315,-0.039294323853533805,-0.2079135270305481,2.6571768845716637,6.8950523493537,Ball_007_1
0.39491,-0.38448000000000004,0.019481440087890625,0.14488457876657485,0.1461884662764676,0.08452032490808142,-0.43256850467473384,2.7013758838661133,7.503986261434026,Ball_007_1
0.50235,-0.37759000000000004,0.020166050341796877,0.13931548847590686,0.14076744977326408,0.13222637858146846,0.2870862650927126,3.5686516821927925,6.980417107314631,Ball_007_1
0.44727,-0.33253,0.0191859590625,0.14109424882609622,0.14239272480344028,0.16476587422067165,0.008680714929665712,3.1411014676228195,7.421714855007678,Ball_007_1
0.40325,-0.29957,0.018549052089843747,0.13783843506957164,0.13908091715206747,0.08796080213417994,-0.5066089267792089,2.8993912706205816,7.498006312150733,Ball_007_1
0.45979,-0.35006,0.020603421865234374,0.14800083151292823,0.1494280667112942,0.14261656764443548,-0.4517209878992725,3.0769989001554077,7.252584567559152,Ball_007_1
0.55533,-0.45728,0.01771842298828125,0.15358986439556888,0.1546085022184773,0.07169701036630778,0.4023362422834853,3.5918464278466176,8.725860850871019,Ball_007_1
0.39241,-0.30562,0.0190054253515625,0.11454578133994943,0.11611176605139259,0.07223611974231971,-0.12863596841884917,3.3795885633737206,6.109400752372316,Ball_007_1
0.36132,-0.31042,0.020033124306640625,0.12993288385417695,0.13146817248348877,-0.11692662535905152,-0.5193396649099853,2.7483457815391232,6.562539317812254,Ball_007_1
0.52655,-0.44268,0.018554076142578126,0.14565491026976984,0.14683189921539289,-0.0022188643825423893,0.1071386934578511,3.5860735931877556,7.913726890702703,Ball_007_1
0.38719000000000003,-0.33358000000000004,0.0182925450390625,0.12063951874856728,0.12201848502539295,-0.05558178948716183,0.10725455697714636,3.173207704932701,6.670393763931532,Ball_007_1
0.43768,-0.31459000000000004,0.019587057373046876,0.11599153879036286,0.11763371067636727,0.16422762277161126,0.04351848515026502,3.7207021164489054,6.005685409006554,Ball_007_1
0.38197,-0.28455,0.02127987048828125,0.11995705420373308,0.12182991316271788,0.16750102466589492,0.01261459562102285,3.1352726678427687,5.725124478773717,Ball_007_1
0.39199,-0.3365,0.016591051533203123,0.12814734669097766,0.12921689307097203,0.04539236538439729,-0.3437075689654656,3.0335816598772336,7.788348135983209,Ball_007_1
0.4527,-0.41973,0.020533775625,0.15333545954392958,0.15470423101830766,0.005903115573049398,-0.2541267490860504,2.926228934360552,7.534134311656741,Ball_007_1
0.38114000000000003,-0.33671,0.018968302001953125,0.12106094859967262,0.12253795231147727,0.053337357910431336,0.1336729847042868,3.1103832706523695,6.46014312924355,Ball_007_1
0.41285,-0.3488,0.016740461064453125,0.13526571701971216,0.13629767876786208,-0.08532315721036761,-0.2028009513338036,3.02903175390185,8.141811035029793,Ball_007_1
0.46646000000000004,-0.40721999999999997,0.01881343736328125,0.148824570634841,0.15000899389725564,-0.034455575433911034,-0.06119469386285559,3.1095468663028405,7.973502291321329,Ball_007_1
0.43121000000000004,-0.37739,0.019707436435546875,0.13914973246442625,0.14053836165183695,-0.12983398536960486,-0.2338723442404902,3.0682725475339367,7.131234698142126,Ball_007_1
0.45478,-0.34901,0.017682035107421876,0.13432875726144855,0.13548752486094529,-0.05334686873611432,-0.2731705672471958,3.356618973666651,7.6624391013473625,Ball_007_1
0.39157,-0.33024000000000003,0.019744721445312502,0.1352580691249118,0.13669162113440753,0.15471025244715245,-0.3239129596579091,2.864623258439153,6.92294467612832,Ball_007_1
0.33671,-0.24909,0.018305598642578125,0.09566413471457248,0.09739980293794763,0.12277064209049407,0.22863420939538504,3.456988478277783,5.320765494695919,Ball_007_1
0.40763,-0.37926,0.020367236328125003,0.1456219335821002,0.14703935478583718,-0.04850032270676287,-0.2351770899835075,2.772250992405823,7.219405971314105,Ball_007_1
0.39637,-0.32148000000000004,0.01879657568359375,0.11950082121199328,0.12097006872681296,0.09083163519019029,0.027152052663539372,3.276595614891547,6.4357500178423175,Ball_007_1
0.46958999999999995,-0.39032,0.0188601350390625,0.14042044403204748,0.14168135302801516,-0.017884483294342897,0.12648315936928878,3.3144093181601457,7.512212676227221,Ball_007_1
0.43601,-0.44351999999999997,0.017132969667968748,0.13794569323883063,0.1390055859769135,-0.08536189025613686,0.2803646811242455,3.19066312114247,8.11333823367794,Ball_007_1
0.52905,-0.4408,0.0182386783203125,0.151155421200126,0.15225180046573947,0.18187463734838621,0.23921833861625919,3.4748357320359835,8.347742607447238,Ball_007_1
0.41285,-0.3269,0.018456076191406247,0.1313962668952416,0.13268611721799894,-0.011600535828381303,-0.41986472818305165,3.1114784692223867,7.189291410190999,Ball_007_1
0.39261,-0.4068,0.0154469948828125,0.14016323365039712,0.14101184956678445,-0.09387040070742497,-0.2624790991243109,2.8848639200528465,9.128755561052808,Ball_007_1
0.40451,-0.31396999999999997,0.017317150224609376,0.12522268287861094,0.12641441373205367,-0.0655107792911449,-0.30956799013971414,3.199872426395313,7.2999543684995,Ball_007_1
0.44538999999999995,-0.42954,0.01552448494140625,0.15677175949333128,0.1575385483217706,-0.024339814690603413,-0.003820326832830734,2.827181041830569,10.147746528700862,Ball_007_1
0.36486999999999997,-0.35736,0.0156147076953125,0.13813017548768292,0.13900994380499593,-0.09144964709450937,-0.4457447763175577,2.6247762382169277,8.902499977263513,Ball_007_1
0.38636,-0.38677,0.016129957734375,0.1308346352386813,0.1318251770890201,-0.010978767307328802,-0.1698788875200643,2.933961520907777,8.172691527603469,Ball_007_1
0.41556000000000004,-0.3705,0.017231976005859375,0.1363446481971532,0.1374292694045631,-0.036035665643115146,-0.18457840714601836,3.0238099844136412,7.975246795990567,Ball_007_1
0.32106,-0.34296,0.013017500068359375,0.10763053498471012,0.10841488536693034,-0.006345164736522041,-0.01347435972071942,3.1634032141974617,8.328394581848428,Ball_007_1
0.45791000000000004,-0.33691,0.016442975166015623,0.1328627768989352,0.13387639417614455,0.1572739162276128,0.06086433552530002,3.4203938595561696,8.141859042089994,Ball_007_1
0.37384,-0.33899999999999997,0.014974942646484374,0.13509112116666708,0.13591857829352327,0.07415725767410496,-0.37347481204430455,2.750470185482685,9.076399985347024,Ball_007_1
0.35778000000000004,-0.28121,0.01651565123046875,0.12670417853177526,0.12777603684955352,0.15407725954719123,-0.4601409872725748,2.8000555191831706,7.736663079755764,Ball_007_1
0.41973,-0.39866,0.015455900712890625,0.15717590900718675,0.15793400912749028,0.06501867583927286,-0.21537521744949917,2.6576289658014645,10.218362672154495,Ball_007_1
0.40096,-0.30666,0.017392011201171877,0.11436676791118885,0.11568163059048496,0.08915332168247274,-0.31930213640255545,3.466064529755299,6.6514230356100095,Ball_007_1
0.45791000000000004,-0.42118999999999995,0.017465418369140624,0.1612668554925899,0.16220986258325043,-0.01912369187966036,-0.3485298712206988,2.822947938458677,9.287487414694233,Ball_007_1
0.41598,-0.38615,0.01690640953125,0.14621131044038727,0.14718550874299288,-0.0204633488706323,-0.3980781759700971,2.826229298837644,8.705899367043852,Ball_007_1
0.47794,-0.36821,0.0177184863671875,0.14429491713090936,0.1453787050051011,0.07768142621554365,-0.18898278697222493,3.2875516169694743,8.204916254551442,Ball_007_1
0.36633000000000004,-0.31543000000000004,0.018340637099609376,0.12563353334312574,0.12696520653115112,0.04027521347207263,-0.33882242738334156,2.88527862966018,6.922616641885282,Ball_007_1
0.39804,-0.33816999999999997,0.018071760029296873,0.13584014914932466,0.13703698271440182,0.15200318835443014,-0.3207934530577994,2.9046173464351304,7.582934639974796,Ball_007_1
0.41723000000000005,-0.35778000000000004,0.019445412802734374,0.13466095752592613,0.13605769938106416,0.004705197950229116,-0.23962838230475603,3.0665666024888076,6.996904296371004,Ball_007_1
0.45603,-0.44435,0.017482487880859376,0.13888682004089214,0.13998280667130358,-0.026563370272176146,0.4202859041867204,3.2577572030903474,8.007029641217912,Ball_007_1
0.42265,-0.32022,0.017668905546875002,0.12792645144690326,0.12914088122287726,-0.014106978092157874,-0.16088947872666814,3.27278234998094,7.308934533117312,Ball_007_1
0.3778,-0.31647,0.017251608378906248,0.11396576422681083,0.11526410285713495,-0.012178928152769709,0.21862384126854684,3.2776899950418854,6.681353624785277,Ball_007_1
0.41056000000000004,-0.39199,0.018474261298828124,0.12073206845602573,0.12213734352853702,0.1156451020863885,0.4746115403986191,3.3614616527386016,6.611216272288423,Ball_007_1
0.5202899999999999,-0.36925,0.016731632685546876,0.15004534991514554,0.15097534422375902,0.2086401986612453,0.12395671348114545,3.4461918217764853,9.023347454359737,Ball_007_1
0.36716,-0.39053000000000004,0.014949694892578125,0.131320203502507,0.132168412358328,0.020963448029563056,-0.519461274403239,2.9547907104038225,8.8408763166844,Ball_007_1
0.36904000000000003,-0.37029,0.017755980722656252,0.13144349964109742,0.13263735691471884,-0.005985931498707809,-0.3210396635041217,2.791747406775725,7.470009768340571,Ball_007_1
0.38406,-0.36299000000000003,0.01605218720703125,0.136948038449503,0.13788559732363684,0.12598613879648637,-0.3842050814798239,2.7853525289751966,8.58983183758334,Ball_007_1
0.46458999999999995,-0.39136,0.018768302080078125,0.15441768615267126,0.1555540772841199,-0.02079680984639132,0.04837650115154224,2.986678363722648,8.288126881818897,Ball_007_1
0.33149,-0.39345,0.020442450087890626,0.12690827726448348,0.12854417374519514,-0.16684738976306526,-0.05936007210968297,3.060815480591872,6.288099856153751,Ball_007_1
0.35444000000000003,-0.35152,0.0201300426171875,0.12369200422920372,0.12531931425764797,-0.03133180853076168,-0.2096671571283646,2.828295057879111,6.225486473891563,Ball_007_1
0.44643999999999995,-0.41765,0.019034775234375,0.12311146962300033,0.12457430160734641,-0.047921692059285335,0.44228492585814605,3.5837246579429975,6.544563491236479,Ball_007_1
0.4842,-0.37551,0.021094397490234375,0.12643150884601356,0.12817917160972608,0.2606517026466472,0.2616378829467161,3.777524773656243,6.07645539971507,Ball_007_1
0.3488,-0.28601,0.021538961328125,0.12362856081097699,0.12549082796478753,0.0463671556294448,-0.4958554655367813,2.7794859821817943,5.82622440454919,Ball_007_1
0.38656,-0.3342,0.01975751475585938,0.13213896605059117,0.13360788052449332,0.07156622439761318,-0.5164532027912614,2.8932424913056862,6.762382587743602,Ball_007_1
0.39992,-0.32377,0.0202418587890625,0.12299118399298936,0.12464575479026034,0.22218242888412224,-0.14566706706078492,3.2084526060633767,6.157821271818685,Ball_007_1
0.60165,-0.40805,0.0212,0.16041304386831517,0.16180786335372582,0.11378716817954178,-0.11830993834466463,3.7182988750456634,7.63244602458867,Ball_007_1
0.42015,-0.40617,0.017952306005859373,0.13385540020796552,0.13505389093159303,-0.05487157767734362,-0.21045022463546337,3.1109803204546873,7.522926768549212,Ball_007_1
0.47918999999999995,-0.43225,0.01790614631835938,0.1611473565775866,0.1621391396545521,0.0002974457238688674,-0.20397216093540793,2.9554245696968704,9.054942795444834,Ball_007_1
0.47981999999999997,-0.47063999999999995,0.019124271357421875,0.1471644613473249,0.14840187478128633,-0.144302673604799,0.10451672269879353,3.233247541339406,7.7598703891964576,Ball_007_1
0.45748999999999995,-0.37968,0.015830317861328127,0.1491150974446282,0.14995303014448105,-0.0035424629745996195,-0.1086217303213548,3.0508886449864714,9.472521144902595,Ball_007_1
0.34734,-0.33921,0.018895759541015626,0.12108946557361704,0.12255491994014793,-0.04986024492400666,-0.035848501980470626,2.8341579214891763,6.485842137665063,Ball_007_1
0.44852,-0.37696999999999997,0.01585972451171875,0.1534851377995051,0.15430236027657088,0.054346971657902046,-0.11400908082297345,2.906760442868886,9.729194881875912,Ball_007_1
0.38051,-0.34234000000000003,0.018193499521484375,0.13358389764913195,0.13481713962242342,-0.18614582941766783,0.10834861514814831,2.8224155937684365,7.410181425131481,Ball_007_1
0.48128000000000004,-0.44998,0.017465297099609374,0.1407611500159114,0.14184053707096408,-0.10683490847382796,0.22544850317515852,3.3931061355619745,8.121277762452648,Ball_007_1
0.42182,-0.36946,0.014752444531249999,0.12754386234213416,0.12839420329904647,0.01499456051628737,0.2649553843461945,3.2853507859087427,8.703248761506691,Ball_007_1
0.4406,-0.4068,0.015806995732421874,0.13409289710040548,0.13502135448463232,-0.04034726020301206,0.4343045350838004,3.2631875040696627,8.541872739663999,Ball_007_1
0.35798,-0.32398000000000005,0.017141869033203125,0.117003162867483,0.11825220418641777,0.09151163092158396,0.026324354863584976,3.0272585567065344,6.898442466158472,Ball_007_1
0.3826,-0.37739,0.017170653173828127,0.13947227333782317,0.14052525168252272,0.1016805848462596,-0.2599749094375241,2.7226423201271666,8.184035987208588,Ball_007_1
0.44185,-0.40701,0.019004134296875,0.15277566237947804,0.1539531101857378,-0.11042726062954729,-0.49050477717279906,2.870029690188768,8.101032105946622,Ball_007_1
0.41494,-0.3342,0.017442441298828125,0.13000269585932617,0.13116760152246254,0.06311687371475684,-0.18094258695053833,3.1634335919873293,7.520024964123005,Ball_007_1
0.39637,-0.30812,0.020765198701171876,0.12479249102305849,0.12650833685113122,-0.03422297163951146,-0.20936548559327317,3.1331531718204113,6.092324594595244,Ball_007_1
0.4965,-0.42453,0.016323943935546877,0.14757158008774243,0.1484716888676217,0.10693954036255897,0.7201413392832428,3.344071859373882,9.095331395311868,Ball_007_1
0.40284000000000003,-0.34004,0.017120126152343748,0.13094962301791452,0.13206400905623794,0.016165831743847774,-0.2023874966091439,3.0503389971912505,7.713961928031496,Ball_007_1
0.42328000000000005,-0.5449,0.018533480244140626,0.13925023304702924,0.14047817372678184,-0.10465623965146562,0.5007566109498622,3.8788943624857346,7.579697083147513,Ball_007_1
0.33086,-0.34401,0.016856649267578124,0.12904576563182335,0.13014206180952267,-0.23078502749785887,-0.38159454310843754,2.643342149136646,7.720517406701872,Ball_007_1
0.40346,-0.36195,0.017080959169921875,0.13511148192375916,0.13618689993460764,-0.024985732775307964,-0.056995783083404916,2.962546303874907,7.973023681328011,Ball_007_1
0.42182,-0.4285,0.016236760664062502,0.13207382099989243,0.13306812762781955,-0.17542689374597617,0.08504959625663178,3.2201550019424916,8.195484443326206,Ball_007_1
0.35465,-0.29665,0.016385467587890626,0.12579433726682462,0.12685700152720555,0.10963061324023862,-0.40271773245130094,2.7956675069942816,7.742042947795637,Ball_007_1
0.42933000000000004,-0.41827,0.016512070205078125,0.15060086373355905,0.15150336174405982,0.01235319432486967,-0.5503570907603459,2.833798486211048,9.17530937593501,Ball_007_1
0.5561699999999999,-0.39053000000000004,0.014931148037109373,0.1403295428695269,0.1411216488837785,0.09091228429724615,0.506260675149071,3.9410678691613703,9.451492884642672,Ball_007_1
0.42391,-0.34734,0.013858791142578125,0.12899564996362295,0.1297379813372751,0.03251995104424085,-0.2404152790246652,3.267431729421972,9.361420533805639,Ball_007_1
0.44143000000000004,-0.55095,0.012861404394531251,0.15772245960783793,0.15824597937308152,-0.2233621515202225,0.46451651983396713,3.481605022137545,12.303941483748634,Ball_007_1
0.46521,-0.37739,0.014192782646484374,0.14695630457449327,0.14764007089351314,0.12400013388629239,0.034599167014063514,3.150973811063553,10.402474565310825,Ball_007_1
0.33629000000000003,-0.38469000000000003,0.013958959228515627,0.1274730704147431,0.12823508187584787,-0.09331867344880836,-0.3916540624938709,2.9998810884884106,9.186578353729157,Ball_007_1
0.35778000000000004,-0.37509000000000003,0.01330429103515625,0.13414129708108177,0.13479945008249541,-0.01889357586587845,-0.5636080943879218,2.7825780964823816,10.132027298129907,Ball_007_1
0.44414,-0.3438,0.013095126533203126,0.13225617255903946,0.1329028875490936,0.035712878298838714,0.3379977130760623,3.3418385773905666,10.149033463944049,Ball_007_1
0.5038100000000001,-0.38802,0.015247413349609376,0.14023611576307343,0.1410625810701335,0.13694104509574442,0.20886718386277492,3.5715353611598846,9.251573928254098,Ball_007_1
0.39282,-0.38906999999999997,0.01200962580078125,0.12971813923154307,0.13027289341059706,-0.2275211481295062,0.043603308637663485,3.0153624956078815,10.847372326517469,Ball_007_1
0.39511999999999997,-0.39115,0.013619988906249998,0.14005229842428588,0.14071300718743668,-0.07773487537212108,-0.3862400705124518,2.807984884195501,10.331359138736637,Ball_007_1
0.34985,-0.40534000000000003,0.01351401357421875,0.12116259498637591,0.12191391629636354,-0.09923483486683825,0.22604969209699544,3.324804985263898,9.021295309903232,Ball_007_1
0.373,-0.3922,0.014757112480468751,0.12758873886346794,0.12843931895463873,-0.023757026046460093,0.16896877059938387,3.0535820349914213,8.703552976307323,Ball_007_1
0.44936000000000004,-0.36383000000000004,0.012730198310546876,0.1506345307865715,0.15117149140732988,0.12357918110224708,-0.010820904057740943,2.972518117299554,11.875029425665428,Ball_007_1
0.41306000000000004,-0.4456,0.01547644330078125,0.15766813578323904,0.158425885948617,-0.12201361023201614,-0.43467060997802465,2.8126716446569335,10.236581663697757,Ball_007_1
0.42391,-0.44435,0.01437748439453125,0.14941337496341586,0.1501035265257725,-0.01879258303489196,-0.3277600593755112,2.960290189873825,10.440179378159357,Ball_007_1
0.3486,-0.40409,0.01597495513671875,0.14291682061207356,0.14380687329013098,-0.14204637789166824,-0.6067316819666897,2.8099491209630685,9.002019915384185,Ball_007_1
0.49066000000000004,-0.37384,0.017623082763671874,0.13908071560928875,0.14019279047257419,0.06610209131119181,0.16080767445034683,3.4998946439837995,7.955065773537706,Ball_007_1
0.35423000000000004,-0.3609,0.014746500078125,0.14459665267453764,0.14534665881689546,-0.049702667021383436,-0.6756542993755028,2.4830291969189653,9.856348841455217,Ball_007_1
0.42891,-0.40284000000000003,0.018858867880859373,0.12474126010382404,0.12615878435542088,0.061877603003810976,0.2608777624746921,3.399763233227501,6.689626252371081,Ball_007_1
0.38552,-0.3584,0.01655011376953125,0.13552475503277583,0.13653155493320338,-0.07335880499042774,-0.4679399673982507,2.823669571220675,8.24958357295249,Ball_007_1
0.39345,-0.43288000000000004,0.018342222216796877,0.1388810860285853,0.14008709138364486,-0.18239388048729924,0.19507592273360697,3.090077698340027,7.637410674152096,Ball_007_1
0.35569,-0.36153,0.01896855170898438,0.13109666565410957,0.1324618499778778,-0.0920841851133269,-0.3096967684469627,2.729314118223959,6.983234409609848,Ball_007_1
0.41618999999999995,-0.30333000000000004,0.018662711591796874,0.1213196013065158,0.12274665969031717,0.23849863771871388,0.45022991665314605,3.3906421377117835,6.577107110585308,Ball_007_1
0.43601,-0.40868000000000004,0.016705692783203125,0.14516052012855876,0.14611863938375716,0.06347873448547056,-0.22422771681351739,2.983945093212541,8.74663700173131,Ball_007_1
0.40721999999999997,-0.36988000000000004,0.01595013356445313,0.14289272559963456,0.14378017175541402,0.03620585337189354,-0.4497842214983101,2.832240302650952,9.014354780168823,Ball_007_1
0.5038100000000001,-0.41786,0.017341532041015628,0.14679992365070438,0.14782065592258142,0.053916236623804174,-0.18349618564103132,3.4082516644738097,8.524082361862751,Ball_007_1
0.46708999999999995,-0.55179,0.015938551542968752,0.1331163158809627,0.13406711371178284,-0.15483985428873434,1.2004083697726067,4.115774410348405,8.41149868222671,Ball_007_1
0.42745,-0.41598,0.015597426093749998,0.14416297484035825,0.14500428619724232,0.024315079698477873,-0.11592878454214173,2.9478438759438914,9.296679851470284,Ball_007_1
0.45624,-0.45248999999999995,0.019671129384765625,0.15472472502162687,0.15597016978990003,-0.04995062619897123,-0.07221784479512872,2.9251747157126546,7.928886990179866,Ball_007_1
0.3851,-0.30395,0.01678668748046875,0.11835654818793868,0.1195410614622891,0.0680744289331841,-0.24191144120059382,3.221487178278051,7.121181857956957,Ball_007_1
0.54073,-0.48086,0.017100627275390627,0.14441349163596065,0.1454224467532489,0.07306530537996626,0.8353739141596552,3.718339282237254,8.50392420742372,Ball_007_1
0.45979,-0.37217,0.0192695580859375,0.15001228844302725,0.151244843061644,-0.010701259257682475,-0.2519438722096048,3.040037515676236,7.848900039026797,Ball_007_1
0.44665,-0.41577,0.016628210009765623,0.14484906562795966,0.14580037442140484,-0.04289937983044174,0.2939557840643805,3.0634351846423824,8.76825380287617,Ball_007_1
0.47815,-0.3947,0.01806117337890625,0.13239871906248482,0.13362494824399257,0.1695483730509685,0.5606898578335793,3.578298833453038,7.398463989144245,Ball_007_1
0.38051,-0.33816999999999997,0.018539876533203124,0.13347778978508756,0.13475922004738095,0.03569583862042313,-0.20368365275868028,2.8236286692857466,7.268614358754002,Ball_007_1
0.43726000000000004,-0.41848,0.01774233071289063,0.14915114647108588,0.1502027123349139,-0.15834966697630284,0.04359628062331522,2.911132497487055,8.465781993343334,Ball_007_1
0.44038999999999995,-0.42808,0.018835825830078125,0.15402626300037814,0.15517370276101133,-0.04764616571117676,-0.07803193541554565,2.8380452958592817,8.238220926581311,Ball_007_1
0.35173000000000004,-0.47668999999999995,0.017895893662109377,0.1300091574078727,0.13123507160767103,-0.20373857950869997,0.2324094771800218,3.632336924330213,7.333250116046584,Ball_007_1
0.48962,-0.45332,0.020040299726562502,0.14444987492817615,0.14583339802629638,0.009042684959457665,0.28118361314694873,3.357392773322884,7.277006468919945,Ball_007_1
0.46103999999999995,-0.49108,0.015885755283203126,0.15978414318324932,0.1605718830733542,-0.1126829867641339,0.017451849320914814,3.058318726431954,10.10791555723007,Ball_007_1
0.36383000000000004,-0.33963000000000004,0.018502519697265622,0.13392003186823168,0.1351921527705506,-0.08180365091596084,-0.3411364553336096,2.6912064779846303,7.306688368711289,Ball_007_1
0.38531,-0.27683,0.0188293828125,0.1291103829478352,0.13047619185903736,0.0780991440028562,-0.6560879642542536,2.9531057854843876,6.929392547217608,Ball_007_1
0.37426,-0.35402,0.0170232935546875,0.14122895880493339,0.14225122610569876,-0.044590679990228047,-0.6208620341333053,2.6309790615859416,8.356268855521199,Ball_007_1
0.35569,-0.35569,0.018564764619140625,0.14663247578332964,0.1478030224309126,-0.1016092986185161,-0.6313559342120181,2.4065136946691745,7.96148065982179,Ball_007_1
0.3972,-0.31835,0.02112267744140625,0.13255043625176463,0.1342228954121718,-0.05618489968220962,-0.4931701438569678,2.9592566590150002,6.354444858141573,Ball_007_1
0.39178,-0.39846,0.01770088244140625,0.13346896179971898,0.13463760619938,-0.0745519030294986,-0.03420791490283159,2.9595000110922562,7.606264774583686,Ball_007_1
0.35694000000000004,-0.3972,0.018870692060546874,0.11738949176745599,0.11889657604937832,-0.05745402860459785,0.5412872680642322,3.3407185459598296,6.300594030537037,Ball_007_1
0.5038100000000001,-0.5021399999999999,0.0177773365625,0.16505004149111527,0.16600466828217594,-0.0750762661102543,-0.12856880012404703,3.0349146332963697,9.337993819296694,Ball_007_1
0.40805,-0.31626,0.017938932431640624,0.11507483056825235,0.11646468102862323,0.11471815566031919,-0.06507557800720054,3.5036372648981655,6.492285702069849,Ball_007_1
0.4383,-0.39136,0.020182368076171874,0.14561144695843778,0.14700347433476535,-0.010370193160973,-0.03867407191513639,2.981562163764335,7.283757113941774,Ball_007_1
0.36654000000000003,-0.36383000000000004,0.01617597724609375,0.1349971193172633,0.13596280544261202,0.034280213755292985,-0.35437125070160125,2.6958843347699752,8.405229246363815,Ball_007_1
0.45666,-0.35631999999999997,0.017938061806640627,0.13600623300856285,0.13718407151910295,0.0727789204873495,-0.07848487686565253,3.328812096144834,7.647652536277091,Ball_007_1
0.43309,-0.34943,0.018035617626953125,0.140800180997026,0.14195060574714338,0.12936648197852677,-0.050197624101364635,3.050990833533126,7.870570379826447,Ball_007_1
0.39825,-0.34922,0.01940756368164062,0.13666301520693389,0.13803417422329725,0.016185998640019465,-0.5615732818779855,2.8851550665315515,7.112390270886296,Ball_007_1
0.5787,-0.43121000000000004,0.01969882380859375,0.16416524183134804,0.16534288701056057,0.086498374598842,0.04217888720882845,3.499999346588394,8.393540661290036,Ball_007_1
0.40909,-0.41306000000000004,0.018676776376953128,0.1585339380381403,0.15963029626520034,-0.026642413071436055,-0.6414842330642601,2.5876040267830023,8.546993576214161,Ball_007_1
0.39616,-0.31939,0.019440002001953123,0.12149698432817248,0.1230423946397181,0.07130723998520665,-0.13805225772710994,3.2197032408244133,6.3293403106653905,Ball_007_1
0.45645,-0.38156,0.01815139994140625,0.1378755444121893,0.13906523313463529,0.07197678366283597,0.31139722784042023,3.282272545258079,7.6614049562094815,Ball_007_1
0.39846,-0.41139,0.019305642138671877,0.13529184042500955,0.13666232071779225,0.0178755097012829,-0.004389350326101216,3.0102664350275017,7.0788794621422735,Ball_007_1
0.45374,-0.47877,0.01779554232421875,0.15394696053845477,0.15497208776306015,-0.049995564789656916,0.20587541571018564,3.089395024751849,8.708477450764413,Ball_007_1
0.44038999999999995,-0.36424,0.019255778691406253,0.14350868047269683,0.1447947733311773,-0.05117387227358716,-0.2862300595861065,3.0414771667983804,7.519548709616697,Ball_007_1
0.45748999999999995,-0.4408,0.0173949529296875,0.14086920141642337,0.14193912883742418,-0.03584814195011805,0.2565950252243967,3.2231422055637857,8.15978756892138,Ball_007_1
0.46146000000000004,-0.494,0.020728564267578124,0.16035862345730595,0.161692799758422,-0.061641124707117356,-0.11355041307865488,3.055176221098819,7.800481976016365,Ball_007_1
0.40325,-0.49066000000000004,0.02123640537109375,0.1644874606684736,0.1658526744742094,-0.13191639423979618,-0.44215510902837485,2.9584087118106166,7.809827688170548,Ball_007_1
0.32273,-0.35339,0.016869584609375002,0.12122744125077903,0.12239556935242363,-0.08577531795896275,-0.35647158514780086,2.8872776929953847,7.2553986912638955,Ball_007_1
0.42954,-0.3463,0.019839282177734376,0.14359768564551226,0.14496169300913647,0.019359771611273523,-0.2894919125198454,2.9631276244117806,7.306800941872082,Ball_007_1
0.32711,-0.30708,0.018590743779296877,0.12595849229543807,0.12732304400856667,0.019449031023458813,-0.679999557159106,2.569134283412646,6.84873282486008,Ball_007_1
0.49776000000000004,-0.46187,0.015275236181640625,0.1593247469385826,0.160055327394774,-0.03356608314906019,-0.24501370205484463,3.109924580406862,10.478091141337249,Ball_007_1
0.40826,-0.36946,0.01760026068359375,0.13347191333259004,0.1346273405545578,0.17648816682880752,-0.04544071280080564,3.0325192140450343,7.649166982559807,Ball_007_1
0.45603,-0.35277,0.017076635898437498,0.14417086961914508,0.14517868693561162,0.028579405294051768,-0.3790632628324082,3.1411635308500268,8.501597111835023,Ball_007_1
0.38218,-0.37405,0.016371193535156252,0.1438019482416432,0.14473084085936133,-0.12222963589139178,-0.43479344152456756,2.640625834066343,8.840579137249863,Ball_007_1
0.5142399999999999,-0.47272,0.019101090224609374,0.1495012909705546,0.15071658053986992,-0.0237985206864811,-0.12361493070706286,3.4119669829690578,7.890469647393255,Ball_007_1
0.31897,-0.3415,0.016691230244140626,0.1121124985245522,0.11334817816127718,0.018050465795519437,-0.14500943799625254,3.0128406342910687,6.790881781178816,Ball_007_1
0.44143000000000004,-0.4577,0.017698683994140624,0.1496316655418878,0.1506747448909864,0.04876211835110007,0.1515855527663592,3.037668968966752,8.513329941793371,Ball_007_1
0.6755,-0.5252899999999999,0.01820913607421875,0.1700563969595584,0.17102850868623135,0.08603414343430933,0.08921046352257944,3.9496339016183404,9.392455446358333,Ball_007_1
0.45979,-0.51862,0.016985002578125,0.14427372202027253,0.14527008356217663,0.03193079552815519,0.49474967056766905,3.5700399126430393,8.552843859819383,Ball_007_1
0.50652,-0.33441,0.0205227414453125,0.12287499072257374,0.1245770695654049,0.1695742357197318,0.4148068758699264,4.065916767035143,6.070196022649934,Ball_007_1
0.36737,-0.33149,0.014650059052734376,0.13076466058833683,0.13158275224751736,-0.035609262808019335,-0.42326204361133213,2.7919312442790165,8.981721015058772,Ball_007_1
0.44852,-0.30791999999999997,0.020240696679687503,0.12145952870288912,0.12313449116639522,-0.024608209297837382,0.21316165135520704,3.642521214883494,6.083510218620898,Ball_007_1
0.48545,-0.5340600000000001,0.01798938567382813,0.16292066818506692,0.1639108358797258,0.04002106110205124,-0.18612334079122217,3.258234843812564,9.111529973292063,Ball_007_1
0.45416000000000006,-0.37113,0.018112443603515625,0.12033773816772945,0.12169318732211572,-0.0020569899897946247,0.3670757010522503,3.7320083914463766,6.718761049985217,Ball_007_1
0.4746,-0.39595,0.019180933857421874,0.14558086081103383,0.14683901136320826,0.08664086900645486,0.0004416652028988999,3.232111087931255,7.655466871386112,Ball_007_1
0.54824,-0.45228,0.01790741935546875,0.15731142415374255,0.15832738183034328,0.08519641400646681,0.08913510591596063,3.462698556619672,8.841439955475868,Ball_007_1
0.41577,-0.36153,0.018560868349609377,0.12360775908996881,0.12499353559738718,0.01881670240387601,0.11375956426846123,3.3263319953832804,6.734250063562769,Ball_007_1
0.39679000000000003,-0.37551,0.017095006376953124,0.12558474797601515,0.12674292156656053,-0.02229153705104539,-0.0015101047842422943,3.1306679060649016,7.414031405299701,Ball_007_1
0.39407,-0.35423000000000004,0.017709103837890622,0.12810474563893243,0.1293229995552097,-0.03668815626567659,-0.2120125973251814,3.04717643658265,7.30262770134539,Ball_007_1
0.34276,-0.38636,0.017714606220703123,0.1291499466037878,0.13035918065604668,-0.14734945186109158,-0.3910528228323611,2.9638111799398423,7.358852444873599,Ball_007_1
0.40993,-0.39825,0.018241403935546876,0.16155693091801557,0.16258348853800697,-0.034164652613927156,-0.525318583769141,2.52135072979948,8.912881936038922,Ball_007_1
0.53864,-0.37592,0.021710906845703128,0.1391078149486905,0.14079185933803817,0.12714230891952508,0.22370745919656754,3.8257893510799357,6.484844408102571,Ball_007_1
0.40555,-0.35611,0.019167654970703125,0.14050931331077454,0.14181066999397937,0.0701134095620393,-0.14433657194838379,2.859798893534731,7.398435688262061,Ball_007_1
0.36904000000000003,-0.36028000000000004,0.020368826767578126,0.1287831409157812,0.13038399628797073,-0.059166128467138625,-0.16512456728851976,2.830408697970236,6.4011536537958325,Ball_007_1
0.42536999999999997,-0.38281,0.022256607763671873,0.13796462040140833,0.13974832046092947,0.013623749657960241,0.3349727827048832,3.0438290460535082,6.278958395900469,Ball_007_1
0.51862,-0.36612,0.02034715267578125,0.12494352283490823,0.12658945659259616,0.10065654799859627,0.26990518777018657,4.09686564634062,6.221482307044876,Ball_007_1
0.52362,-0.51841,0.021800461748046875,0.1567430042429865,0.15825179149553076,-0.0653164623351404,0.2778211686973844,3.308777687398313,7.2591024018381765,Ball_007_1
0.42265,-0.31021,0.02259604498046875,0.15453407578427666,0.15617734095335317,0.07730936172223463,-0.6630349145782204,2.7062184226841084,6.911711061676345,Ball_007_1
0.54574,-0.5351,0.020858062070312502,0.16068453258665635,0.16203264413667154,-0.07203133642972684,0.6413215272035986,3.368086718202239,7.768345679580109,Ball_007_1
0.44852,-0.43183,0.02177499833007813,0.15532797646697868,0.15684683874914787,0.00043092455921751546,-0.13753867743721804,2.8596049542173625,7.203069739363575,Ball_007_1
0.48649,-0.31605,0.023227311025390624,0.12350778451617549,0.12567291201195374,0.11511913461375582,0.18240984387927428,3.871080794902288,5.410566314112287,Ball_007_1
0.44498000000000004,-0.46103999999999995,0.021396494169921877,0.1510264236476112,0.1525345554376163,-0.011530682163827723,-0.045816060636161726,3.0225282110978995,7.12895052326335,Ball_007_1
0.46353999999999995,-0.44498000000000004,0.023027073203124998,0.16024355192015996,0.1618895982831852,-0.024170411260475415,-0.08389674183623175,2.8633093296447854,7.03040242347485,Ball_007_1
0.46458999999999995,-0.29895,0.02441392701171875,0.12630011229691873,0.12863808999805545,0.31993117643093,0.20983661573629808,3.6116052126972473,5.269045191593456,Ball_007_1
0.47502,-0.48273999999999995,0.021606078349609377,0.1599450567469806,0.161397781271752,-0.0830445111513641,0.15942428494827787,2.990995249161423,7.4700170567812885,Ball_007_1
0.33816999999999997,-0.34421999999999997,0.022813679462890625,0.12343178498662029,0.12552238651180425,-0.07282518761236945,-0.06956905524023416,2.7422996552517707,5.502066477874208,Ball_007_1
0.59706,-0.47063999999999995,0.02433732915039063,0.1679997381926893,0.16975340239001574,-0.005800338031444255,0.14648315994176997,3.517219614314471,6.975021554995469,Ball_007_1
0.41306000000000004,-0.3365,0.020852507265625,0.13753511808676708,0.1391069220650213,0.06187158173746811,-0.24125487656230593,2.9693705453245323,6.6709922994892965,Ball_007_1
0.46292,-0.44247,0.019911609970703126,0.13406941498728364,0.13553995811810582,0.10095858911772956,0.34079280994810324,3.4153765650513748,6.807081472088423,Ball_007_1
0.5100600000000001,-0.4383,0.021452983603515628,0.1374832611085887,0.13914696400045917,0.1834555470069992,0.2229031203481715,3.665620734151959,6.486135452577369,Ball_007_1
0.39825,-0.39658000000000004,0.018529516572265627,0.12640630920481527,0.12775718371655362,0.04813515781397764,0.15178862228370793,3.117241514702839,6.8947927660985835,Ball_007_1
0.31271,-0.32606999999999997,0.022404587822265624,0.11433149244766438,0.11650603298025365,-0.1183295811491503,-0.21383416681340695,2.798739162773877,5.200096904455138,Ball_007_1
0.30291,-0.29477,0.019901517890624998,0.11727612765849797,0.11895276597424366,-0.06254811884473176,-0.38210410700699793,2.5464729211854973,5.97706972156174,Ball_007_1
0.36779,-0.4285,0.020682896328125,0.14005429268797231,0.14157325701151394,-0.10749475278618938,-0.10818408021809045,3.0267015538001587,6.844943180131728,Ball_007_1
0.42599,-0.37259000000000003,0.019548485615234375,0.16175813721100082,0.16293507370674368,0.028339229890777844,-0.27288384809344235,2.614476967385395,8.334920084287567,Ball_007_1
0.40784000000000004,-0.29728000000000004,0.018823548173828124,0.1186491950407297,0.12013308224492346,0.04193452654790271,-0.018061401734135174,3.394901628958519,6.38206329399102,Ball_007_1
0.46021000000000006,-0.31897,0.01964209470703125,0.1328893628450914,0.13433314796376336,0.1727455433600026,-0.15249280065731874,3.425885595253504,6.83904355051464,Ball_007_1
0.40116999999999997,-0.36424,0.017307768007812502,0.1211701299551021,0.12239999684129321,-0.07704914637703361,0.3232290748797024,3.2775327375427463,7.071968477626634,Ball_007_1
0.38969000000000004,-0.36967,0.0200467996484375,0.1376998442145526,0.1391514328810762,-0.029417550147813953,-0.4073402950731757,2.8004741965723694,6.941328709821936,Ball_007_1
0.34672,-0.3849,0.01923993515625,0.1206729868501221,0.12219715569581169,-0.13684819393607972,-0.05008332633023782,3.149827789840813,6.351224593649005,Ball_007_1
0.33232,-0.30061,0.018030049765625,0.11893050680958357,0.1202894348832653,-0.05688388621129589,-0.499930082057523,2.7626698683872744,6.671608219351319,Ball_007_1
0.38594,-0.37905,0.018990754326171876,0.1545717796170879,0.15573401620670613,0.0004801995003780654,-0.5824695191489186,2.4781997338946247,8.200517227036421,Ball_007_1
0.41513999999999995,-0.35778000000000004,0.01876718544921875,0.14106043613711247,0.14230338679342017,0.04997383719369688,-0.16900147188182313,2.9172882419542456,7.582563703860044,Ball_007_1
0.49421000000000004,-0.40763,0.01704331833984375,0.14471774425911874,0.1457178788051794,0.14197918889933747,0.13009382316520934,3.3915536011143215,8.549853223985611,Ball_007_1
0.50235,-0.40158,0.016716124326171873,0.13321018277201455,0.13425491278400786,0.06938163061461503,0.09133127465701518,3.741762486311609,8.031461248607025,Ball_007_1
0.40242,-0.36383000000000004,0.018053497568359375,0.1327091442235371,0.1339314964263236,-0.0808449458290583,-0.15379913231336273,3.004670355614991,7.418589583575364,Ball_007_1
0.51904,-0.5739,0.01807842052734375,0.1639705755813412,0.16496417473269706,-0.05822612059370031,0.21613004971833938,3.478937153785014,9.12492135904606,Ball_007_1
0.46166999999999997,-0.37384,0.017042567011718752,0.1419986982846731,0.14301775905421868,0.007803329217911106,-0.1806544559756964,3.228060625652218,8.39179629242948,Ball_007_1
0.44727,-0.4164,0.01623521396484375,0.13532119801988943,0.1362916314599777,-0.06548948493220791,0.11220969768816236,3.281712838323671,8.394815329215408,Ball_007_1
0.44665,-0.45498999999999995,0.016564556416015626,0.16470537300900376,0.16553623297421755,0.027102321025375478,-0.356742927103447,2.748582525266735,9.993399087992959,Ball_007_1
0.63377,-0.5273800000000001,0.014806958232421875,0.15068580023124406,0.1514115464666651,-0.08118573957496947,1.4319572494876605,4.1857441562674165,10.225701583288531,Ball_007_1
0.48691,-0.44206000000000006,0.018419447763671874,0.14844171482776952,0.14958014158613264,0.07384763487332184,0.2534126667030896,3.2551780709770544,8.120771881140389,Ball_007_1
0.40576,-0.3607,0.016242651494140625,0.1461894376175219,0.14708900502242658,0.05330947996072693,-0.722166666677118,2.758601821934496,9.05572566275659,Ball_007_1
0.48482,-0.46563000000000004,0.01768077310546875,0.12685286534944756,0.1280791129926037,0.02898615194583498,0.5317673174310142,3.7853166288142606,7.243976549250081,Ball_007_1
0.48044,-0.3801,0.018011613662109377,0.14910258289335074,0.1501865455098479,-0.049200815687050925,-0.2900094507387907,3.198954974096145,8.338316598888378,Ball_007_1
0.38031,-0.42118999999999995,0.019556653994140624,0.14478284015813014,0.14609768485400856,-0.11725457639092561,-0.12519615515553362,2.8829340967172037,7.470484338849406,Ball_007_1
0.39032,-0.29853,0.0181925075,0.1067241724601984,0.10826364263431988,0.11778251145145674,-0.21042644772303642,3.6052730805770468,5.951001349501631,Ball_007_1
0.37321,-0.32189,0.020272465791015624,0.12349883744953051,0.12515165089056338,0.0529164858266053,-0.30800097264054216,2.9820621171372697,6.173479141967481,Ball_007_1
0.50902,-0.48065,0.019965033105468752,0.16736505560170126,0.1685516668071337,-0.08634827637141838,-0.01024960221312421,3.019964184409313,8.442343044180658,Ball_007_1
0.50673,-0.42745,0.020049265654296877,0.15089490878772813,0.15222104503429662,0.03699402393709391,0.019111508160083446,3.3289089334324355,7.592349768148414,Ball_007_1
0.38469000000000003,-0.34338,0.0197416412890625,0.13038645056169332,0.1318725099892427,0.05731616618579563,-0.23650694515320536,2.917135626782602,6.679915888370861,Ball_007_1
0.46918000000000004,-0.40555,0.02227202916992188,0.13909855887459446,0.14087033883800687,0.018845314708959247,-0.11196179435719378,3.3305804510696233,6.324988685955115,Ball_007_1
0.42078000000000004,-0.34067,0.0189442242578125,0.13784629450480484,0.13914195823487494,0.11389385449820481,-0.25428069945303955,3.0241057572699073,7.344821777680959,Ball_007_1
0.40721999999999997,-0.37446,0.021322578447265626,0.1338509794003305,0.1355386920331884,-0.16274971864473203,-0.02694563042470044,3.0044557084543144,6.35658046759299,Ball_007_1
0.42536999999999997,-0.35778000000000004,0.019223550048828125,0.1385993461674347,0.13992613635243487,0.027359042723590462,-0.23548321397179928,3.0399609969123333,7.2788911890950985,Ball_007_1
0.48461000000000004,-0.38698,0.017521263232421876,0.16283307163248315,0.16377302550337525,-0.02314076223808045,-0.35360897843357497,2.959034282669329,9.347100947220733,Ball_007_1
0.55179,-0.45019,0.019941473183593753,0.16224738911090902,0.16346827712445836,0.10836841599620237,0.02103696844720515,3.375517295042948,8.197401837971787,Ball_007_1
0.37509000000000003,-0.35715,0.019218084921875,0.1309577352845765,0.13236035365217794,-0.10678424147511331,-0.4372838161683412,2.8338546008408425,6.887280772406094,Ball_007_1
0.38719000000000003,-0.32565,0.01858832861328125,0.1190101224762612,0.12045304152428041,0.07727877775811155,-0.057412447455272186,3.2144476543375973,6.480035809038884,Ball_007_1
0.43601,-0.38156,0.019242699511718753,0.14493455576653472,0.14620638474342038,-0.010739699915309016,-0.1166191497868434,2.9821542867844366,7.598017994115799,Ball_007_1
0.37446,-0.33545,0.019304424472656248,0.12207191728564822,0.12358889025318834,0.019792130356901957,0.1148173702707882,3.02988396613146,6.402101447061754,Ball_007_1
0.36904000000000003,-0.33066,0.01956449125,0.12735681310716013,0.12885079418724374,-0.02710162545547251,-0.02291128729890879,2.864087873603865,6.585951352110543,Ball_007_1
0.44519,-0.43955,0.019996748623046873,0.13283717464313172,0.1343338562040977,0.2475012674006397,0.15733380080770853,3.314056554808879,6.717784576813113,Ball_007_1
0.4335,-0.38281,0.021057619306640622,0.16137587511980278,0.16274395964688088,0.038497495320702596,-0.6228357876221673,2.6636933148050947,7.7285067009950215,Ball_007_1
0.62939,-0.5403100000000001,0.018396679150390623,0.14712122534630243,0.14826696446329476,-0.038857736853729244,1.6410747872653717,4.244977956035749,8.05944133676459,Ball_007_1
0.46375,-0.42057,0.018223697177734373,0.14827439698377493,0.1493900931779877,0.06557134707689945,0.04168996889256382,3.1042888255192795,8.19757283735701,Ball_007_1
0.37217,-0.32148000000000004,0.020481595087890627,0.12067447652210007,0.1224002656093,0.22509652271853142,-0.1571956264990897,3.040597952192062,5.976109727193914,Ball_007_1
0.50673,-0.47063999999999995,0.017011380634765625,0.16525310248073316,0.16612638246410044,0.0572431519504381,0.05040245719600822,3.05026805154946,9.765601996994365,Ball_007_1
0.49338000000000004,-0.35089000000000004,0.019651990048828123,0.14527264928072897,0.14659585035709888,0.08430627026408175,-0.20206054747415791,3.3655795538043933,7.459592770669444,Ball_007_1
0.51674,-0.44393,0.020130793906250003,0.1452947325027077,0.14668267844680669,0.11620107903238176,0.017306062996425897,3.5228426556483217,7.286482184628793,Ball_007_1
0.50151,-0.41056000000000004,0.018878614912109376,0.14573911223933816,0.14695676553772585,0.058413703741757125,0.25822069953768656,3.412636327101382,7.784297653063796,Ball_007_1
0.40179000000000004,-0.40972,0.0193144013671875,0.15521854544210356,0.15641560967286858,0.007722078222999522,-0.29410599075630417,2.619431642644022,8.098392417183826,Ball_007_1
0.51883,-0.5232100000000001,0.016922193417968752,0.1461518685108052,0.14712827498232567,-0.08260082448173692,0.8648793757938575,3.556148513986887,8.6943969173465,Ball_007_1
0.48148,-0.41202,0.01903248634765625,0.1693766846632664,0.17044264972152162,-0.04847231935976417,-0.26861670794501036,2.8248797936536905,8.95535337069386,Ball_007_1
0.373,-0.32106,0.01498234048828125,0.13498704606101206,0.13581595315273012,0.057390634563984674,-0.609273834347257,2.7463636531283178,9.065068584837784,Ball_007_1
0.41807,-0.34818000000000005,0.018203949003906247,0.13601829330598875,0.13723104558812776,0.11974598085723528,-0.24560175322894784,3.0464680580244763,7.538531228589422,Ball_007_1
0.39303,-0.33358000000000004,0.020390917275390625,0.13470898495556358,0.13624353245233362,0.09400891325159007,-0.30906304321616496,2.884760766554151,6.681579054571716,Ball_007_1
0.36424,-0.34255,0.01761023258789062,0.12193634242659683,0.12320142814178692,0.05933633850160711,-0.3041324971232635,2.956459211043833,6.99601328550828,Ball_007_1
0.46166999999999997,-0.34985,0.02048877607421875,0.1419844000864484,0.14345507942533134,0.11385614227502026,-0.34429742167308763,3.2182199377755754,7.0016418698723815,Ball_007_1
0.45582,-0.4214,0.02144721822265625,0.1424442298253973,0.14404978923983486,0.022995597746431447,-0.04599057137958651,3.1643225529248267,6.71647861405103,Ball_007_1
0.41202,-0.3778,0.018749523134765626,0.14202748510759514,0.14325973315544488,-0.01379269948303311,-0.34413078294178856,2.8760349335350233,7.640713018940609,Ball_007_1
0.36654000000000003,-0.34359,0.02192419151367188,0.133276951672123,0.13506819026159184,0.09088154485215924,-0.22177782755244335,2.7137403453497626,6.160691673244687,Ball_007_1
0.4552,-0.3657,0.018755302773437503,0.12690732566331606,0.12828573844795949,0.11670320292292936,0.10963733105247586,3.5483289254037222,6.839971242142513,Ball_007_1
0.44977,-0.3463,0.02028967013671875,0.15506451485938993,0.1563862988974252,0.12201342649560903,-0.6483264938615374,2.8760191928257597,7.7076803188992455,Ball_007_1
0.37217,-0.31251,0.018582289042968752,0.12563428801355328,0.1270010857857085,0.10901880449704736,-0.4259194626957439,2.9304473640290176,6.83452284363432,Ball_007_1
0.57891,-0.5207,0.019181197734375,0.14910206125283865,0.1503307786728002,-0.0054447629969439785,0.5644460970757406,3.8509079861091413,7.837402695973818,Ball_007_1
0.41931999999999997,-0.34714,0.021234145996093752,0.14227240669731908,0.14384827654035617,0.08226341051642305,-0.3655553999688106,2.9150157872579396,6.774384512211326,Ball_007_1
0.5928800000000001,-0.5666,0.017394132607421876,0.17006466431639838,0.17095188182121263,0.007604189440784471,0.10867202392456887,3.4681103841368883,9.828134339974797,Ball_007_1
0.56743,-0.49838000000000005,0.022000292236328125,0.13296774789787827,0.1347754979197538,0.08991314331689575,1.1151782655785984,4.210186603262745,6.1260773423330965,Ball_007_1
0.43788,-0.42975,0.016846914169921876,0.12983606055751054,0.13092448639632795,0.013421831875876138,-0.07484854403356067,3.344523310406188,7.771421953265233,Ball_007_1
0.30917,-0.31376,0.018123971611328123,0.12101432448746684,0.12236398603398854,-0.024301009486500533,-0.530161175658713,2.5641531271194045,6.751499169531228,Ball_007_1
0.4214,-0.41076,0.02177830123046875,0.14217322872342367,0.1438315729251682,0.019645734099797214,-0.061348010775450046,2.9298156760715375,6.6043519555873305,Ball_007_1
0.35131,-0.31689,0.01971197736328125,0.12574344877976107,0.12727913011408784,0.06784507981928939,-0.30531307607112623,2.760153977521264,6.456943477128543,Ball_007_1
0.39658000000000004,-0.45708000000000004,0.022253067490234375,0.13097666717929526,0.1328536275685418,-0.09648802441272336,0.8376627053398948,3.4404781030439335,5.970126215485465,Ball_007_1
0.64775,-0.5494899999999999,0.021244704238281252,0.16833197584460738,0.1696672966423451,0.15793181130761783,0.7654509713499573,3.817765762766156,7.986333288193533,Ball_007_1
0.5918399999999999,-0.57891,0.021731734111328123,0.17022662013686723,0.17160818882182388,-0.13680240429712182,0.9787501355624144,3.4487864513604585,7.8966630111541125,Ball_007_1
0.48649,-0.41556000000000004,0.0227551955078125,0.13894854041322122,0.14079948794496144,-0.11966186579837597,0.6754339921189283,3.455197200255244,6.187575128020583,Ball_007_1
0.49922,-0.39783,0.0230122616015625,0.1681212400631149,0.1696888786702837,0.04853766620829762,-0.3473440819942608,2.9419723966002738,7.373845918947669,Ball_007_1
0.37968,-0.3584,0.0235806951171875,0.13941018402381283,0.14139041195131694,-0.009875498667412053,-0.31794394659225356,2.685330582708816,5.996023664808617,Ball_007_1
0.43642,-0.34421999999999997,0.023656684765624998,0.14033045701859642,0.1423104911844109,-0.0518836439596859,-0.09417431528062581,3.066674798893055,6.01565631780928,Ball_007_1
0.40492,-0.3657,0.02224020552734375,0.16052415518456978,0.16205749331523775,0.003603348491810727,-0.7039308429402187,2.4986194048659103,7.286690126550413,Ball_007_1
0.43121000000000004,-0.37551,0.023946321005859375,0.1314002551134026,0.13356441641987937,0.026514686849523846,0.22227901315326504,3.2284796230153727,5.577658915101775,Ball_007_1
0.37989,-0.30061,0.020992895673828123,0.12796241290179847,0.12967297630741184,0.024477191968190343,-0.4857174794517589,2.929600352272364,6.176993023982028,Ball_007_1
0.44998,-0.32586,0.02415216473632812,0.14508223933423414,0.14707883339109923,0.078438710312655,-0.4767780240875865,3.059447689145077,6.089674731317068,Ball_007_1
0.43933999999999995,-0.39971,0.021952415742187502,0.13306841795967156,0.1348670175217339,-0.029622098780474993,-0.026672034583475668,3.257579242245946,6.143606834073557,Ball_007_1
0.4963,-0.37467,0.02221526623046875,0.12658807067483918,0.12852259603224908,0.12554846699722025,0.5954125257330909,3.861577741659451,5.785327482173043,Ball_007_1
0.41118000000000005,-0.33003000000000005,0.0234717919921875,0.13413921808214155,0.13617729196533776,0.0904980814876586,-0.31590379629124143,3.019446128251799,5.801742202253738,Ball_007_1
0.43601,-0.31626,0.023272892148437502,0.14830716600088334,0.15012209363103876,0.048356067073045156,-0.5852088846334227,2.9043692806951547,6.450512734860284,Ball_007_1
0.32773,-0.34672,0.021202596337890622,0.11703659014113497,0.11894163914849813,-0.03409973871952235,-0.40623808074841383,2.9150430376369583,5.609767390900763,Ball_007_1
0.41744,-0.33671,0.022994172441406252,0.14175025944155822,0.14360316158780834,-0.018578837977638766,-0.5942902753862813,2.90689976792642,6.245197808642171,Ball_007_1
0.5686899999999999,-0.39783,0.02421968814453125,0.14042196541488244,0.142495339098501,0.1873798680637893,0.1470945053585453,3.9909375254439095,5.883450371644267,Ball_007_1
0.58517,-0.53969,0.02133942642578125,0.17812295444354176,0.17939664996837984,0.14999463291935325,0.1789600691319393,3.261878060940731,8.406816471169307,Ball_007_1
0.31605,-0.27099,0.0219173555078125,0.1107268463475008,0.11287517430559693,0.003469255239116092,-0.46096973467434665,2.7999956513407835,5.150035966489037,Ball_007_1
0.49004,-0.45645,0.02321681306640625,0.13832535293714426,0.1402601998934337,0.20600451104223305,0.7663664488019504,3.493792229574236,6.041319859488571,Ball_007_1
0.44852,-0.50235,0.0210724374609375,0.13538025603729484,0.13701044246796895,-0.06471119238826183,0.13525276794892616,3.6665088243250747,6.501878874718206,Ball_007_1
0.39887,-0.33608000000000005,0.022552935908203123,0.12639852165731347,0.12839478647995742,0.07948237387761115,0.005364175604998689,3.1065902894404034,5.69304064488633,Ball_007_1
0.397,-0.28518000000000004,0.02252045693359375,0.11786323712894987,0.11999547344384669,0.1265782717098627,-0.14158452831821355,3.3084581051077966,5.328287453020639,Ball_007_1
0.43037,-0.4285,0.019835543398437502,0.15208061152113586,0.153368709920094,-0.040889370894300225,-0.07714796857655948,2.8061134335557223,7.732014147903864,Ball_007_1
0.47523000000000004,-0.44018,0.022367658808593746,0.1384138267049677,0.14020948464241104,0.11332306178335808,0.702515126881258,3.3894283102358864,6.268402051990346,Ball_007_1
0.5219600000000001,-0.45582,0.020203419580078125,0.16205912715214,0.16331362115892895,-0.08607428704804357,0.19906897394140088,3.196059171916803,8.083463912045008,Ball_007_1
0.39053000000000004,-0.33441,0.02281133154296875,0.13789942159781934,0.13977341422379425,-0.008754043389540106,-0.09837314082758786,2.7940220203871675,6.127367349562282,Ball_007_1
0.46751000000000004,-0.43933999999999995,0.022817044755859377,0.15689911962872197,0.15854952308871478,0.005758245522207893,-0.2722110918576055,2.9486685796572276,6.948731434611755,Ball_007_1
0.44456,-0.45624,0.021637149423828127,0.13697772696867544,0.13867611157187115,-0.011695939361988586,-0.22396396433679389,3.289968196675157,6.409167050904851,Ball_007_1
0.59706,-0.5010899999999999,0.023510051572265624,0.16386292128618454,0.16554086956813083,0.016474089397689812,0.11058641212475528,3.606722605426139,7.041280280394453,Ball_007_1
0.3753,-0.37905,0.022353076845703125,0.13136109603372986,0.13324938122052465,0.011067485346035218,-0.21950405499130676,2.844666096632861,5.961120081105021,Ball_007_1
0.397,-0.3728,0.022844799287109377,0.1427381495837782,0.1445547100618633,0.013012867060811907,-0.4301897525593539,2.74636500660363,6.327685435859604,Ball_007_1
0.47272,-0.41326999999999997,0.023179309990234376,0.14931326969076755,0.15110173035862717,0.14179205503998654,-0.006241350347082175,3.128488308833729,6.518818890789615,Ball_007_1
0.62084,-0.47877,0.02172482916015625,0.17078021009283978,0.17215646476793273,0.0832372406916269,0.24216873385280113,3.606254329343015,7.924410156433395,Ball_007_1
0.44998,-0.39762,0.024251727109375,0.14151366833245985,0.14357668540782323,0.029877069921620456,-0.13674865993340557,3.134074279454059,5.92026616661271,Ball_007_1
0.32273,-0.34901,0.021184973945312498,0.12457340145677617,0.12636192255412504,-0.06680436198556099,-0.30288300517093614,2.7619870779389277,5.964695397578677,Ball_007_1
0.40784000000000004,-0.38615,0.022585404990234377,0.13823102377635832,0.14006397271544543,0.09789432999504295,-0.27543929634311537,2.911812289636802,6.201525568148175,Ball_007_1
0.4648,-0.36675,0.023586873994140625,0.13538996717730908,0.13742919572306425,0.11156637995969586,-0.23849518873475972,3.382105193677482,5.826511386404683,Ball_007_1
0.40242,-0.44435,0.02167165572265625,0.1403835255664926,0.14204645336029836,-0.03722822329667536,0.045039884015000364,3.12820198153566,6.554480590853879,Ball_007_1
0.47689,-0.40116999999999997,0.0228872889453125,0.1526094007248437,0.1543160950285554,0.019846032887595014,-0.19106145114342388,3.090345156941723,6.7424363215252825,Ball_007_1
0.51403,-0.39866,0.022108288642578126,0.15526207273091128,0.15682821064911226,0.10621897040879721,0.22994041595375192,3.27766282988734,7.093638322300538,Ball_007_1
0.52008,-0.42118999999999995,0.022467654306640626,0.15664399729942483,0.1582470770029732,0.04298709831724711,-0.025286615375388788,3.2865061811139955,7.04332850238276,Ball_007_1
0.4164,-0.4262,0.022874413056640626,0.1499515494919113,0.15168620889095663,-0.041441663294772335,-0.1433811467220769,2.8097478360517045,6.631260958875618,Ball_007_1
0.35506,-0.30708,0.023107506279296877,0.1347137369804016,0.13668119028481046,0.08560793522384445,-0.48493719312287187,2.5977239198928332,5.9150123218729735,Ball_007_1
0.3801,-0.45165,0.024880709580078125,0.13276442181073203,0.13507568770117803,-0.12847682270472824,0.04612045819044175,3.3436808973016996,5.428932074364972,Ball_007_1
0.42495,-0.35611,0.02112277798828125,0.12656813119625496,0.12831860186447883,0.016471583675550953,0.19455174866996572,3.311678825312668,6.074892036491456,Ball_007_1
0.30938000000000004,-0.34818000000000005,0.023141039013671875,0.12203589112121081,0.12421057285263724,-0.27492860018912135,-0.1277474932246716,2.803142995000401,5.367544966831778,Ball_007_1
0.61792,-0.6160399999999999,0.0242523005859375,0.15499151103688213,0.15687747632214966,-0.14487808614170283,1.3660143807517704,3.93887006948164,6.468560345345276,Ball_007_1
0.46458999999999995,-0.46667,0.021787954492187497,0.16317192137448686,0.1646201411917611,0.13462754622286968,-0.3701518577374925,2.8348292850846284,7.555557071464962,Ball_007_1
0.61416,-0.5434399999999999,0.023223812607421873,0.16686718274421092,0.16847552388704576,-0.02093001079566122,0.8431615320403623,3.6453959731644283,7.254429730404153,Ball_007_1
0.43746999999999997,-0.41848,0.023741375087890624,0.15629796571746152,0.15809081876719056,-0.09450241696476591,-0.061837297982660466,2.767206853909872,6.65887344448519,Ball_007_1
0.45833,-0.3294,0.02278956998046875,0.12644035086912675,0.12847772891751538,0.14917919277151362,0.11668908059363581,3.5673886851383094,5.637566807537715,Ball_007_1
0.36841,-0.38656,0.02489286013671875,0.12549555291533684,0.12794056544861893,-0.07915191087911803,0.17665145073999167,3.0214029117593673,5.1396488634204225,Ball_007_1
0.51966,-0.41389,0.0214340491015625,0.15353761565529625,0.1550265070302549,0.12789379655121397,-0.20629737089723976,3.3520718914637713,7.232721128096727,Ball_007_1
0.39574000000000004,-0.34734,0.0219391552734375,0.1330598263912847,0.13485638262014452,-0.07630455771288747,-0.07878030156440285,2.934529233074328,6.146835408771842,Ball_007_1
0.43163,-0.43037,0.019819054951171877,0.1353986238967481,0.13684144946722324,-0.06453480805801431,-0.02019297302068912,3.1542343239293973,6.904539237608438,Ball_007_1
0.41368,-0.35527,0.020477995625000002,0.13335316511096904,0.1349163257353642,0.21185437927135412,0.2708555958345884,3.0661967310407543,6.5883556973857145,Ball_007_1
0.55033,-0.46876,0.023256133994140626,0.1454049099570052,0.14725296468308616,0.12632144736165446,0.8286687430242696,3.7373101278272745,6.331790072606067,Ball_007_1
0.6462899999999999,-0.50422,0.01821849517578125,0.1945345006735276,0.1953857351977587,0.11376093006305539,-0.26920497562404444,3.307764489757127,10.724580849735263,Ball_007_1
0.37676,-0.32294,0.025138503994140627,0.13964567416871898,0.1418903051554244,-0.008400345788596277,-0.6082363806794286,2.6552906270235477,5.644341427165088,Ball_007_1
0.38594,-0.38239,0.0199067733203125,0.1323124035536163,0.13380153869878073,-0.009476914812539176,-0.25612911347156464,2.8844212171910972,6.72140732324735,Ball_007_1
0.42828999999999995,-0.36862,0.022369103964843748,0.13504069135756422,0.13688084283243915,0.04208608322888609,-0.1573945141033657,3.1289257722891115,6.119191762368991,Ball_007_1
0.47543,-0.49504,0.0210503857421875,0.1480928388408766,0.1495814415488925,-0.11758822116479567,0.13368949057043888,3.309501443256841,7.105876171344318,Ball_007_1
0.42641,-0.4043,0.022072019833984373,0.150556315247923,0.15216562726379362,0.02654683509177874,-0.17874105509643368,2.8022754209694294,6.894050545181782,Ball_007_1
0.47043,-0.5326,0.018244773574218748,0.15720479211603158,0.15825997101926695,-0.08391891605623779,0.05993197630576441,3.365348756255056,8.67426288965501,Ball_007_1
0.5394800000000001,-0.49692,0.01966492927734375,0.1775749289591295,0.1786604736317544,0.10968781234032805,-0.11905562518546642,3.0195822613364705,9.085233006780182,Ball_007_1
0.40179000000000004,-0.38531,0.02223547529296875,0.1414678189906049,0.1432046094630434,-0.07221133437344858,-0.418527970672689,2.805705756964364,6.440366177734057,Ball_007_1
0.47397,-0.43413,0.018827785322265624,0.14612158950717707,0.14732957754723006,-0.018531137391100495,0.06421475886193928,3.217072937244964,7.825114170379075,Ball_007_1
0.49421000000000004,-0.44769,0.01873529921875,0.13648771133062892,0.13776758247530216,-0.132493439548905,0.7374723631231337,3.5872734901283794,7.353369354467374,Ball_007_1
0.4673,-0.4166,0.02084175833984375,0.1501489588605464,0.15158855081305614,0.07008577555062666,-0.17357200961770536,3.0826866172340597,7.273308761571786,Ball_007_1
0.37363,-0.31856,0.0176251239453125,0.12854964296495278,0.12975228591629692,-0.04833353650677779,-0.494880036266097,2.8795638896216786,7.3617796366774275,Ball_007_1
0.3488,-0.31459000000000004,0.018080118173828125,0.1317739292945581,0.13300849264203693,2.1762565249885306e-05,-0.5181481601848819,2.6223889200543717,7.356615925108136,Ball_007_1
0.49692,-0.42787,0.01818838041992188,0.16669606809288895,0.1676854087269637,0.010929062462398078,-0.07985975131778744,2.9634063023677344,9.219369489541084,Ball_007_1
0.6392,-0.5255,0.01840271703125,0.16245905476703937,0.16349802589001544,0.06442261500796195,0.5390365807717088,3.909527302307982,8.884449873783664,Ball_007_1
0.42118999999999995,-0.43413,0.020092036201171875,0.1613449794750122,0.16259118155823,-0.05346004457041294,-0.4314594215756715,2.6700709913621656,8.092319356682598,Ball_007_1
0.43872,-0.38906999999999997,0.017802565380859378,0.1420944315088869,0.14320530297434353,0.00900589604336155,-0.20275728050547936,3.0635736793561814,8.044081954852997,Ball_007_1
0.3438,-0.34359,0.0196915601953125,0.12073028023501133,0.12232562327063772,-0.13074235677407473,-0.2005595601342116,2.810531334296437,6.212083544689024,Ball_007_1
0.49254,-0.5424,0.020121464228515625,0.16993875375228656,0.17112584068333958,-0.0008102213409406643,0.12038885553527301,3.169597266342076,8.504641125280699,Ball_007_1
0.39846,-0.36341,0.017808802998046873,0.13198770362982662,0.13318373539474776,-0.1002415005803126,0.05316166007480705,2.9918067384668574,7.478533393334796,Ball_007_1
0.5109,-0.4406,0.01960451475585937,0.14133068517048872,0.14268391489433035,0.14960718967996162,0.4392682834286519,3.5806418459832936,7.278114729851727,Ball_007_1
0.50694,-0.41848,0.016815097460937498,0.1295250516805712,0.13061196926574328,0.03478036231893109,0.8115872019356312,3.881267535958451,7.767541151731159,Ball_007_1
1.0022,-0.95483,0.014689656074218752,0.195928848173312,0.19647875086660024,-0.3253933109553728,5.502359022166855,5.100806018354831,13.375312294487289,Ball_014_1
0.35339,-0.31918,0.01233597703125,0.08727003908359798,0.08813759726114756,-0.17500695610006653,0.6562937584375388,4.009526092972513,7.1447595835428555,Ball_014_1
0.40221,-0.40012,0.01243606546875,0.12910416828803237,0.12970174244661334,0.03352423413249621,0.8042952402080106,3.101037729423846,10.42948288934726,Ball_014_1
0.45143999999999995,-0.4214,0.014010212080078127,0.10910443911588,0.1100002939874232,0.030034072032626393,1.5223269010480944,4.103988994316924,7.8514361886357396,Ball_014_1
0.3027,-0.28664,0.014814933447265626,0.09348822634574237,0.0946547976508305,0.031036698326896803,0.2554737857320055,3.19793612489338,6.389147247850349,Ball_014_1
0.27683,-0.21361999999999998,0.01000332126953125,0.09173361394364773,0.09227742065957227,-0.07709504815395105,-0.2594087018279043,2.999975454681372,9.224677379497875,Ball_014_1
0.73453,-0.71013,0.014160350048828126,0.17295304922164362,0.17353176293857453,-0.03538159816923756,2.8343592046182504,4.232827370209891,12.254764189121962,Ball_014_1
0.60478,-0.55033,0.01415400775390625,0.16920017726795902,0.16979115384202556,0.1333640919832646,0.9208535811057326,3.5619052156320508,11.995976319794652,Ball_014_1
0.46958999999999995,-0.41973,0.006756578759765626,0.1297286958044694,0.12990452598606975,0.2217602924267235,0.6117253051742062,3.614885569387095,19.226373491456556,Ball_014_1
0.25138,-0.20215,0.014793597050781251,0.0841463940184438,0.0854369132167594,0.1725222838310346,-0.35342784848897546,2.9422879127192187,5.775262578007348,Ball_014_1
2.1031,-1.7807,0.009327171533203126,0.3545445961700217,0.35466726209529625,0.4849291821050402,13.583474251951603,5.929783261205345,38.025163663772915,Ball_014_1
1.0145,-0.7944100000000001,0.011374646572265626,0.26499013963829965,0.26523415445633974,0.23350296988272967,0.8454596879180065,3.824922164547533,23.318010757805823,Ball_014_1
0.33775,-0.31647,0.013722134599609375,0.11465811346534281,0.11547631775130875,-0.0379129674518143,0.03527597056503318,2.9248421118046086,8.415331339139076,Ball_014_1
0.76207,-0.4892,0.0113268577734375,0.15782934843626092,0.15823527083060318,0.49836148008501374,3.4447030686905213,4.816056440411242,13.96991646101204,Ball_014_1
0.63231,-0.5061,0.010310648876953125,0.14336342636961005,0.14373371734112497,0.09171780332458848,2.02377479718857,4.39917652794128,13.940315989432024,Ball_014_1
0.31522,-0.32001999999999997,0.010783314541015625,0.0940339640048976,0.09465023116170851,-0.06576774183524269,0.4379609802875417,3.3810799264945337,8.777470231831304,Ball_014_1
0.31084,-0.26807,0.014086574755859374,0.10322204306124255,0.10417879708505674,-0.00881840292218201,-0.29047570799419997,2.9837165115517537,7.395608335952271,Ball_014_1
0.23531999999999997,-0.19193,0.010030039501953126,0.07992294369125086,0.08054985177320685,0.22366834030739896,-0.037624810183922275,2.921420609700655,8.0308600705572,Ball_014_1
1.4799,-1.1338,0.01415922763671875,0.25850741291366797,0.258894894230431,0.2992882817685122,7.768527015563736,5.716219312407863,18.284533774604483,Ball_014_1
0.9984299999999999,-0.97882,0.007638299912109375,0.2978002319599674,0.2978981735106103,-0.1640428819413495,1.2667613741492367,3.3515814645062165,39.00058101119552,Ball_014_1
0.58704,-0.63273,0.013446048300781251,0.17358406362188766,0.17410405899459808,-0.0602820594748772,0.9135610018274334,3.6342058882465564,12.948343048577263,Ball_014_1
1.2012,-1.0427,0.01125401052734375,0.22170751572248937,0.22199296223256137,0.20278585427542337,9.22301570840792,5.410982323532546,19.725673969072048,Ball_014_1
0.65464,-0.72348,0.015777707138671878,0.19496937858353605,0.19560673461771175,-0.017734018454429314,1.333747692245212,3.6986456407817614,12.397664660703843,Ball_014_1
0.31396999999999997,-0.32127,0.011033995937499999,0.10852577003784421,0.10908525028002554,-0.19323225646274295,-0.09678619742713668,2.945127743944862,9.886286075473686,Ball_014_1
0.29498,-0.29394000000000003,0.011239098388671875,0.096529302291037,0.09718139499608269,0.021510228632916427,-0.2556809033008589,3.035354627051153,8.646724406942594,Ball_014_1
0.25096,-0.17983,0.013264780205078125,0.07711262672991437,0.0782452017383567,0.07578284836194153,-0.38804852892129293,3.207353182267065,5.898717855097548,Ball_014_1
0.8313299999999999,-0.77042,0.009060935878906249,0.17219777956617383,0.17243600507586065,-0.021753643516243638,4.434593350355622,4.821092873342639,19.03070370982162,Ball_014_1
0.373,-0.29373,0.010006739228515627,0.10169539750826811,0.10218653876295145,0.06936344252721934,0.08887544970451389,3.650187205333223,10.211770909347322,Ball_014_1
0.2737,-0.24241,0.011289457265625,0.0893435112478071,0.09005395520153131,0.007139591815386112,0.15851885865304238,3.0392890167699917,7.976818114978505,Ball_014_1
0.3753,-0.26891,0.00909455060546875,0.09669490384539522,0.09712165196487167,0.29863645313765147,0.21565744508825713,3.864225829596865,10.679102849498411,Ball_014_1
0.52613,-0.6079100000000001,0.0107173562890625,0.13596278828228286,0.1363845354991525,-0.026788142943708092,3.2423696176986256,4.457323503121468,12.725575141395955,Ball_014_1
0.33378,-0.28371999999999997,0.009496235751953125,0.09995348911156138,0.10040357801907107,0.06688599612872767,0.15472565870571264,3.324383485738098,10.57298597767381,Ball_014_1
0.35381,-0.32127,0.014872581318359376,0.09240250018020985,0.09359175024875267,-0.07032984481797826,0.6898689601168093,3.7803545214110454,6.292905175802514,Ball_014_1
0.22238000000000002,-0.17774,0.0083368638671875,0.07450491021009023,0.07496989358771709,0.20562716506944018,-0.25581963732770774,2.9662573386682376,8.99257632000082,Ball_014_1
0.31626,-0.36424,0.013246874638671875,0.11694596120816023,0.11769382961987941,-0.13561540907715822,-0.287524420932328,3.0948096266524017,8.884648186497156,Ball_014_1
0.25013,-0.28852,0.011078006132812498,0.10193802803582688,0.10253820643892529,-0.0364424424506392,-0.39145345995506053,2.813780416161954,9.25601556395575,Ball_014_1
0.19526,-0.22300999999999999,0.009290476435546875,0.07504819672934124,0.07562106045755611,-0.20013308567268664,-0.008611158375614991,2.949046148012204,8.1396312495435,Ball_014_1
0.24741999999999997,-0.25973,0.013671627138671875,0.08784361626986266,0.08890114908135749,0.025817815515158174,-0.24804029053765975,2.921559504711798,6.502601458994463,Ball_014_1
0.2518,-0.28017,0.01124892390625,0.09000231002441406,0.09070255839158753,-0.0018548734825232754,0.28707044664627857,3.088887478802336,8.063220187485864,Ball_014_1
1.2669,-1.0385,0.01129987876953125,0.31877927671913947,0.31897948919293195,0.18856948700555465,2.044679038666718,3.9717287128201453,28.228573728104728,Ball_014_1
2.0953,-2.4877,0.008678868359374998,0.512787117165043,0.5128605563761313,-0.15867257913855146,6.902236370903243,4.850636228934104,59.093014900856225,Ball_014_1
0.48336,-0.31188,0.011292375263671875,0.10422998555526204,0.10483991428814564,0.5586061811430544,1.6499025012339548,4.610457750480976,9.28413221807183,Ball_014_1
0.58955,-0.48899,0.008491077255859375,0.15428644194184626,0.15451991638633406,0.01378398989133265,1.3790347079537462,3.8153657468376347,18.197914532198034,Ball_014_1
1.4280000000000002,-1.0946,0.00999174193359375,0.2702074681794334,0.27039214257593924,0.32353007309627657,4.098031486506675,5.281218533625583,27.061559166703542,Ball_014_1
0.34734,-0.32627,0.010583040888671876,0.11105223686427441,0.11155536771939846,-0.1285548621910589,0.10997955118181402,3.1136107924458925,10.540954944041912,Ball_014_1
0.43809,-0.52258,0.008742239248046875,0.11707280588759515,0.1173987590456757,-0.4160160410016092,3.3554074095002253,4.451324697098015,13.428910178018048,Ball_014_1
0.27391,-0.24533000000000002,0.008410610947265626,0.09092612573277144,0.09131428539542992,-0.2703130684619431,-0.18253057631143133,2.999640152843691,10.857032278741277,Ball_014_1
1.2169,-0.84093,0.01025539453125,0.2233177275622889,0.22355308219878398,0.9516501261827428,8.119885773343885,5.443449862500574,21.798582172435797,Ball_014_1
0.45811999999999997,-0.33274000000000004,0.006196512255859375,0.10952805947638396,0.10970320221761679,0.16274673145026583,0.9184955340153014,4.175994743665173,17.70402122740273,Ball_014_1
0.41056000000000004,-0.36278,0.008859068671875001,0.11190514713984717,0.11225526737807826,-0.03854279830889206,1.3063069117899682,3.6573784547663704,12.671225256807322,Ball_014_1
0.6004,-0.47313999999999995,0.010262126035156251,0.15640422651500896,0.15674052858951212,0.12576815650520923,0.9467963978812302,3.830534460821257,15.273688198610923,Ball_014_1
0.53301,-0.44956999999999997,0.00634953447265625,0.12808702569413088,0.12824430879843518,0.1968169294215786,1.094359519763759,4.156207794620637,20.19743166263244,Ball_014_1
0.45457,-0.34442,0.010462079140625,0.11948262940744611,0.11993979252133882,0.140446280912173,0.7084925521982068,3.78998484701515,11.464239511567504,Ball_014_1
0.27203,-0.36466,0.009012836445312498,0.09581254995230967,0.09623552332249143,-0.10162885477623565,0.2123184451172624,3.7892452144594846,10.677605571655208,Ball_014_1
0.58517,-0.54678,0.009712014931640625,0.1375223754190284,0.13786488666417057,0.048655241742508216,2.648034980624005,4.2445180198850485,14.195290414940807,Ball_014_1
0.34651,-0.431,0.007057663466796874,0.11007855181027779,0.11030457008781899,-0.039254997853427044,0.9846140933061376,3.907363001818477,15.629047060362844,Ball_014_1
0.37134,-0.33483,0.010532199443359374,0.11697419362697432,0.11744738907185454,0.049155203068781836,0.13567639090630568,3.1617560830667544,11.151267933369606,Ball_014_1
0.7430899999999999,-0.71367,0.009210861611328126,0.13518666043122313,0.13550008535115343,0.09534631121069816,7.2428545438389875,5.484055545723085,14.71090071243778,Ball_014_1
0.5555399999999999,-0.5641,0.006656899013671875,0.18262410266914203,0.1827453889437092,0.011448586078818466,0.4875246561555189,3.086808374064916,27.452025502619616,Ball_014_1
0.3365,-0.32001999999999997,0.01467535142578125,0.104477072549881,0.10550272332060097,-0.11642383722177653,-0.03231582915338427,3.1894910976653654,7.189110030179359,Ball_014_1
0.24095,-0.21466999999999997,0.009731547919921875,0.0882888891198322,0.088823594652163,-0.004968988263490161,-0.5397277862733652,2.7126800962164435,9.12738510416655,Ball_014_1
0.28539000000000003,-0.26181,0.008816427802734374,0.09562395465456519,0.0960295272454216,0.16767919728667577,-0.00015746390421789158,2.9718983859905252,10.892111692167072,Ball_014_1
0.28476,-0.34672,0.011566539511718748,0.09525229740548223,0.09595199319085866,-0.06825549926740537,0.4959592225777052,3.613473622135849,8.295651849716345,Ball_014_1
0.31918,-0.5111100000000001,0.009998190527343749,0.11050884433966635,0.11096021129715676,-0.5823952703427884,1.8838570456486803,4.60624569310685,11.098028177765455,Ball_014_1
0.35903,-0.32523,0.01031328634765625,0.11735688872450906,0.11780918133314379,-0.08996071677508762,0.29184748345438694,3.0475553169083702,11.423048477352525,Ball_014_1
0.2712,-0.26619,0.011699805537109375,0.0821453469567418,0.08297435432860967,-0.18259809435567073,0.12790289111927322,3.268479748061265,7.091942423614623,Ball_014_1
0.5380199999999999,-0.46876,0.01053752580078125,0.100183611108445,0.10073626648198887,0.34620232508423154,3.784067600062124,5.3408768604236325,9.559763726961085,Ball_014_1
0.54532,-0.48545,0.009822194638671875,0.1382260078097229,0.13857454579587672,0.03994920570923464,1.5934945587807379,3.935210416406904,14.108306420845667,Ball_014_1
0.5205,-0.49212,0.011815099658203123,0.11025251145302307,0.11088378087724217,-0.11167402646372242,3.1980138547079227,4.694103963519552,9.384920542361737,Ball_014_1
0.31125,-0.21383000000000002,0.01538020021484375,0.09229556663248674,0.09356827549260743,-0.019394633671820677,0.01059020434369895,3.326447933713848,6.083683443770733,Ball_014_1
0.30625,-0.25743,0.006029725683593751,0.09205375665633224,0.09225102550304046,0.019055309022550936,-0.1634048767792029,3.31974625767342,15.299370990404217,Ball_014_1
0.31939,-0.31355,0.011184610244140625,0.10248825016983054,0.10309673578337535,0.026395931808119867,0.030819341743076212,3.0979642029902017,9.217730820763707,Ball_014_1
0.27078,-0.27078,0.012130042255859376,0.08809671177867831,0.08892788399228024,-0.14234251677053025,-0.030969307333744034,3.044939166421266,7.331209140521732,Ball_014_1
0.4287,-0.37113,0.006016750097656249,0.09345766983063135,0.09365114698661703,0.17742462781427074,1.9923595424700133,4.577626747952543,15.56506916549991,Ball_014_1
0.37446,-0.46542,0.010110260332031249,0.1193738207194323,0.11980119547457198,-0.474690687016968,0.7729407607263954,3.8849361583695554,11.849465759605916,Ball_014_1
0.40576,-0.41452,0.01102051662109375,0.11156508910034359,0.11210807683910828,-0.010402564878237762,1.2173137605283717,3.6975034091200607,10.172668897559635,Ball_014_1
0.22843000000000002,-0.4189,0.0075276955078124996,0.09085699950306365,0.09116830895853037,-0.39642878064487125,1.0785904259211296,4.594798348138126,12.111050022262825,Ball_014_1
0.2737,-0.26682,0.009968910224609375,0.08980441947703123,0.09035603426818214,-0.09563495492461577,-0.16690466264293402,3.029128039844178,9.063781613896625,Ball_014_1
0.22155,-0.24386999999999998,0.008584228144531249,0.08811716547950595,0.08853430874514126,0.022129385525700276,-0.35210946698476464,2.7545253439261552,10.313600354149886,Ball_014_1
0.31543000000000004,-0.45853999999999995,0.009911930947265623,0.1100274167201739,0.11047297771499673,-0.49529684855814715,1.2711622323137446,4.150698255208294,11.145453611137091,Ball_014_1
0.47272,-0.29498,0.0060119360058593745,0.11483423215147158,0.11499149641759003,0.42027116610265464,1.2608435811006666,4.110912638030304,19.12719582815266,Ball_014_1
0.26619,-0.33066,0.012581349873046875,0.09093330104961277,0.09179954032786615,-0.3077691956883331,0.07222248497791961,3.601978781343069,7.296477242720336,Ball_014_1
0.29874,-0.41827,0.010124835693359374,0.10851607035259905,0.10898738377714988,-0.07536067772048621,0.6155239899893852,3.837783619225753,10.764359670969505,Ball_014_1
0.28872,-0.22426,0.008027708466796875,0.09105890032238334,0.09141207486513818,0.2637917274115039,-0.0003564315372597271,3.1584448473301667,11.387068159756458,Ball_014_1
0.41368,-0.48503,0.014624871894531249,0.11462231244202122,0.11555155294277868,-0.3681305042146071,1.560825802657856,4.19752035736523,7.901029552604689,Ball_014_1
0.2712,-0.1865,0.009975176757812499,0.08268393531182562,0.08328347561191096,0.2497254236008471,-0.29041835573795094,3.25634821014681,8.349071829490342,Ball_014_1
0.35485,-0.3171,0.009812264716796875,0.10227329345590506,0.10274291748432185,-0.08807252198573752,0.3891427727250272,3.453766013607533,10.470865796922318,Ball_014_1
0.49066000000000004,-0.41222,0.01207160294921875,0.12634523320595925,0.12692061121674372,0.15753941369957772,1.0299125780426133,3.8658811317589183,10.513980722914438,Ball_014_1
0.54991,-0.40451,0.01362326181640625,0.13908310314785524,0.1397487132096582,0.19967573692713683,1.412390966952688,3.9349914817462777,10.258094194685972,Ball_014_1
0.28852,-0.35798,0.0087973509765625,0.08949406111801707,0.08992541553754534,-0.2743228711855813,1.0904683736790934,3.980854510143275,10.221873101942549,Ball_014_1
0.7124199999999999,-0.7264,0.013454368134765624,0.1987204889523213,0.19917543209782537,0.07086591691724194,1.3980246015186282,3.647036126404341,14.803773413884041,Ball_014_1
0.56118,-0.38948,0.01576052048828125,0.14015134303390855,0.1410347225340974,0.41437163008952194,1.1836575919354182,3.979020101842691,8.948607610412125,Ball_014_1
0.9508700000000001,-0.83696,0.007487755468750001,0.19346688651618343,0.19361173172157103,0.17875447420885274,4.617395904981485,4.911220960805233,25.857108538399405,Ball_014_1
0.33086,-0.32148000000000004,0.013729273476562498,0.0976511898440549,0.09861160088019001,-0.13721432502344727,0.14181020490404705,3.3551833018794732,7.182579170409313,Ball_014_1
0.40221,-0.27057,0.015047232304687498,0.08950428171798112,0.09076031977622688,0.3627646315334092,1.0301048883391415,4.43156212494736,6.031694859675853,Ball_014_1
0.45582,-0.51966,0.00997981603515625,0.1507283460823331,0.1510583696483288,-0.23211418096956077,1.0070264636410267,3.4401271360843264,15.136386680856996,Ball_014_1
0.56243,-0.5885,0.011369777011718752,0.14338568676507746,0.14383576397540745,-0.10457657540723983,2.079332668010305,4.091471965269693,12.650709963480107,Ball_014_1
0.36841,-0.32231,0.0125247630078125,0.0952356906834066,0.09605574667008408,0.10364737918644287,0.3292373885198763,3.8353769444942736,7.669265992570235,Ball_014_1
0.62898,-0.54386,0.009866673330078124,0.171464292766801,0.171747940123373,0.1717824332018516,1.1621031747724473,3.66222730756452,17.406872303447468,Ball_014_1
0.53009,-0.5697300000000001,0.013076758525390624,0.11608418258360238,0.11681840205906992,-0.1833545725936903,4.690380869605922,4.8770569112463615,8.933283649687699,Ball_014_1
0.57807,-0.5714,0.012132638837890624,0.14870184398220854,0.14919597624895845,0.25597562601786533,1.9688329423806241,3.874568273616342,12.297074523140019,Ball_014_1
0.46563000000000004,-0.24031999999999998,0.0109064821484375,0.09645295628855913,0.09706762657887996,0.2966577253082405,1.3692283755735977,4.796964875046685,8.899993266187387,Ball_014_1
0.4093,-0.40388,0.010510136650390627,0.13535614531396198,0.1357635777617262,-0.12785961020245565,0.23178669305719657,3.014799725619695,12.917392928405684,Ball_014_1
0.85365,-0.6907300000000001,0.01322285263671875,0.1704539350863109,0.1709660428806278,0.2990424423886509,3.6758024858203466,4.993096761343071,12.929587483738723,Ball_014_1
0.31334,-0.25806,0.011984136953124998,0.10015090949571122,0.10086537667271855,0.09521905100873031,0.030310433297051187,3.1065168963795027,8.41657339620467,Ball_014_1
0.38427,-0.25639,0.008322252607421875,0.09654219032801961,0.0969002291111497,0.24247634628316245,0.6222699170036332,3.9656252576409976,11.64350831903669,Ball_014_1
0.8624200000000001,-0.86805,0.014068305703125,0.20618292436561977,0.2066623224618253,-0.06243423492437889,3.280752169168874,4.200330207553997,14.689921596315447,Ball_014_1
0.66569,-0.6946899999999999,0.012053008583984375,0.14597639861542075,0.1464731510163341,0.10282046467248342,3.147244524913205,4.74278043748612,12.152413054658364,Ball_014_1
0.5716100000000001,-0.46563000000000004,0.007998878408203125,0.13684483864591085,0.13707841522214428,0.03908789441229828,0.9144694541857112,4.169948966098862,17.137202378818923,Ball_014_1
0.24595999999999998,-0.19485,0.012930479697265625,0.0763844776575331,0.07747119291850083,-0.0014321648571030692,-0.35746208469984975,3.1748574864968293,5.99136217224186,Ball_014_1
0.56618,-0.50694,0.009721080908203126,0.14590106291385835,0.14622455188311395,0.15712080824985344,1.2464694329158847,3.871989955425486,15.042003890505491,Ball_014_1
0.46938,-0.50673,0.009849476035156249,0.11978874192106818,0.12019299010008609,0.1474735128803762,3.2834724341802595,4.215969628196041,12.20298191173755,Ball_014_1
0.38761,-0.2712,0.010668473408203125,0.10948779455800307,0.11000633382690757,0.2333799036375496,-0.16607974621765775,3.5235243553009505,10.311346272933111,Ball_014_1
0.25201,-0.2881,0.0088370065234375,0.07847380594528021,0.07896981007848995,0.011461876428544916,0.639436134326222,3.648229571090789,8.936261496784555,Ball_014_1
0.523,-0.52154,0.009045428447265625,0.1220781121256471,0.12241276582103956,-0.2122859978490677,3.47226480156234,4.272430185036141,13.533107138218204,Ball_014_1
0.48461000000000004,-0.42286,0.007663960859374999,0.11912281457790104,0.11936909670854942,0.07924433618135918,1.2232280749613835,4.05976093731746,15.575377187261216,Ball_014_1
0.47606000000000004,-0.49004,0.010646495244140627,0.13239610406002422,0.13282347771104427,-0.08446812111978175,1.0573810272171675,3.6894079627749816,12.475792473429426,Ball_014_1
0.25681,-0.23594,0.005634824765625,0.08380303091101886,0.08399225702415956,0.1648863115140658,0.08949675547575442,3.05754370749422,14.905919103399883,Ball_014_1
0.39804,-0.57995,0.007714925664062501,0.11365149095454774,0.11391304347700336,-0.6540676079574879,3.299317533777197,5.091164077500181,14.76527884673623,Ball_014_1
0.36216,-0.43037,0.010177567548828126,0.11969422375415417,0.12012614237259299,-0.15811540220136966,0.5947167644143718,3.5826506030842054,11.80302955428629,Ball_014_1
0.28539000000000003,-0.24741999999999997,0.0051310148828125,0.08903590935976485,0.08918363341582304,-0.16533677827904544,-0.16566940013320064,3.200026572917574,17.381281885048107,Ball_014_1
0.23406999999999997,-0.2374,0.010287954990234374,0.0770884261593613,0.07777189380237817,0.029796147658281518,0.3497812631864541,3.052516601315217,7.559508796130301,Ball_014_1
0.28956,-0.27391,0.0102249211328125,0.09188516630736435,0.09245232717192271,0.048500764675650156,-0.07213377177043112,3.131992516851921,9.041861245596838,Ball_014_1
0.44038999999999995,-0.39866,0.00629838490234375,0.10611530757869375,0.10630206091557609,0.16332029675101759,0.974944188502525,4.142817101231326,16.877667161680115,Ball_014_1
0.25681,-0.27892,0.008563211503906248,0.08923122168397071,0.08964117086737855,-0.30706404758645517,-0.009921766374497487,3.1115166634886684,10.46817077428445,Ball_014_1
0.67091,-0.66465,0.0091374919921875,0.12720317439823095,0.1275309426644924,-0.15805933870182595,6.16264529846147,5.26076245279754,13.956885414142652,Ball_014_1
0.7931600000000001,-0.73307,0.0067088287597656246,0.17992400590092344,0.18004903854995558,0.15974078406239445,2.8881410750983836,4.405244271130552,26.837622207937148,Ball_014_1
0.6805,-0.57682,0.008118120781250002,0.15385281326043918,0.15406684274421456,0.12168892669306555,2.4202357393081844,4.416914006038718,18.97813889661703,Ball_014_1
0.34484000000000004,-0.37572,0.010303368583984375,0.10868456877739384,0.10917185944420607,-0.21648329084826742,0.6918361298763047,3.441546186638611,10.595743320117675,Ball_014_1
0.34359,-0.28893,0.009389333203124997,0.08536307173456646,0.08587789933364721,0.24924574466714927,1.1552949134146644,4.0009129085027295,9.146324699472832,Ball_014_1
0.75289,-0.7568600000000001,0.008899690830078124,0.17201791940295133,0.1722479871946004,0.0418839479428054,5.174006880606738,4.394013584326589,19.354376587788924,Ball_014_1
0.45165,-0.44998,0.012617161826171874,0.11461879628719948,0.11531114965550532,0.1299938315160827,1.6055474769823723,3.9167938003612037,9.139229733669962,Ball_014_1
0.48378000000000004,-0.33796,0.00950972591796875,0.10135697205255292,0.10180211525649592,0.37939973656885856,1.7220197370373622,4.752160542331853,10.705051378934924,Ball_014_1
0.23301999999999998,-0.19526,0.009430492744140625,0.07976716584220428,0.08032269255879693,-0.07404036229208495,-0.44036656917130124,2.9010481306808673,8.51733692190859,Ball_014_1
0.49421000000000004,-0.53468,0.011902818310546875,0.12298915298829516,0.12356378448603847,-0.270090282030308,3.1931132896843986,4.32715781486327,10.38105185521474,Ball_014_1
0.6529699999999999,-0.57599,0.009083285244140624,0.13444865944342552,0.1347551412635549,0.47134453835557655,3.528469763057686,4.845603581664568,14.835505305195209,Ball_014_1
0.28831,-0.17649,0.009724444208984375,0.0733996514974031,0.07404102683724666,0.25476441754767304,0.2649841827323258,3.8939221729032294,7.613907554216096,Ball_014_1
0.2445,-0.2301,0.011318822001953124,0.08254659892988975,0.08331900579342011,-0.008597121473899247,-0.23511100329424695,2.934504495549372,7.3611015720488755,Ball_014_1
0.47439,-0.34255,0.010133271103515626,0.10462843177275744,0.10511799046064334,0.2793490780838118,2.205259564400305,4.51292869477642,10.373548582019605,Ball_014_1
0.55137,-0.45833,0.010453612568359374,0.12573694053816892,0.12617074237567275,0.03774992879602701,1.8360586597785398,4.3700305256845375,12.069581638024372,Ball_014_1
0.50798,-0.51507,0.010832684052734375,0.1351121043722821,0.1355456668126754,0.03391321115510417,1.9890222517193719,3.799973900396644,12.512656479241139,Ball_014_1
0.26807,-0.19693,0.012133660283203125,0.08440541560201274,0.08527309009773644,0.10752645342301577,-0.23308818765685313,3.143664625605625,7.0278119775588035,Ball_014_1
0.35506,-0.43016000000000004,0.008805055869140625,0.12900334087406412,0.1293034839651611,-0.16960235124933648,0.21676225673395422,3.3267471492814003,14.685138993063783,Ball_014_1
0.98049,-0.7864800000000001,0.012918642880859374,0.17573920249870056,0.17621338947072795,0.21918168209510677,6.124345399867712,5.564219594099893,13.640238952001043,Ball_014_1
0.24888000000000002,-0.23510999999999999,0.014278964550781252,0.08720410230907216,0.08836540209931482,-0.15571996973274302,0.06990903841765395,2.8164868972563974,6.188501665968375,Ball_014_1
0.23865999999999998,-0.18838,0.009378548183593748,0.07920304870436379,0.07975637962005178,0.06271880067541864,-0.31006751661347254,2.9923624686148034,8.504127670362132,Ball_014_1
0.61729,-0.42516000000000004,0.01572356650390625,0.13526128971812248,0.13617212284389427,0.3540994877863352,3.1681217668343304,4.533159816965565,8.660383390096722,Ball_014_1
0.39658000000000004,-0.51027,0.01501753494140625,0.13177286602957913,0.1326258443040638,-0.16853031389083634,1.0624727823782205,3.84744013378488,8.831398494501931,Ball_014_1
0.61333,-0.46187,0.010072997255859376,0.13920208847086155,0.13956606574796798,0.34792299913507263,2.3159791872947615,4.394549579931684,13.855464103429545,Ball_014_1
0.19818,-0.19422,0.015429192275390625,0.0685328031864011,0.07024816785409398,-0.30545040223967074,-0.0373414850139655,2.821141151901361,4.552938484874575,Ball_014_1
0.45853999999999995,-0.47836000000000006,0.0137735984765625,0.137053143013309,0.13774351536395496,-0.18358650329483844,0.8946368563466298,3.4728313362935057,10.000546015465511,Ball_014_1
0.52988,-0.54782,0.01366685203125,0.14001257712751547,0.14067801746659836,-0.17490684157657038,2.028470013640165,3.894140719149173,10.293373108273753,Ball_014_1
0.21821,-0.21279,0.013157821005859374,0.0759214353876591,0.07705318036878639,0.026212020033037135,-0.11571200436191598,2.8319401759106997,5.856074077797485,Ball_014_1
0.25931,-0.1865,0.015864769052734373,0.08497700475672418,0.08644525570857502,-0.023549035271791065,-0.1695886324488245,2.9997018908068958,5.448881731108088,Ball_014_1
0.28288,-0.23176999999999998,0.009619896191406251,0.08915079251509296,0.0896683121777286,-0.14478374362557742,-0.15912030122790943,3.1547376099215,9.321129986485932,Ball_014_1
0.49609,-0.31209000000000003,0.012546356835937498,0.12133488685177471,0.12198182584790099,0.44810193059350223,0.7407420181443554,4.066917284478565,9.722488983894518,Ball_014_1
0.43328999999999995,-0.44018,0.015994617060546876,0.13143570885456898,0.13240533726786302,-0.1978278652005117,0.8778771505884415,3.324488315640964,8.278118099891403,Ball_014_1
0.2059,-0.19088,0.008366841484375002,0.07132155503047173,0.0718106416096477,-0.0026644715485441392,-0.3654246099132137,2.8672630200406743,8.582764853498006,Ball_014_1
0.87285,-0.84385,0.009824805859375,0.20789364772210123,0.20812567254756326,0.09679138207877355,2.4146315759745702,4.193860301432377,21.183690990216885,Ball_014_1
0.4116,-0.43121000000000004,0.01200290994140625,0.1316815838833002,0.13222749101860828,-0.22382797823080905,0.465911550449182,3.2611221268517756,11.016285271472375,Ball_014_1
0.43204,-0.32627,0.008942113515625,0.10350897499334137,0.1038945104338939,0.1325606132091669,1.0598918572964484,4.158448738410005,11.618561834827084,Ball_014_1
0.27183,-0.23385999999999998,0.010431000390625,0.09415382277838533,0.09472986916982842,0.13519933951234403,-0.17059968375352774,2.8695278428300663,9.081569987610983,Ball_014_1
0.45666,-0.47898,0.009597558115234375,0.11937642892821287,0.11976161699571346,-0.057781180120918534,1.8451632107771996,3.9994449642217074,12.478341165475474,Ball_014_1
0.70095,-0.6604800000000001,0.01194868876953125,0.135482227122148,0.13600810648372552,0.22833053892687666,5.272725424755263,5.153736883544787,11.382679532825561,Ball_014_1
0.60352,-0.77188,0.009610704267578124,0.143235171487335,0.14355723592882774,-0.3336527180685799,5.468767565317696,5.3768100899202995,14.93722176801327,Ball_014_1
0.40304,-0.34067,0.013910596386718752,0.10285678680618267,0.10379317551711531,0.1493763840256322,0.9634482898142065,3.883106900900556,7.461446308280954,Ball_014_1
0.7931600000000001,-0.71075,0.0143561512890625,0.16858154899445235,0.16919171889074058,-0.1049307506177828,3.447173637962666,4.687936268466337,11.785310958260203,Ball_014_1
0.32544,-0.4093,0.007948109599609374,0.10303319473418517,0.1033393035748738,-0.10978958929922669,0.5825883536793661,3.9607388658537417,13.001744537872009,Ball_014_1
0.41765,-0.30061,0.015595213515625001,0.09395334926669985,0.09523887086178848,0.1925472356545921,1.1421397505919906,4.385289239944983,6.106929197182104,Ball_014_1
0.42286,-0.25952,0.014456897861328127,0.10280910857727182,0.10382058900924296,0.4260790954649467,0.9630705504943204,4.072987833746211,7.181387239760019,Ball_014_1
0.85616,-0.85011,0.006924340039062501,0.20086762800722044,0.2009869410340474,-0.015339198796259047,4.160869248563214,4.259779224139674,29.026147022541714,Ball_014_1
0.70575,-0.83509,0.013844402822265626,0.1792090820737801,0.1797430460052127,-0.3299383321494348,4.184211221850425,4.646021161395921,12.983083151340633,Ball_014_1
0.74017,-0.61938,0.011490695859375,0.18620111808726275,0.18655533352943682,0.08657240844789625,1.4635175060791203,3.967562770944015,16.235336795716663,Ball_014_1
0.28726,-0.30833,0.010777890595703126,0.08222567065479018,0.08292902893633186,-0.2298943290768184,0.9473172859034906,3.7179983925619053,7.694364728013555,Ball_014_1
0.7677,-0.82695,0.012908616162109374,0.15418601614727695,0.15472543406495592,-0.30753134808270616,8.369555329212535,5.344628694389094,11.986212939920556,Ball_014_1
0.4746,-0.46208,0.015317387734375002,0.1347446598586631,0.1356124836710544,0.004719901765775368,0.8029836042165992,3.4996777852068974,8.853498858243075,Ball_014_1
0.73725,-0.8403,0.012896565625,0.1462991683112178,0.14686649738273863,-0.4555489873608723,7.802311643677475,5.721522670269923,11.38803075680917,Ball_014_1
0.22843000000000002,-0.19985,0.01360481298828125,0.08039125925991074,0.08153432100557587,0.09643854151030284,-0.3838310730223595,2.801642233369874,5.9930493041512305,Ball_014_1
0.70262,-0.5655600000000001,0.0156433418359375,0.16411352780972033,0.16485740551745873,0.043207898905067176,1.8104049957273416,4.261986251285538,10.538502367839902,Ball_014_1
0.4794,-0.31042,0.011573804912109374,0.10243895673553335,0.10309070189502079,0.2710044025357656,1.7167728900181727,4.650273851446935,8.907243017369044,Ball_014_1
0.31084,-0.40889000000000003,0.008284859755859375,0.10255775047212093,0.10289184167404178,-0.04344067491794984,0.5167073419755055,3.973978785620072,12.419260227309515,Ball_014_1
0.28017,-0.20444,0.0144828903515625,0.08023423927279993,0.08153089760710533,0.23173994255828892,0.1995552518352559,3.4363659028232942,5.629462765962772,Ball_014_1
0.86784,-0.6946899999999999,0.008035839306640626,0.18588579474835357,0.18605940826141842,0.27832622763702264,2.9150319220171346,4.664316647273998,23.153696584495762,Ball_014_1
0.9903,-0.88349,0.01119839072265625,0.18029937457663694,0.18064680574951694,0.014242460391628436,7.5088263455276145,5.481967923037466,16.131495506094662,Ball_014_1
0.32669000000000004,-0.29185,0.013640694462890623,0.09038470583680172,0.09140822498350526,0.09675156962044412,0.4131746290164564,3.5739671838610203,6.701141098867021,Ball_014_1
0.3705,-0.41202,0.0108698246875,0.11016068534342434,0.11069566244469532,-0.07049998051422088,0.7671962929237277,3.7220970287228043,10.183756908999221,Ball_014_1
0.3849,-0.29686,0.013735010400390626,0.09540173186916492,0.09638537728480849,0.051348991758931005,0.5639404289182632,3.9933442898637765,7.017495251737999,Ball_014_1
0.57828,-0.5013,0.01309151421875,0.13167254773630918,0.13232175774191618,0.02669124940430796,1.6102969443727755,4.3702563017462035,10.107444060592895,Ball_014_1
0.6761199999999999,-0.69198,0.015130328037109373,0.14805436271503752,0.14882547209892005,-0.286312144629448,3.7723154340260736,4.649607258698655,9.836235004136627,Ball_014_1
0.33899999999999997,-0.29581999999999997,0.010544826533203124,0.10602022937296741,0.1065433357977493,0.11324616547026328,0.22570943802883425,3.181803857368594,10.103848115321941,Ball_014_1
0.32982,-0.27642,0.0169764466015625,0.1004529462847776,0.10187734859382687,0.0723551208973309,-0.16111244551269444,3.2374222662343883,6.00109934568703,Ball_014_1
0.35465,-0.28539000000000003,0.01633797208984375,0.09761025891685965,0.09896813617435105,0.13502746495495754,0.3595207013533779,3.58347656251443,6.057552894114697,Ball_014_1
0.28852,-0.31251,0.009767726572265625,0.1037784992959296,0.10423715939388316,-0.1402924365312759,0.0408263459074063,2.9980670887341123,10.671587492863026,Ball_014_1
0.33358000000000004,-0.21779,0.0157009701171875,0.09259974959345897,0.09392142507113123,0.1053073410307027,0.11398032892622334,3.551692238439436,5.981886366781323,Ball_014_1
0.28142,-0.23406999999999997,0.014442928515625002,0.08386821526950894,0.08510273624625794,0.20188920382540934,0.0027667826833353004,3.3068266557122326,5.892345881366383,Ball_014_1
0.37113,-0.28497,0.0105548531640625,0.10421622398171335,0.10474934971789356,0.19333620655214506,0.42173264737123706,3.543029121006309,9.924282049727173,Ball_014_1
0.29123000000000004,-0.28768,0.011946760810546875,0.09616879737034614,0.09690801144138246,0.12965187670118128,-0.053093131501433355,3.0052210613251273,8.1116551060581,Ball_014_1
0.22321999999999997,-0.2858,0.011610698164062499,0.08184597977488121,0.08266542637141135,-0.23257553751237992,-0.002226880906856188,3.457309894690508,7.119763005080507,Ball_014_1
0.53677,-0.5142399999999999,0.01048816763671875,0.15379256937423624,0.15414978447959365,0.176968559241274,1.1041736674460019,3.4821326434544897,14.697492938845404,Ball_014_1
0.38928,-0.56201,0.009023248076171875,0.11662319600310397,0.11697174381799456,-0.2809753787403235,2.766274851906613,4.804664586943412,12.96337304119061,Ball_014_1
0.44185,-0.40534000000000003,0.012585539365234377,0.11712253842133555,0.11779679455473772,0.2829888107545105,1.4866250556256224,3.7509509313832012,9.35969303949263,Ball_014_1
0.23385999999999998,-0.24846,0.0115700916796875,0.08220332802059062,0.08301357816126946,-0.17090000594648164,-0.16629835078016342,2.9930043073714456,7.17484124453112,Ball_014_1
0.63795,-0.56889,0.008977962783203125,0.13660471635226065,0.13689942419681014,0.15085399925858084,3.3931641356558435,4.659990347533356,15.248382317261663,Ball_014_1
0.50005,-0.39011,0.015314330947265625,0.1398736608675101,0.14070952255210595,-0.04571039782346416,0.061192755083339545,3.553775091952658,9.188094070092927,Ball_014_1
0.49275,-0.49296,0.0108330112890625,0.13214833399106093,0.13259161478088252,0.032105435120065355,2.315131663654621,3.7178821382994003,12.239588698219519,Ball_014_1
0.49983999999999995,-0.41827,0.01083999515625,0.11033299655657362,0.11086422156918078,-0.08023931892354944,1.8257863577076945,4.50857804634036,10.227330339527839,Ball_014_1
0.66465,-0.51737,0.014040706923828125,0.14675073878959888,0.1474208967080784,0.23500923688801295,3.9783043951750248,4.508519554101035,10.499534461356765,Ball_014_1
0.41452,-0.59205,0.010584845341796875,0.12473830232684671,0.1251865928056738,-0.3665455933339334,2.1803340377761913,4.729340275197796,11.826963638701459,Ball_014_1
0.5736899999999999,-0.58391,0.013227055537109376,0.12411422545104822,0.12481704994709417,0.1750874061559691,3.9361178263742476,4.678126871043446,9.436494778480135,Ball_014_1
0.2422,-0.19088,0.01377653474609375,0.08124962046081496,0.0824093061167051,0.20622311574066396,-0.423145013046879,2.9389884282973653,5.981859854722313,Ball_014_1
0.53447,-0.43016000000000004,0.013014683056640625,0.13841241371218624,0.13902294143305344,0.12650280790491186,0.9906776391032079,3.8444733699790183,10.682006634046429,Ball_014_1
0.76145,-0.63273,0.008844767646484375,0.18738053259680545,0.18758916256272049,0.4368421580307865,2.556503548952419,4.059136389002603,21.20905249876531,Ball_014_1
0.24304,-0.24991999999999998,0.013730071171875,0.08881674675609362,0.08987173837598124,-0.06765120005100934,-0.2310406717998057,2.7808519311554862,6.545612961895175,Ball_014_1
0.3728,-0.29603,0.013220438740234375,0.08800250648639636,0.08899000589039494,0.10956466200921189,0.9513934131301194,4.189234421109343,6.731244016004062,Ball_014_1
0.70095,-0.56994,0.01248866453125,0.15444313100705565,0.15494724088229728,0.22610676563262186,2.66183396696602,4.523797851997026,12.407029437579027,Ball_014_1
0.62021,-0.44519,0.013920967441406251,0.17225018683413046,0.17281180572778454,0.2827940655115658,-0.11996375531643544,3.5889330234071513,12.413777565487223,Ball_014_1
1.0007,-1.1887,0.012944816943359375,0.25149931428872974,0.25183223259423787,-0.47910255528370765,3.6366997700977466,4.720205920562499,19.454289252745074,Ball_014_1
0.28518000000000004,-0.26286,0.010429075458984374,0.09689525852418068,0.09745489592317566,0.07792231672781902,-0.5265777337107389,2.9262767598513735,9.344537486751365,Ball_014_1
0.5999800000000001,-0.33504,0.014791734804687501,0.12600789040620394,0.1268731014169438,0.781783841487297,2.5930263957426636,4.728977132034514,8.577296342511588,Ball_014_1
0.45811999999999997,-0.31897,0.011126718251953124,0.14106777641060736,0.14150590588555467,0.22631596893341563,-0.27876731606163085,3.2374620260234956,12.717666607856174,Ball_014_1
0.29436,-0.28747,0.010000885019531251,0.10120919024271473,0.1017021036692944,0.20801085103392639,-0.14339614521590427,2.894335382312617,10.169309346259428,Ball_014_1
0.25827,-0.25806,0.01437243154296875,0.09048553002447385,0.09161985555690033,0.10502761640933782,-0.17371812104355033,2.818930412094696,6.374693725852441,Ball_014_1
0.33066,-0.33024000000000003,0.01289750314453125,0.10138336068327923,0.10220044721428123,0.05384503478962958,0.20838472168321154,3.235406554252219,7.924048410375265,Ball_014_1
0.48128000000000004,-0.42891,0.011837505966796873,0.14736009771278336,0.1478347893610804,0.021113231844605174,0.1572910088620456,3.2555259748026386,12.488676017318808,Ball_014_1
0.90581,-0.9346,0.012238697763671874,0.2377162050725907,0.23803104813671788,-0.010636472838533412,2.430798091552666,3.9263785266231963,19.449048688351198,Ball_014_1
0.23051999999999997,-0.22091999999999998,0.01358810892578125,0.07805409568363833,0.07922801623901399,-0.26990002089099996,0.0625464240390814,2.9095767890362625,5.83068702503588,Ball_014_1
0.35152,-0.32836,0.0106371570703125,0.10226445309747383,0.10281618295708084,-0.07617295329009523,0.15298728445044807,3.418917007722608,9.665756800590657,Ball_014_1
0.43183,-0.33899999999999997,0.011721588076171876,0.11513428007746644,0.11572941750472927,0.1698450940766713,0.621187927866591,3.7313762185917603,9.87318500526424,Ball_014_1
0.3657,-0.32315,0.01610894083984375,0.10944509834946264,0.11062426283462926,-0.12860631981084025,0.1742822663374488,3.3057847105466855,6.86725819327325,Ball_014_1
0.30875,-0.26953,0.0111851412109375,0.09363651722440838,0.09430219902963843,-0.11000829472594059,0.13893828588493484,3.274048748629007,8.431023696544878,Ball_014_1
0.47773000000000004,-0.57307,0.011658649609375002,0.13160718098210347,0.13212257262394764,-0.28401053807431287,1.840389348927645,4.3374117251991615,11.332578447603936,Ball_014_1
0.51465,-0.45498999999999995,0.015800355029296876,0.139074282382468,0.1399689509828886,0.026452958743304566,1.31937102490057,3.6768868574719105,8.858594750862542,Ball_014_1
0.6583899999999999,-0.6907300000000001,0.010476622441406248,0.1753799394232184,0.17569258029259954,-0.07506319347563596,2.0359097269828146,3.9314693592534447,16.769962314214553,Ball_014_1
0.23135,-0.20653000000000002,0.013366796025390624,0.0811968701705194,0.08228975003894823,-0.10364411598145651,-0.4315077750336709,2.8114072175343034,6.156280362650561,Ball_014_1
0.21779,-0.23510999999999999,0.013301450693359376,0.08896951862082268,0.08995834499460728,-0.22290851617144672,-0.6222784582809151,2.613542939240947,6.763047152177994,Ball_014_1
0.65276,-0.40743,0.0119976305859375,0.1426937981752876,0.1431972876047809,0.4556696755887947,1.7955720822975678,4.558466199744835,11.935462976928159,Ball_014_1
0.26744,-0.32836,0.012203174638671876,0.09194579816635176,0.09275207421782772,-0.25951779865926505,0.40587045129364174,3.540190332441063,7.600650598184976,Ball_014_1
0.28309,-0.33295,0.01165375271484375,0.09461192393093425,0.09532694321256512,-0.21332282816829842,0.27536107142604305,3.4927165949804317,8.179934598338406,Ball_014_1
0.6832199999999999,-0.74351,0.01234862447265625,0.17355291466506678,0.17399167426950818,-0.17970851229466323,3.616597754079759,4.273250423322404,14.089962859006503,Ball_014_1
0.47877,-0.41868999999999995,0.010461717871093752,0.16717976206587457,0.1675067771322008,0.12388152986466329,-0.2741821851565813,2.8582126964566292,16.011401108763337,Ball_014_1
1.0256,-1.0806,0.0142140805859375,0.2610044495893838,0.2613912064174323,-0.32469933506564713,2.122793216975275,4.1340334691301255,18.389595193827788,Ball_014_1
0.32001999999999997,-0.22489,0.012863928486328124,0.08620580812839274,0.08716032360639,0.08033339498881414,0.05153888734756995,3.6716246921427627,6.775559808457021,Ball_014_1
0.54887,-0.5857899999999999,0.007409544521484375,0.18013495699340143,0.18028728208343048,-0.07451401834757998,0.9721787365444121,3.2492031050737915,24.33175983070457,Ball_014_1
2.316,-1.8396,0.012625128564453124,0.4419233670533689,0.4421036713476326,0.3567986480472134,6.533475563035752,5.238590278388131,35.01775321121491,Ball_014_1
0.4698,-0.46521,0.009599363173828125,0.13986004798403498,0.14018908943080988,-0.030465654182770908,0.9393376803917555,3.3511880172435324,14.603997399434421,Ball_014_1
0.44915,-0.29936,0.010383233466796874,0.11906140585965314,0.11951330429079038,0.27282411348386865,0.6933797508594499,3.758158967381611,11.510219158872474,Ball_014_1
0.5077699999999999,-0.48899,0.01054421892578125,0.14504003211790226,0.14542280244004693,0.16682583971986428,1.1753430187799925,3.4916807267392347,13.791708012887655,Ball_014_1
1.0629,-0.70387,0.01227411369140625,0.2189878007336642,0.2193315087648753,0.3024745075713048,3.77538643633099,4.846088923289842,17.869436149104978,Ball_014_1
0.66381,-0.7562300000000001,0.010292517099609374,0.1727253949564198,0.17303178312407513,-0.05402539757949504,2.196858223457971,4.3704687195372935,16.811414024197063,Ball_014_1
0.24179,-0.17732,0.011549269072265625,0.08069958084763793,0.08152182508437873,0.04006917666036104,-0.4180200413777575,2.965954169742672,7.058612758579865,Ball_014_1
0.98383,-1.0036,0.011609100898437499,0.2557090936721398,0.2559724825255583,0.11815318740560288,2.8237247669108196,3.9207339249017075,22.049292422871265,Ball_014_1
0.71659,-0.68885,0.009142890683593748,0.20773873473998047,0.20793983351301432,0.03485501766063894,1.1443721432859109,3.4461410517047937,22.743333368604507,Ball_014_1
0.33107,-0.36549,0.011342039335937498,0.1181779651264272,0.11872098928884058,-0.25109854466515785,0.13353103655836351,3.0785625954667846,10.467339717764059,Ball_014_1
1.2014,-0.8663799999999999,0.014351753085937499,0.2100628904621878,0.2105525843250774,0.6756196408279372,6.981917892981132,5.705938011376723,14.670860653290207,Ball_014_1
0.5989300000000001,-0.5455300000000001,0.007946185283203126,0.16490050005465154,0.1650918434654757,0.024937370680344517,0.9154503077769607,3.627859401166539,20.77623624485768,Ball_014_1
1.1167,-0.7725,0.009846017021484375,0.2598896433353797,0.2600760864904312,0.33075803208005944,2.42815930703891,4.293743460905786,26.41434191192171,Ball_014_1
0.44226000000000004,-0.47502,0.014315029326171874,0.15941727523090046,0.1600587008152129,-0.3029155568074243,0.04965372541961788,2.9677861597828565,11.181163935264662,Ball_014_1
0.28998,-0.19589,0.0094139654296875,0.07958244097930747,0.08013730502915797,0.4503859845014357,0.21754701315042313,3.618539409029931,8.512597280614921,Ball_014_1
0.7910699999999999,-0.81339,0.012760383349609376,0.20885105291310785,0.2092405068005303,-0.05624497895240991,2.1537425747010746,3.887344800249708,16.39766491884201,Ball_014_1
0.6271,-0.43163,0.012502399296875001,0.17916781310037935,0.17960349450762636,0.27489110815078927,0.08686341106420681,3.4915801511968456,14.36552103938942,Ball_014_1
0.6715300000000001,-0.50798,0.01270819564453125,0.15770249441899956,0.15821370036287713,0.13982477949888805,1.9645513065754052,4.244449085100326,12.449736558881597,Ball_014_1
0.31084,-0.24261999999999997,0.010851558916015625,0.09355813554031867,0.09418535478878018,0.14310929027968466,-0.18206176216372505,3.300300746297428,8.679430009852656,Ball_014_1
0.38364000000000004,-0.34046,0.0148277984375,0.11366483474486129,0.11462791223816193,0.11526188166507391,0.4385766187085456,3.346828788577114,7.730608491254888,Ball_014_1
0.31167,-0.32315,0.0135608219140625,0.10676539607089998,0.10762316520694354,-0.16793201647458883,0.12754864491046014,3.0026063290001153,7.9363299623460835,Ball_014_1
0.48836999999999997,-0.44748000000000004,0.009847436621093749,0.15257749556859,0.15289494485426766,-0.09986333460953994,0.4273265513133526,3.194153981162278,15.52636845617162,Ball_014_1
0.28956,-0.23886,0.014968549140624999,0.08252205882802136,0.08386863332969438,0.37181618316130893,0.6510738346804033,3.4525422085891635,5.602989771338837,Ball_014_1
0.66256,-0.644,0.014963603037109375,0.18927432938631777,0.1898649024451136,-0.04658231537215757,0.9824748568522508,3.4896391485619342,12.688447380340541,Ball_014_1
0.52258,-0.6231300000000001,0.00864456310546875,0.16223549698150544,0.1624656423743817,-0.08832740200895198,0.7839625104095385,3.8354570668462813,18.793965825483582,Ball_014_1
0.68301,-0.7028300000000001,0.017664035322265625,0.21191867821553434,0.21265357819817055,0.011325962275809573,1.0897775653420139,3.305046652165855,12.038787416334705,Ball_014_1
0.3221,-0.26014,0.0118263034375,0.10023788451609364,0.10093312115087667,0.37417046411585103,-0.0772173386396866,3.191222000628486,8.53462902839099,Ball_014_1
0.2591,-0.26786,0.012609996669921875,0.08897518282412428,0.08986431535710813,-0.04163915886477415,0.04240661077779784,2.9807159377428754,7.126433938323233,Ball_014_1
0.5252899999999999,-0.49901,0.013533460126953124,0.15613127970203908,0.156716722287075,0.065621553101671,0.13971745162228144,3.3518439448084254,11.579944022963893,Ball_014_1
0.5636800000000001,-0.5812,0.013566463623046875,0.15773773331500168,0.15832006015218048,-0.17645928768099242,1.2345761177846422,3.6710445648535894,11.66995710018839,Ball_014_1
0.24470999999999998,-0.27475,0.010362719345703124,0.0854122526920616,0.08603858937808309,-0.11183419642550715,-0.0237376875387727,3.193334511788887,8.30270300730047,Ball_014_1
0.74747,-0.71785,0.012840301699218749,0.17670824180226724,0.17717414051880004,0.09322514880554363,2.3513884408443593,4.218843639328065,13.798283784196144,Ball_014_1
1.6093,-1.206,0.015253916113281252,0.305423106188545,0.30580378635760913,0.4751220435514697,6.173293554856841,5.262524751265009,20.047557888678476,Ball_014_1
1.5387,-1.8573,0.0109731933984375,0.32891800302216384,0.32910099313956453,-0.6091945062614252,7.8117798424144205,5.6435563339938115,29.99135722834055,Ball_014_1
0.31856,-0.26932,0.0087033982421875,0.10217097671138592,0.10254100459387296,0.08203350086668938,-0.08676625154495321,3.1066596056381433,11.781719043386138,Ball_014_1
0.46166999999999997,-0.35652,0.015742754306640624,0.13290201604311486,0.13383116296843425,0.17068954703066255,0.09977963278087065,3.4496449579478408,8.501127049340688,Ball_014_1
0.31522,-0.31939,0.008696106835937498,0.10896719381947147,0.10931363868700145,-0.14712172685761835,-0.2516344219886846,2.9217762844098116,12.570409745294599,Ball_014_1
0.3294,-0.3826,0.011213658984375,0.1029728270175044,0.10358160672530012,-0.08110547622299416,0.5975023871024137,3.693705942609624,9.237091803178417,Ball_014_1
0.29352,-0.31376,0.012342143798828125,0.09362742298634666,0.09443740174642262,-0.01882289888415622,0.9887571962550568,3.3224124221468543,7.651619980620335,Ball_014_1
1.1714,-1.0904,0.0093854903515625,0.2216185111485125,0.2218171587430121,0.14271492318968457,5.820203430015356,5.280925972350985,23.634048600565162,Ball_014_1
0.35882,-0.48148,0.009384886484375,0.1296739819870649,0.1300131443305108,-0.3748426924359352,0.5463259813908721,3.7033178358696994,13.85345797133648,Ball_014_1
0.56326,-0.3488,0.011806541875,0.1353077425711469,0.13582186727749654,0.4006610944689377,1.3083374835110586,4.147049419532414,11.503949015007201,Ball_014_1
0.32001999999999997,-0.22113000000000002,0.008882715390625,0.0935566093467262,0.09397734719158007,0.20789362292988647,-0.14777410123214807,3.40528868028511,10.579798235004517,Ball_014_1
0.22635,-0.18483,0.0081252326171875,0.07496375097349996,0.07540280740861259,0.12469952065086333,-0.42367806875732317,3.001877579590869,9.280078698181827,Ball_014_1
0.3463,-0.43559,0.009205976601562499,0.13016098395677408,0.13048613623593933,-0.13575504920377326,-0.06554247472815877,3.338209017655149,14.174066229945245,Ball_014_1
0.32022,-0.3342,0.010592130468749999,0.10304615883290434,0.10358911177379199,-0.21582940244274593,0.32156076056802707,3.226207764997409,9.779817412520917,Ball_014_1
0.8261200000000001,-0.86054,0.007463401621093749,0.16212081403441733,0.16229251586853866,-0.23311599108481676,6.965315059293063,5.302400976978259,21.745110656344966,Ball_014_1
0.43538000000000004,-0.42223999999999995,0.00815917908203125,0.1374301671372518,0.13767215783398482,-0.25358338732825836,0.36138524243161774,3.1624404214145665,16.873283399783837,Ball_014_1
0.25785,-0.23531999999999997,0.00821807134765625,0.08051246542187106,0.08093079627053691,-0.008295055522409354,-0.20371197261991636,3.1860553546513875,9.847905061777407,Ball_014_1
0.7312,-0.8724299999999999,0.006145105595703126,0.17253077698634944,0.17264017878320154,-0.15565816886859643,4.809519656277881,5.0534585928697595,28.093927435517163,Ball_014_1
0.27329000000000003,-0.24804,0.009656244765625,0.10111785266648052,0.10157786762308865,-0.0511577952626377,-0.4044920681631954,2.6904482610681715,10.519395434682583,Ball_014_1
0.3607,-0.27329000000000003,0.010817486953125,0.09716598331098932,0.09776628425368576,-0.000241956430776901,0.27054176563687093,3.6894109156755728,9.037799226339109,Ball_014_1
0.30124,-0.37551,0.00833252529296875,0.10370650506285209,0.10404071400230457,-0.31045038222674015,0.7081720320834766,3.609260086223766,12.486094894185623,Ball_014_1
0.30103,-0.28434,0.010470709931640626,0.10329007485276877,0.10381943618399751,0.08671623877325219,-0.5204138611217908,2.899553380033157,9.915223222357676,Ball_014_1
0.23699,-0.15855,0.011681476875,0.07159860434737114,0.07254527583842076,0.17906778946368793,-0.17460609996117737,3.2667874509300594,6.210282347379849,Ball_014_1
0.36675,-0.34401,0.01004572505859375,0.10856750126103318,0.10903127497198818,0.11544634169799778,0.7434029947252632,3.363713730124774,10.853498725332644,Ball_014_1
0.30312,-0.33942,0.007665593867187501,0.09877894360199113,0.09907593566786037,-0.1496802444085457,0.10058622215249846,3.4258570891725495,12.924755010462903,Ball_014_1
0.23678000000000002,-0.23176999999999998,0.012094924873046874,0.08104702316254513,0.08194453716505314,-0.08849113098353487,-0.07082552459622526,2.889515339302742,6.775116939547659,Ball_014_1
0.33587,-0.29415,0.0065949609375,0.10480024515654165,0.10500754684611187,0.12177233172126271,0.6225670852937433,3.1985319806935792,15.922388611376556,Ball_014_1
0.21049,-0.21863000000000002,0.007960588330078124,0.08835896740065567,0.0887168421815785,-0.019256047979918228,-0.33719254114894426,2.464357298563089,11.144506832725645,Ball_014_1
0.53656,-0.3947,0.010090206611328124,0.11710971466311247,0.11754359845578537,0.11928034617702749,1.7717409074201607,4.564774283620861,11.649274522738358,Ball_014_1
0.29352,-0.29123000000000004,0.0070554811035156255,0.09427859916834434,0.09454223434395553,0.09062629150162452,0.14997461880637886,3.1046441723335656,13.399826256641875,Ball_014_1
0.24888000000000002,-0.22364,0.009896976298828127,0.08417349316463658,0.08475333085723939,-0.10786258451888385,-0.22400150259483276,2.936521721874246,8.56355716479968,Ball_014_1
0.24763000000000002,-0.29853,0.00963800943359375,0.08351591492162812,0.08407020441891806,-0.1406762037128893,1.007526624347678,3.5509607537228964,8.722775825795676,Ball_014_1
0.54803,-0.49087,0.008971459072265625,0.12423663397005158,0.1245601392825727,0.45850592170571797,2.551190503847553,4.399722084101372,13.884043208043467,Ball_014_1
0.47752,-0.52696,0.0067947225976562504,0.13981608339187923,0.13998108954506688,0.058985048580833595,1.094987838605486,3.764508462879458,20.601439857443427,Ball_014_1
0.21445999999999998,-0.21466999999999997,0.01051945125,0.08095339675112534,0.08163400823275944,-0.14140405733106884,-0.32917075304900756,2.629663813128679,7.760290773006688,Ball_014_1
0.36278,-0.41723000000000005,0.009712316640625,0.11866518876398312,0.11906198435655063,-0.12378187493991648,0.5273063614500142,3.5043091105069046,12.25886433723443,Ball_014_1
0.63169,-0.67278,0.006872343857421875,0.15751940811957463,0.15766925205770388,-0.09181145777836011,2.456590321655856,4.2670335969294895,22.942569869354998,Ball_014_1
0.40367,-0.35527,0.013451198769531252,0.11250701676778252,0.11330826788157843,0.15492356741661648,0.5577621225683296,3.5625820073368746,8.423655125413918,Ball_014_1
0.1646,-0.22926999999999997,0.011864546474609374,0.06890515763249216,0.06991915482474569,-0.26348055115179725,-0.12577742149073323,3.279072770481835,5.893116022703402,Ball_014_1
0.41744,-0.41577,0.00856768287109375,0.10968414396509679,0.11001825588117506,-0.07881449859551756,2.694620844727658,3.7942793481163313,12.841073216107137,Ball_014_1
0.39178,-0.26223,0.01413127921875,0.11095461550661277,0.11185088177827902,0.33149258020147415,0.5397129878925129,3.502699221217788,7.9151272953932645,Ball_014_1
0.305,-0.31,0.011783499335937501,0.09699110488197923,0.09770427463948103,-0.019014387310236157,0.08636227318125567,3.172839652830229,8.291617249036014,Ball_014_1
0.5159100000000001,-0.42578,0.012927060361328126,0.12690780872647656,0.1275644966491123,0.2704328040367921,1.9421038073474932,4.044307072169074,9.86801973654485,Ball_014_1
1.0982,-0.9796600000000001,0.016211302265625,0.21397477870386,0.2145880058216519,0.0857325984008927,6.167761656446416,5.117713782172061,13.236937358187088,Ball_014_1
0.74684,-0.54282,0.012065026123046874,0.13921613962854068,0.13973796330426153,0.7215527693705944,5.363125081697829,5.344574781223029,11.582067895838465,Ball_014_1
0.33942,-0.28872,0.015270879150390625,0.10535693117312421,0.10645789165789574,0.1391576903191458,0.018274820615054477,3.188302825895042,6.971300318611471,Ball_014_1
0.33066,-0.25639,0.013433918291015626,0.09324472800964062,0.09420748092503876,0.1877758716812258,0.4270729104634219,3.5099123046628864,7.012657950687787,Ball_014_1
0.65067,-0.49128999999999995,0.015827573935546874,0.12501140587905776,0.12600937939908965,0.2655665680751648,4.32875459875701,5.163663196654372,7.961382581489941,Ball_014_1
0.7188899999999999,-0.86784,0.013259496503906251,0.1849877966958263,0.18546239288306798,-0.28597940392529075,3.3075185537569833,4.679331382658436,13.98713584948681,Ball_014_1
0.56931,-0.46771999999999997,0.013421575673828127,0.14560010150775154,0.14621740064929292,0.08753741930472939,0.8662140510793366,3.893585808380784,10.894204474084976,Ball_014_1
0.25368,-0.22071999999999997,0.016745307490234375,0.0819932997245994,0.08368576057293434,0.10426737382440136,-0.05323194258374109,3.031340041984457,4.997564578863309,Ball_014_1
0.7641600000000001,-0.50339,0.012055003125,0.14933526099732505,0.1498210374996881,0.6281322146587399,2.824591636193638,5.10048526997489,12.428119969613705,Ball_014_1
1.1582,-0.98759,0.013604512822265626,0.21161687683677732,0.2120537321795657,0.2736410200586239,7.218192686902134,5.46182320223169,15.58701288042437,Ball_014_1
0.27558,-0.28664,0.015127862060546874,0.0942940091454264,0.09549980299058576,-0.056993523385465636,-0.15889883966444307,3.0014721289716633,6.312841583002367,Ball_014_1
0.2858,-0.39074000000000003,0.010839652119140624,0.0936341489306977,0.09425949238161675,-0.5727526568235694,1.2508184841397707,4.145364949268922,8.695803393853412,Ball_014_1
0.7501800000000001,-0.75769,0.012896617880859374,0.17805181476280932,0.1785182665530188,-0.0806297531124009,2.9871144941506396,4.244327543538203,13.842253400072806,Ball_014_1
0.8386299999999999,-0.8313299999999999,0.014395663564453123,0.1809601893077255,0.18153188492314173,-0.09820858735907381,4.024709793848538,4.619739368295138,12.610177467693584,Ball_014_1
1.0009,-0.82549,0.012658384628906252,0.23076543122955973,0.23111235136179542,0.08011325028090319,2.4437822740644135,4.330794047879961,18.257648181774083,Ball_014_1
0.24971,-0.22614,0.013998655039062499,0.08615646366418686,0.08728630232757613,0.04560106860822717,-0.11182408675044675,2.8608153911944827,6.23533445525116,Ball_014_1
0.5061,-0.48941,0.015111812822265626,0.1351331164865189,0.13597546123523274,-0.0519806962792325,1.6783669450319145,3.7219950694079267,8.997957679632579,Ball_014_1
0.9281299999999999,-0.94106,0.014894144345703124,0.20845269987819184,0.2089841228952529,-0.0024694463670654272,4.251564140148919,4.503021485362584,14.031293373643868,Ball_014_1
0.41431,-0.31146,0.012921688583984375,0.10634416446159577,0.10712633360148381,0.29194030959911854,0.6631977049958806,3.867489740419639,8.290427726592364,Ball_014_1
0.31084,-0.28643,0.014746773896484374,0.09983085613388151,0.10091415746453905,-0.22198112228511996,0.017973766849633144,3.0802417096826735,6.843134052897014,Ball_014_1
0.45979,-0.38427,0.0121549180859375,0.1287675897032759,0.1293399945556944,-0.09140834678604924,0.7887909932910802,3.5548941997760646,10.640958910646544,Ball_014_1
0.55575,-0.59122,0.01162753259765625,0.13368761179055771,0.1341923137164436,-0.11241121703487628,2.6763091711081977,4.4057664647135955,11.540909565162867,Ball_014_1
0.4287,-0.36654000000000003,0.015835159384765624,0.1273538718730073,0.12833456648069255,0.02646734608126727,0.43919281271747845,3.3404873559455934,8.104405851434137,Ball_014_1
0.33671,-0.20756999999999998,0.014489794902343749,0.08182149061602044,0.08309458756705822,0.10102304137272904,0.1842175816827596,4.052129095365475,5.734696894772516,Ball_014_1
0.90122,-0.9581700000000001,0.011492181386718751,0.23649573826944237,0.23677479691182046,-0.062050298133416545,1.8619122209946166,4.046756700672346,20.603118619615334,Ball_014_1
0.38031,-0.32773,0.015588958408203128,0.11309907911016392,0.1141683726774618,0.09277949975125402,0.33923185651497123,3.331132674924647,7.323668609810147,Ball_014_1
0.75581,-0.7627,0.0149261747265625,0.15385756423466854,0.1545798847334058,-0.23768190684214463,5.211392007883051,4.9340183969043725,10.356295381027621,Ball_014_1
0.26494,-0.22091999999999998,0.013871760537109375,0.09365006406407407,0.09467185558339967,0.09472960655198318,-0.3329555355144098,2.798508549017472,6.824789723362531,Ball_014_1
0.30875,-0.28935,0.012876723623046874,0.09686196724928492,0.09771412748761499,0.09426743609121878,0.1897968549885256,3.159727306365254,7.5884303150139125,Ball_014_1
0.43538000000000004,-0.33337,0.01868125787109375,0.10404752156218983,0.10571128671471489,0.15554199219259313,0.5990815858731442,4.118576260039217,5.65868111159715,Ball_014_1
0.57849,-0.50089,0.0122824375,0.13925545520684474,0.1397960660240729,0.19704412340630315,2.4719412479001175,4.138099249247004,11.381784327605052,Ball_014_1
0.38072,-0.35006,0.016882386669921874,0.10477660200626193,0.10612799492900715,-0.15225844952726705,0.8822652129536062,3.58736633691526,6.286314294161584,Ball_014_1
0.60332,-0.64817,0.017391263564453124,0.14689429997245518,0.14792021975634675,-0.1385515401237543,2.3844745840501425,4.381889079706428,8.505432092539625,Ball_014_1
0.53176,-0.46375,0.011134397695312501,0.13743638987702914,0.1378866783792696,0.15352561652860316,1.2790245304110375,3.856500152109304,12.383845967121589,Ball_014_1
0.34025,-0.397,0.017902205976562502,0.11841435991601783,0.1197599666547527,-0.16734245880488965,0.3501477257843364,3.314964155171471,6.689676128286417,Ball_014_1
0.40826,-0.27266,0.01618334755859375,0.10149213996238954,0.10277429256554145,0.6228311470101399,0.6760908512898935,3.972394125381592,6.350619724554213,Ball_014_1
0.43163,-0.43955,0.01037528478515625,0.1357469255167497,0.13614284528253068,-0.16668397984276687,1.150421459471361,3.2285941715058835,13.121840506534095,Ball_014_1
0.72202,-0.54678,0.015771077363281247,0.13062046606869854,0.131569118858502,0.5495719985978581,4.244620307863121,5.48776187586044,8.342430100710528,Ball_014_1
0.58767,-0.43433999999999995,0.0116672038671875,0.1416400145396237,0.1421197289782925,0.2078343664955356,1.0357698971977118,4.135034594350561,12.181129121850411,Ball_014_1
0.35631999999999997,-0.37321,0.014974960849609373,0.11331343393574059,0.11429866037166306,0.12317589380795728,0.6681849748562096,3.26521759328781,7.632651189334721,Ball_014_1
0.5812,-0.48753,0.014009937490234374,0.13275726246625766,0.13349445339045027,0.005651577686541342,2.6947083776317378,4.353738907386232,9.528553853644866,Ball_014_1
0.52863,-0.39866,0.017272805498046877,0.1502728729304946,0.1512623090811387,0.14405885587468203,0.13412309171099013,3.494789942824735,8.757251411242445,Ball_014_1
0.47251000000000004,-0.3874,0.0153697688671875,0.12653561361785223,0.1274656475630872,-0.0964348878171164,1.1721809729817902,3.70695952459802,8.293269753843884,Ball_014_1
0.23156,-0.31605,0.010424275654296874,0.09192245235692559,0.09251163586397129,-0.35108845301323605,0.14136472919508725,3.4163269693813607,8.874633601156212,Ball_014_1
0.51069,-0.41097,0.01885382748046875,0.1398737803939946,0.14113873051848916,0.210788503011042,0.7492270870474291,3.618354752841885,7.485945396432296,Ball_014_1
0.73412,-0.58621,0.013232633623046875,0.15091083107555492,0.15148987269291786,0.37255724317046984,2.554685320708824,4.846000475834577,11.448201889370736,Ball_014_1
0.52947,-0.42328000000000005,0.012158626962890624,0.12985907558734808,0.13042703600873293,0.0735665966796045,1.384684175435904,4.059511065673819,10.727117928668399,Ball_014_1
0.45624,-0.465,0.016619192373046876,0.11576228536612877,0.11694915249082129,-0.045813811181334346,1.7031678883551225,3.9760869242759878,7.036993304409722,Ball_014_1
0.6771699999999999,-0.5334300000000001,0.013270086640625001,0.16056916936838175,0.1611165831039802,0.2636883430934961,2.0992857329679113,4.202981361390911,12.14133526976404,Ball_014_1
0.63669,-0.56076,0.012717713730468748,0.15763083705136033,0.15814303978374344,-0.0004895790318192487,0.6965354463245448,4.026038685259993,12.434862955753264,Ball_014_1
0.72828,-0.56931,0.014629733124999999,0.18397130368550446,0.18455207847936267,0.008029292921581643,0.5603172516624295,3.9462031641937645,12.614862095408224,Ball_014_1
0.26703000000000005,-0.27245,0.012517332509765625,0.09657318507257998,0.0973810232448952,-0.05234918098864714,-0.21820970308847176,2.797772996460161,7.779693907565987,Ball_014_1
0.45582,-0.52112,0.01189068845703125,0.1426544864347538,0.14314919130734036,-0.10240673650950019,0.9693097499448493,3.640397766835868,12.038762918216893,Ball_014_1
0.81402,-0.64045,0.01142701107421875,0.19192815508121522,0.1922680246296022,0.24009132071035563,2.3733279257147313,4.233777287379971,16.825747919124986,Ball_014_1
0.44727,-0.43475,0.01519796673828125,0.1235615470620107,0.12449270703673926,-0.16048795909045463,0.3337174269411127,3.5927405472455893,8.191404876006024,Ball_014_1
0.69323,-0.47084,0.008199757451171876,0.11954203365421788,0.11982292698997218,0.35489331556317016,5.510030177838569,5.78545368260418,14.612982529119206,Ball_014_1
0.76061,-0.70533,0.012138652900390623,0.20320765484878803,0.20356988451974012,0.13435169815799955,1.29936103458222,3.736358145793838,16.77038378309717,Ball_014_1
1.2089,-0.93063,0.017439471943359375,0.25650054810135386,0.257092719379523,0.4425916726131005,2.9148318757146363,4.702194594290375,14.742000530321022,Ball_014_1
0.494,-0.47251000000000004,0.008604589189453124,0.17914678111851642,0.17935330535076538,-0.032743161510027805,-0.06090223850078047,2.7543400790943484,20.843910215573487,Ball_014_1
0.35193,-0.2107,0.011391100810546876,0.09606690890067786,0.0967398995420565,0.1328698220449576,-0.18295100113846674,3.6378991298115166,8.49258492734094,Ball_014_1
0.34484000000000004,-0.38281,0.01126971873046875,0.10564358582959364,0.10624299406171965,-0.07723030289726526,0.8247195945358006,3.6031551988685417,9.427296916220703,Ball_014_1
0.93042,-0.69657,0.009409757099609374,0.23406119884821508,0.23425026859096093,0.44962230017046906,1.5501895423845031,3.9719057810463343,24.89439857127521,Ball_014_1
0.39157,-0.36341,0.010319822255859375,0.12779213382868812,0.12820814404663172,-0.14843144337097208,0.24490004939223153,3.0541741311176334,12.423482541121805,Ball_014_1
0.31564000000000003,-0.29811,0.010664279833984373,0.09314179806056411,0.09375031418791314,-0.16534298543113066,0.39527283404775426,3.366815347418632,8.791058267066125,Ball_014_1
0.9162399999999999,-0.78919,0.010626292265625,0.2454442509709754,0.2456741712553797,0.11183891140523967,0.9641946065184124,3.729492569725902,23.11946086130628,Ball_014_1
0.39741,-0.32606999999999997,0.009582409179687501,0.12699781778510935,0.1273588170794107,0.016749446829763946,-0.272367456536855,3.1203964200751853,13.29089599497442,Ball_014_1
0.65756,-0.72953,0.011877960771484375,0.18629404559584037,0.18667232622044963,-0.21500663697371863,1.0390372856305818,3.908077918471899,15.715855111488663,Ball_014_1
0.26473,-0.2422,0.010258177236328124,0.0943020018077488,0.0948583035119255,0.045494206220203615,-0.5093194168038275,2.7907941361814914,9.247090597041495,Ball_014_1
0.39387,-0.31292,0.006616655859375,0.11266045505996741,0.11285458904750101,0.16141784928698125,0.042855368987266385,3.490066286486162,17.056134456723374,Ball_014_1
0.47752,-0.44247,0.012879352431640626,0.13682418305894456,0.1374290172736674,-0.1108290046700225,0.22403568523794926,3.4746664568984773,10.670490409560966,Ball_014_1
0.59226,-0.60707,0.013339587353515625,0.15709869070949867,0.15766402003437818,-0.2021138336634997,1.5520861317104195,3.8504028757939017,11.819256775852915,Ball_014_1
0.24909,-0.35986,0.006504812968750001,0.09229067074473371,0.09251962223372544,-0.42577371783318335,0.4879191464730388,3.8895532366243266,14.223254143500816,Ball_014_1
0.57682,-0.51278,0.014931765986328123,0.17244370647034543,0.17308896422562914,0.12767259275197232,0.5148490170488733,3.3325059124831533,11.591994730704911,Ball_014_1
0.51173,-0.35757,0.012298760048828126,0.13976271716439345,0.14030280327888284,0.24974598384905386,0.37045833845055,3.647325530164198,11.407881063942733,Ball_014_1
0.35152,-0.36612,0.011857893818359375,0.12673406095566422,0.12728759504414205,0.01803465198201233,-0.05926280817375229,2.876321113590937,10.734417617456419,Ball_014_1
0.24031999999999998,-0.20486,0.010662972861328125,0.07883689876724474,0.07955473334427195,0.06984566095607629,-0.4970856121093692,3.0208133052147303,7.46083919728966,Ball_014_1
0.37071,-0.32732,0.014807506181640624,0.09831998463746375,0.09942877661135348,-0.17223407262536203,0.9476686802381842,3.7283974409202605,6.714754576288991,Ball_014_1
1.8302,-1.2930000000000001,0.009962580283203126,0.3408564742195249,0.34100203668492207,0.6748323687590426,6.331923533824595,5.367123353353865,34.22828150570277,Ball_014_1
0.31146,-0.26515,0.0131633460546875,0.09815040323179511,0.09902916405746053,0.25456800015097936,0.20035667333531837,3.1451340604485454,7.523099075489011,Ball_014_1
1.1311,-1.0297,0.01941719408203125,0.19584627869925392,0.1968064844113758,0.38161924422142346,10.537713801316928,5.747269952185327,10.135680440966539,Ball_014_1
0.57724,-0.51465,0.005826977988281249,0.1781800068471615,0.17827526051735398,0.03348760501929162,0.5547876259528985,3.2379141956485604,30.5948006464219,Ball_014_1
0.3947,-0.40534000000000003,0.012397085283203126,0.11107009608282603,0.11175980479298994,-0.15082217248463092,0.8898093906525255,3.62688532897777,9.015005803776155,Ball_014_1
0.36132,-0.38928,0.0130241593359375,0.1150871862766934,0.11582179920677374,-0.2997931849863696,0.5630002965097427,3.3610252932092943,8.89284193524455,Ball_014_1
0.32252,-0.20173,0.0100494181640625,0.08521318553828572,0.08580371667368783,0.41496235643350593,0.14804633715692095,3.75881149143847,8.53817671179729,Ball_014_1
0.41013999999999995,-0.3002,0.010876798583984377,0.11526311796948578,0.11577517484972398,0.118258261195138,0.09405940732397777,3.5425556211839497,10.644231692951113,Ball_014_1
0.39407,-0.28601,0.012249864912109377,0.0968299935449642,0.09760177682953697,0.21895563276596794,0.45753393521985997,4.037528913543454,7.967579198810213,Ball_014_1
0.34672,-0.31918,0.010999971357421874,0.10119917546295308,0.10179524784706635,-0.13631345354902707,0.13328883399832625,3.4060528750305434,9.254136695932997,Ball_014_1
1.0145,-1.036,0.007527256035156251,0.1915318296368327,0.19167968423244938,-0.15657556906094797,9.034821032520131,5.404850277918841,25.464745436113635,Ball_014_1
0.43475,-0.3922,0.011618740810546875,0.12171314069269869,0.12226644574577007,0.0047278930194722376,1.2447948756512082,3.5557588493921015,10.523208772466491,Ball_014_1
0.54532,-0.61688,0.009571662353515625,0.17346132273199966,0.17372520601267008,-0.04142805751609046,0.9652787124160938,3.55089517870029,18.149949449367302,Ball_014_1
0.46166999999999997,-0.49296,0.0065473669921875,0.14591151806489575,0.14605834148905286,-0.025153110867300574,0.37052286135688783,3.375089649788047,22.30794750857653,Ball_014_1
0.26995,-0.21966999999999998,0.01145043685546875,0.0859928245181002,0.08675182057329893,0.004062393532928827,-0.42280743515586083,3.1117502215433257,7.5762884937946815,Ball_014_1
0.29436,-0.2495,0.007222347285156249,0.089546138598931,0.08983692580607579,0.3212187305677174,0.14853226900036098,3.2766036246477217,12.43874184117005,Ball_014_1
0.36508,-0.41953,0.005621400205078125,0.09997456369057121,0.10013247987234578,-0.04401355543578963,1.8669574526885802,4.189749383467681,17.812726083648062,Ball_014_1
0.24763000000000002,-0.34359,0.010690340869140625,0.09873876741086224,0.09931579722136237,-0.3440487306027262,0.2741954988930648,3.4595704425008122,9.290235844379612,Ball_014_1
0.45748999999999995,-0.62063,0.00851975537109375,0.11476520689670419,0.11508101036064376,-0.49167065878931265,4.200634183656487,5.392983539700169,13.50754708797734,Ball_014_1
0.83196,-0.64441,0.007968772236328124,0.17001133803320853,0.1701979917354972,0.32847502274820956,4.488160837766402,4.888189259041026,21.35811707623915,Ball_014_1
0.35047,-0.431,0.01091760763671875,0.11972153234036831,0.12021829919956112,-0.2973426260332458,0.6333944995884764,3.5851446849984114,11.011413139983402,Ball_014_1
0.7981600000000001,-0.7612399999999999,0.010538908701171875,0.16031869402701757,0.16066471999521273,0.22836195874297435,4.544456735660791,4.967860990614004,15.244909060882039,Ball_014_1
0.27308000000000004,-0.26244,0.01206991921875,0.09142104997270332,0.09221437701388363,0.22230032769982708,0.2464488706447976,2.961360320175728,7.640015455167082,Ball_014_1
0.41056000000000004,-0.26682,0.011214562734375,0.1015204645531517,0.10213800047196421,0.22409261576865594,0.6005628526312501,4.01965961819504,9.107621383334756,Ball_014_1
0.51361,-0.6018600000000001,0.011759246640625,0.13033823699205013,0.130867627409344,-0.3203535046534834,2.8661456983320637,4.598998295571062,11.12891159441459,Ball_014_1
0.30625,-0.36967,0.011055350849609374,0.10716387577422606,0.10773261833521783,-0.24032366068325994,0.6271609548956936,3.43136556301249,9.744838500008882,Ball_014_1
0.24115999999999999,-0.20674,0.01116922962890625,0.08210343708787914,0.08285967699759976,-0.033255846283996124,-0.35287217825849027,2.910462674100493,7.418566215577718,Ball_014_1
0.60853,-0.64712,0.01461844474609375,0.16288494928424443,0.16353961486479499,-0.17404897668087205,3.8254382919008467,3.9569617219536646,11.187209482136295,Ball_014_1
0.5444899999999999,-0.34088,0.009515948681640626,0.12353400060002702,0.12389997007085633,0.49949116015290085,1.3107877816511548,4.39459343932062,13.02024224759194,Ball_014_1
0.6039399999999999,-0.69093,0.011654613857421874,0.1532561984605792,0.15369870653572218,-0.09900862268001258,2.418494111689233,4.495353351227213,13.187798002423392,Ball_014_1
0.70595,-0.55909,0.014451657041015625,0.13681710915471576,0.13757823864508711,0.42800656199992443,4.011950886051039,5.131262050024415,9.519893029202791,Ball_014_1
0.44185,-0.21591999999999997,0.008718051533203125,0.10669753678634832,0.10705311195294483,0.6024726399406718,0.6193741442761169,4.12739048694656,12.279475438491323,Ball_014_1
0.56702,-0.40075,0.011532921259765624,0.14607998219322094,0.14653453337133776,0.5003315052580903,0.8787884124147771,3.8695315232864957,12.705759223102202,Ball_014_1
0.45811999999999997,-0.42891,0.010047333056640625,0.11762622568862133,0.1180545546402236,-0.007706926879788192,1.0919339462557147,3.8805787503545446,11.74983871091629,Ball_014_1
0.40242,-0.26891,0.010530139853515625,0.09779870072930381,0.09836396550401233,0.46507592685785126,1.349987568216032,4.0911322947065685,9.341182313926241,Ball_014_1
0.6903100000000001,-0.7289,0.00909770373046875,0.19801604932670133,0.19822493285185394,0.0979757036031106,1.5908858828842334,3.6771357963713744,21.78845529993812,Ball_014_1
0.87389,-0.5908,0.010411446123046876,0.1977236657763722,0.19799759144600634,0.44830542113254834,2.2142284631666103,4.413639525633669,19.017297893941855,Ball_014_1
0.55638,-0.70408,0.009566757207031248,0.19153110010033159,0.19176987549952032,-0.31285089551547596,0.5861239473380255,3.671483826615288,20.04543977693257,Ball_014_1
0.29123000000000004,-0.29123000000000004,0.006470963046875,0.09273471756595486,0.09296021302036393,-0.25401757877454584,-0.061825761063316165,3.1328456272293326,14.365744013870216,Ball_014_1
0.60937,-0.62835,0.010750255751953123,0.1642336269848805,0.16458509115755676,-0.096661375198647,2.188913836501313,3.817781985980131,15.309875378339656,Ball_014_1
2.5954,-2.2347,0.006506143242187501,0.47067643511119056,0.47072140005407304,0.28655318285890724,8.916821494592511,5.513664758364915,72.35028651867188,Ball_014_1
0.37405,-0.30959000000000003,0.007235247675781251,0.11677130630800656,0.11699524257767147,0.03165860125003709,-0.0009970968203059094,3.1971385208636587,16.17017573553386,Ball_014_1
0.39574000000000004,-0.31876,0.010687474033203123,0.10098924111898033,0.10155318273199486,0.2968813342128262,0.5366685097009696,3.8968743810571453,9.50207438300406,Ball_014_1
1.2928,-1.2945,0.0082309391015625,0.3036084851660505,0.3037200365852038,0.04570390263284659,4.016475943627426,4.262148820644896,36.89979915265668,Ball_014_1
0.9598399999999999,-0.6127,0.008590427109375,0.19945595356723908,0.19964085967391074,0.504089740583854,3.0742262935701596,4.807833410254541,23.239919726007194,Ball_014_1
0.66319,-0.60019,0.00680143095703125,0.19827968097190182,0.19839629872903985,0.13061139898642904,0.24847537839615796,3.342753876487379,29.1697836547405,Ball_014_1
0.34776,-0.2276,0.0100256994140625,0.09167647654298494,0.09222305026444094,0.39901132688675667,0.17015981639311972,3.7708576677085954,9.19866407887919,Ball_014_1
1.3391,-1.2538,0.0055046573242187495,0.27764953304677487,0.27770409513247946,0.1165811284431943,6.0874482475918015,4.822039064779148,50.44892503330671,Ball_014_1
1.3126,-1.0898,0.011304946445312498,0.3129783675835086,0.3131824713954618,0.19303331996918233,2.5119088835099337,4.191166861798554,27.703133774878385,Ball_014_1
0.43642,-0.42412,0.01383905466796875,0.12294512601861732,0.12372155610820905,-0.018348403602218687,0.5387262035442073,3.527437014216523,8.940028790733846,Ball_014_1
0.27391,-0.24720999999999999,0.007871131718749999,0.0970938956901028,0.09741241858620733,0.12456762446985373,-0.4776228548902508,2.8118591157423936,12.37590853399779,Ball_014_1
0.28705,-0.32043,0.012111942558593752,0.0938218461683184,0.0946004121078459,-0.06602146139783258,0.12355732966811317,3.387194510817886,7.810506352692203,Ball_014_1
0.88828,-0.84239,0.013810026250000001,0.2485112059887499,0.24889462896376166,0.23611514511058843,1.3581958472999638,3.568899819692096,18.022747128450572,Ball_014_1
0.9433600000000001,-0.9222899999999999,0.007784495527343751,0.2044484173589153,0.20459656334156853,0.09713013525509716,4.345255762799385,4.610830113574564,26.282568515883398,Ball_014_1
0.25931,-0.18462,0.011713213095703124,0.0770011873587204,0.07788698360880407,0.17182808307722586,-0.2117962760374419,3.3293110691396377,6.649497138225804,Ball_014_1
1.0487,-1.0931,0.012783356953125002,0.2785002773090665,0.2787935054412458,0.1679216611231319,1.7739742735847575,3.920823027599334,21.809097927441854,Ball_014_1
1.0226,-0.89538,0.007024738671875,0.29192788996710856,0.29201239681571123,0.05173724230893328,1.283573620890297,3.5019061096349815,41.56914141385813,Ball_014_1
0.5292600000000001,-0.50047,0.013095969775390626,0.13655963922013178,0.13718614903950946,-0.12994117926040796,0.8050946841185724,3.8579696262893433,10.475447096850862,Ball_014_1
0.30938000000000004,-0.28267,0.012373904697265625,0.09523304920579531,0.09603357318401957,0.13638158892037913,0.1822281875256686,3.221581646093542,7.760975033553148,Ball_014_1
0.44164,-0.51632,0.009972803916015623,0.1294344671471438,0.12981809621009063,-0.0640355837620869,1.4890653395855074,3.9772574941105128,13.017210033018085,Ball_014_1
0.55784,-0.40534000000000003,0.009696959960937501,0.1328759622593502,0.133229322518852,0.40598618962224403,0.9952610785862008,4.187066219855612,13.739286262525225,Ball_014_1
0.32836,-0.41681,0.013302712890625,0.11789908816939021,0.118647196180205,-0.3447551385131575,0.5934321839852967,3.5130201969030606,8.919021874462837,Ball_014_1
0.2931,-0.23803000000000002,0.011603820029296875,0.07419589697115579,0.07509780134349259,0.13371202305027635,0.3613750262971842,3.902910482777901,6.4718165812699615,Ball_014_1
1.0902,-1.0825,0.008661046259765626,0.2578539597814545,0.2579993765443819,0.003916721905787853,2.8250094149661757,4.22559159009002,29.788473472821522,Ball_014_1
0.63774,-0.61562,0.014584696279296875,0.17564787576408933,0.17625234644110782,0.04819849372463704,0.7111524311842357,3.6183347867925084,12.084744925854567,Ball_014_1
0.39261,-0.34401,0.013464944072265624,0.12567513349304713,0.12639439820405196,0.12547543275077583,-0.28182163804992344,3.1062294094706506,9.38692267407703,Ball_021_1
0.43809,-0.43475,0.012329714697265626,0.15990270814624513,0.16037736104893116,0.020607786322157793,-0.4089821474873241,2.7316199393923104,13.007385164971664,Ball_021_1
0.48858,-0.41953,0.011811360849609376,0.17026633138227365,0.17067551625086094,0.04949257405646397,-0.29236480299814804,2.862624984940747,14.450113240456307,Ball_021_1
0.42828999999999995,-0.4335,0.01138763478515625,0.1503597098598555,0.15079031989865938,0.05280085158371678,-0.3974867836429543,2.8748529575140265,13.241582602704428,Ball_021_1
0.47543,-0.4552,0.008656794013671875,0.16549406233228453,0.16572032087175434,0.059546913163306,-0.44464935906751046,2.868869639101474,19.14338050167856,Ball_021_1
0.54511,-0.41618999999999995,0.01021543755859375,0.15274470995941727,0.15308592876257449,0.06481643684776703,0.025257371199476353,3.5608105907932055,14.985742206220873,Ball_021_1
0.50422,-0.5010899999999999,0.010071946904296875,0.1811870704198639,0.18146679751892825,0.05606839503982407,-0.12712115716936756,2.7785799061606653,18.017050846888438,Ball_021_1
0.72577,-0.73036,0.0092061197265625,0.22256265138052295,0.2227529717645715,0.04445519089430227,0.14435562255738743,3.278789014285885,24.1961819077454,Ball_021_1
0.39762,-0.38594,0.0088423639453125,0.15069025569366293,0.1509494636001164,-0.05958895995626865,-0.5015714377672245,2.634126600272111,17.071164166339628,Ball_021_1
0.50151,-0.47105,0.00882141767578125,0.1570857143985084,0.15733321034638664,0.05112780882623243,-0.016609072136019698,3.187566030771912,17.83536369023464,Ball_021_1
0.49859,-0.45165,0.009896382685546875,0.16827278742307009,0.1685635470004963,0.06291133307601345,-0.4208405178289478,2.957875566302935,17.03284273897688,Ball_021_1
0.56243,-0.48941,0.011422105878906252,0.20575505108708558,0.20607184560380426,0.05665856076683033,-0.5228671184133575,2.729290823900527,18.0414916257146,Ball_021_1
0.4214,-0.40743,0.010063794521484374,0.1720860564615353,0.17238007654208007,0.005839131614012092,-0.720348037693264,2.4445980417727284,17.128734002402965,Ball_021_1
0.51674,-0.47084,0.0117803023046875,0.19812358720158066,0.19847350283605153,0.08722238481689476,-0.33112347383767116,2.603571711148162,16.847911102346316,Ball_021_1
0.41243,-0.36216,0.008710581455078125,0.1477457030592708,0.1480022533671828,-0.008626225155897813,-0.5117258372922628,2.7866467423988777,16.991085743169787,Ball_021_1
0.38448000000000004,-0.37801,0.009846330576171874,0.1509562310551135,0.1512770105474724,-0.06196480752949083,-0.4858296158850419,2.5415626344479048,15.363794056414148,Ball_021_1
0.44915,-0.35944,0.011782068476562501,0.14187755084952886,0.14236592490005132,0.009822644262941112,-0.13491235130295998,3.1548981763749278,12.083269851977443,Ball_021_1
0.5050600000000001,-0.55742,0.00502580955078125,0.19482250697521827,0.19488732125448718,-0.08434305038253041,-0.5967777279050588,2.860216834792935,38.77729160009671,Ball_021_1
0.70929,-0.59226,0.013614536679687499,0.2006505173624727,0.2011118736594896,0.13414424075289097,0.4061017355852208,3.526842963404954,14.771847446538178,Ball_021_1
0.7264,-0.5472,0.01019410234375,0.19386204482737557,0.19412988473505624,0.11083966942153414,0.4443910232479955,3.741824692522475,19.04335066939234,Ball_021_1
0.29477,-0.34693,0.009686892080078124,0.1295838601066243,0.1299454219212984,-0.05746796533508499,-0.5382032717567453,2.669813158483609,13.414561392087794,Ball_021_1
0.48773999999999995,-0.5835,0.010776575810546874,0.15301229051047885,0.15339131537823006,-0.12889450474116262,0.4936534929500933,3.8039963002939117,14.233769969338342,Ball_021_1
0.55742,-0.47084,0.008948514306640624,0.16814330727504656,0.1683812569429474,0.06642222791003533,0.14880475287763106,3.3104634494943053,18.816669712571535,Ball_021_1
0.56472,-0.56055,0.012366986279296874,0.19366133850435235,0.1940558073877967,-0.03301582379860792,0.312852605227826,2.910090683147584,15.69143745402395,Ball_021_1
0.43559,-0.5142399999999999,0.010419966044921875,0.14901611302616835,0.14937997735240524,-0.033078734625102385,0.06707886542105923,3.4424961475549702,14.335935680833552,Ball_021_1
0.63085,-0.5472,0.0113096904296875,0.20768909651772938,0.20799680264361295,-0.011676379585368057,-0.5832047219426406,3.032979300397878,18.39102365760656,Ball_021_1
0.5340600000000001,-0.47356000000000004,0.011022550976562502,0.1615472125398653,0.16192281651895551,-0.0067678003872488676,0.49192166685999217,3.2982380629430454,14.69013862336559,Ball_021_1
0.5857899999999999,-0.5131899999999999,0.01012857404296875,0.18032941073269507,0.18061363289448817,0.10793697401090499,0.35753679827984497,3.243332119336073,17.832087152266304,Ball_021_1
0.39178,-0.38114000000000003,0.0120099159375,0.13033457924052338,0.1308867473300108,-0.08387550150650884,0.5291725158502483,2.9932747585125044,10.898222528194799,Ball_021_1
0.48962,-0.5449,0.009272303496093752,0.15879653668075247,0.15906701629792783,-0.12701652700955968,0.23924543950535115,3.4256001605877757,17.155068231952455,Ball_021_1
0.43288000000000004,-0.44206000000000006,0.0102441534765625,0.16700894037196568,0.1673228282232229,0.1266718709753205,-0.5618531313146766,2.6419586738534906,16.333493272289004,Ball_021_1
0.9026799999999999,-0.7917,0.010414837187500001,0.28849329817423836,0.28868122891018067,0.01867695642635247,-0.0012129993985032783,3.126909221915317,27.71826347303782,Ball_021_1
1.1317,-1.1238,0.009431942910156251,0.2937806481920218,0.2939320173087392,0.0009378502396002835,1.0590237468436836,3.850210012885664,31.16346111772731,Ball_021_1
0.5593,-0.53698,0.010129800341796873,0.20435369612671023,0.2046046088816488,0.05991103434664963,-0.17794235124983393,2.733564997990616,20.19828444585815,Ball_021_1
1.2344,-1.2719,0.009105336503906249,0.33963433380943536,0.33975636543710014,0.04771659663816695,2.028192168034942,3.7435648766142244,37.31397823434249,Ball_021_1
0.54469,-0.53301,0.010869157060546874,0.1764352600858207,0.17676973603181634,-0.05231704945636141,0.015898269180632862,3.0813532290426084,16.263424917285846,Ball_021_1
0.55033,-0.48086,0.005930389121093749,0.20408561967128852,0.2041717651188367,0.020472297718854653,-0.72188284388921,2.6954265541283724,34.42804958018193,Ball_021_1
0.51862,-0.4988,0.009915956298828126,0.20029550098927357,0.20054080359334447,0.03851592852371383,-0.6348725578838481,2.5861071069882997,20.224048727705245,Ball_021_1
0.44456,-0.48023000000000005,0.009868067509765625,0.17647872981923285,0.17675440824767874,-0.0476439957310397,-0.4445061991838215,2.716933637152289,17.911753254728552,Ball_021_1
0.46667,-0.5326,0.0072915970214843745,0.1875676601846319,0.18770933523472205,-0.024194399004701456,-0.5503070836303201,2.837365528446639,25.743236898365037,Ball_021_1
0.48712,-0.5131899999999999,0.012009511318359374,0.14416299457884307,0.1446623564305702,0.0952424523633748,0.09792446290648149,3.5475019840341138,12.04564786610191,Ball_021_1
0.5424,-0.54908,0.008935230419921877,0.20496421894512273,0.20515888815852287,0.05260947605021214,-0.43220710378943306,2.6763646569354105,22.96066867402038,Ball_021_1
0.53322,-0.59831,0.008812316962890625,0.1873868668585202,0.1875939625929023,-0.05178855898904444,0.2042127471420505,3.1893883392665696,21.28769790001626,Ball_021_1
0.61834,-0.50735,0.01151257986328125,0.18782921212291273,0.1881817005498212,0.10682546771020153,0.32585170825401066,3.285866770825718,16.3457440850658,Ball_021_1
0.58517,-0.5152800000000001,0.009171324345703124,0.1746006594171548,0.1748413665559709,-0.03547150310981895,-0.18324828839347163,3.346862405504081,19.063914970357715,Ball_021_1
0.48545,-0.5134,0.014153241904296874,0.1678213021261764,0.16841705288873488,-0.016406115202641472,-0.20240087257401074,3.0483848763865615,11.899538079545295,Ball_021_1
0.56305,-0.51966,0.0104030603515625,0.1724762472640255,0.1727896974213437,0.07272738873407211,-0.13222412952378537,3.2585854662875535,16.609504796911665,Ball_021_1
0.43642,-0.46584,0.012889481972656248,0.18238255090595204,0.18283745136181925,-0.04801840979725165,-0.7541256657060167,2.5478368571781647,14.18501050427629,Ball_021_1
0.40471,-0.33712,0.010386852871093751,0.13355103869920298,0.13395434539499554,-0.01443953788914998,-0.4360089520035264,3.021253217171606,12.896527385235078,Ball_021_1
0.52342,-0.494,0.009639077998046874,0.21117217921842238,0.21139205543376016,-0.010332144570925517,-0.7501234471216032,2.4760627661712253,21.93073170959525,Ball_021_1
0.46166999999999997,-0.37905,0.014833528173828124,0.14374334334106595,0.14450668604930128,0.031603746277222726,0.06392107498499211,3.194800250610494,9.741895158993247,Ball_021_1
0.59205,-0.47272,0.011147918251953125,0.18560818666672416,0.1859426659996617,0.09720785508843878,-0.08542958569850745,3.184045972628096,16.679584933940422,Ball_021_1
0.55137,-0.5292600000000001,0.012173898369140625,0.1772704670936689,0.17768799144880248,-0.06777391399072577,-0.2701298314321612,3.1030234086237827,14.595815692317963,Ball_021_1
0.45541000000000004,-0.47126,0.01348515271484375,0.15346831107489553,0.1540596373094639,-0.007111807402580419,-0.15487044760825608,3.0589452576369607,11.424388669732636,Ball_021_1
0.58996,-0.58955,0.009491772607421876,0.1971013172965783,0.19732973173669863,-0.059957661472431985,-0.17587956083034006,2.9897167133307607,20.789553132872992,Ball_021_1
0.45165,-0.50422,0.014964063359375,0.17072040730491833,0.17137497093385778,-0.08531670518673701,-0.13742036824897408,2.94220325354512,11.452434767596493,Ball_021_1
0.34442,-0.36967,0.00983642234375,0.11570550963914421,0.11612286667740647,-0.10101994656308254,0.22368635232606238,3.1834384337368986,11.805395377903311,Ball_021_1
0.62439,-0.5380199999999999,0.012151410830078126,0.17579463098174414,0.17621410008046726,0.04355953577179,0.023915570491646054,3.5433600158643124,14.501533035386746,Ball_021_1
0.49004,-0.45019,0.010318487744140625,0.1565422665811977,0.15688196969602575,-0.055006042409911395,0.18892506317415103,3.123622158912707,15.203967711367762,Ball_021_1
0.41973,-0.42704,0.008969469062499999,0.17376568972288223,0.1739970295727261,-0.053124888467612943,-0.7207098634388855,2.454294757757425,19.398808219471228,Ball_021_1
0.37091999999999997,-0.41389,0.01173141912109375,0.13645113341360543,0.13695451071232487,-0.07503651472480691,-0.3076395553514524,3.0220983217360704,11.674162999761045,Ball_021_1
0.44018,-0.46751000000000004,0.00810349310546875,0.1346217513970693,0.13486542384808906,0.029164818459288495,0.5767725635744796,3.4664926205259667,16.642873073366385,Ball_021_1
0.64879,-0.59622,0.011049070732421876,0.2292951310910129,0.2295611881527338,-0.06888145136255415,-0.032374681607402866,2.8262181529663577,20.776513512815765,Ball_021_1
0.47418000000000005,-0.45143999999999995,0.011434937919921876,0.1883494118828029,0.18869620759790112,0.03239589281871867,-0.5809190274389677,2.5129280737719832,16.50172413856587,Ball_021_1
0.43601,-0.43433999999999995,0.01107266404296875,0.17431511542512798,0.174666434539336,0.057389362196707136,-0.6372034703697405,2.4962437611650223,15.77456139615195,Ball_021_1
0.49004,-0.45687,0.014425222802734377,0.14965758949480085,0.15035119269996783,-0.04524795955448035,-0.04280734347968007,3.2593023569729387,10.422797923694464,Ball_021_1
0.52717,-0.4721,0.012139260517578125,0.15540737445495262,0.15588076751445476,0.03156218152988215,0.3718641778432308,3.3818796572786707,12.84104204269208,Ball_021_1
0.53155,-0.51257,0.012501859384765626,0.18074148024998277,0.18117334012219172,-0.041668392560726325,-0.16709090784719205,2.933930547991042,14.491710397195273,Ball_021_1
0.48816000000000004,-0.5593,0.0128193917578125,0.17957765042053075,0.1800346337114018,-0.012552678028411021,0.21200398739894855,3.1066244608797984,14.043928375755835,Ball_021_1
0.57244,-0.64254,0.01211793673828125,0.1916600539014639,0.19204275735446272,-0.08375640718757729,0.11080209386704976,3.3458173872613957,15.8478085547336,Ball_021_1
0.44372,-0.3801,0.012790101318359375,0.13696777487810008,0.13756365089220263,0.04037247645334373,0.06328078694097927,3.225561359389521,10.755476967118456,Ball_021_1
0.5255,-0.50068,0.012656474609375,0.1713963566991571,0.1718630194058118,-0.03917734350039493,-0.09344534915117642,3.0576676632306494,13.57905823944449,Ball_021_1
0.5038100000000001,-0.45061,0.014277028066406253,0.18224722398506896,0.18280559121830173,-0.013306241600035578,-0.5574906902741472,2.755987898873264,12.804175880571819,Ball_021_1
0.49692,-0.4648,0.011193498505859375,0.19947111106612986,0.19978493075994744,0.010550489443358945,-0.7348406564342365,2.487274668927868,17.848299421942848,Ball_021_1
0.4116,-0.36779,0.01280208251953125,0.1485952502058857,0.14914570627606635,0.13165001804889248,-0.496057500278551,2.759717376499043,11.650111956270642,Ball_021_1
1.2621,-1.2805,0.013886220449218747,0.46571589583040374,0.4659228721016814,-0.024506508769998776,0.08622548517768314,2.7483089453746308,33.552890813785396,Ball_021_1
1.6625,-1.5705,0.010504608984375,0.46408107062974513,0.46419994283365124,-0.011835566889424984,0.7836519504582573,3.581430851262159,44.19011686527361,Ball_021_1
1.7762,-1.7703,0.01407200177734375,0.5064214026253518,0.5066168752331986,-0.027928414597858976,1.7908677833527582,3.5060024316726572,36.001760605737196,Ball_021_1
1.3406,-1.1887,0.016825612499999996,0.35240391956655576,0.35280536243355437,-0.02545235385359157,1.475669985982929,3.7998288545079952,20.96835057060799,Ball_021_1
1.3395,-1.2532,0.012658106650390622,0.3979324706580955,0.398133744950147,-6.502371054848691e-05,0.31768319145800605,3.364447283420501,31.45286451548394,Ball_021_1
1.046,-0.99802,0.014424291054687496,0.31426476632513145,0.3145956190505834,-0.004590223137688825,0.6755829482666864,3.324903251455996,21.81012543685626,Ball_021_1
0.98195,-0.92584,0.01722947029296875,0.316265275965882,0.31673424101027003,0.001947080427379105,-0.10478120346148012,3.10023316003882,18.383282668663636,Ball_021_1
0.50568,-0.47856000000000004,0.018260264716796874,0.16934921802346933,0.17033083958193843,-0.07565207240240174,0.109616679738759,2.968810570489379,9.327949670812185,Ball_021_1
0.57557,-0.5323899999999999,0.015088131523437501,0.19258879129879428,0.19317891770790904,0.06677779568468475,-0.37660837010365045,2.979465895397598,12.803368303388778,Ball_021_1
0.42704,-0.37134,0.015782194208984374,0.14453156857304822,0.1453906873504484,0.01812950105532242,-0.3711112489623165,2.9371894778478977,9.21232347117855,Ball_021_1
0.37864000000000003,-0.38323,0.016071988564453125,0.14362240778875285,0.144518873630591,-0.15334194725996336,-0.5139676911718571,2.651764352438985,8.991971594495524,Ball_021_1
0.50193,-0.45019,0.014038052763671875,0.17880644704689863,0.179356662633232,-0.046726630120904195,-0.4249294582707823,2.7985021009668256,12.77646215441751,Ball_021_1
0.39095,-0.4408,0.015503514912109374,0.1390779102879604,0.13993935866901763,-0.08741930465821499,-0.15605821422154476,3.149935808214167,9.026298257914181,Ball_021_1
0.50589,-0.44601999999999997,0.0127687509765625,0.16464788476265416,0.16514226278671884,-0.00825005395937245,0.06334131842057689,3.063358757473233,12.93331275365387,Ball_021_1
0.50047,-0.56034,0.013581225878906249,0.1719788681763069,0.172514291569068,-0.10952019368370411,0.3178225286212375,3.2480787049899744,12.702408486895205,Ball_021_1
0.63899,-0.5036,0.016179309765625004,0.186556761875604,0.18725703048484685,-0.030356588257317255,0.03522700129501244,3.41236852327069,11.57385708189116,Ball_021_1
0.48023000000000005,-0.45186000000000004,0.013102581435546875,0.18109944675501172,0.1815728152980133,-0.08210392257584255,-0.6456187771950526,2.644834231197936,13.857788431493645,Ball_021_1
0.52446,-0.48607,0.014641403681640623,0.16716911938341372,0.16780907358422187,-0.07696123958735764,0.5169530455341045,3.1253375379099553,11.461268726124592,Ball_021_1
0.5584600000000001,-0.51215,0.014689406435546875,0.17728714974228196,0.17789466581427055,0.10671719718219745,-0.04997001081679997,3.139273425116536,12.11040449349805,Ball_021_1
0.45416000000000006,-0.49378999999999995,0.015079397119140626,0.1738592499874031,0.1745119681387471,-0.04086945526763835,-0.14924157541918026,2.829548038664376,11.572873582880941,Ball_021_1
0.46103999999999995,-0.43976000000000004,0.014046699843749998,0.16364419638975247,0.1642459521222617,-0.055340714878579896,-0.22400828688231078,2.8070097998506554,11.692849014816318,Ball_021_1
0.51674,-0.55325,0.013795783925781251,0.1822055451725069,0.18272707611554803,-0.02313624504151917,-0.5744122665027058,3.027739559639268,13.24513806924257,Ball_021_1
0.44414,-0.5013,0.01535363162109375,0.14932645732408045,0.15011370643920785,-0.006873410427057699,-0.0629022468209155,3.339468517243926,9.777080782366289,Ball_021_1
0.4698,-0.5593,0.01153823060546875,0.18922010588083368,0.189571567580845,-0.07361963664466081,-0.4617441409782077,2.950336931782468,16.429863263534614,Ball_021_1
0.59414,-0.54303,0.014690258437500001,0.16738980967370157,0.16803318742307596,-0.02368944357152022,1.2479047682840916,3.535849111569955,11.438408432334125,Ball_021_1
0.48733000000000004,-0.47168000000000004,0.013358594589843752,0.16440095259077864,0.1649427939079827,-0.06225756394057417,-0.5704102887822344,2.9545394830484644,12.347315464313112,Ball_021_1
0.50965,-0.4648,0.012196711552734376,0.14957945153027602,0.15007588777947908,0.017896603119191837,0.12859725564739133,3.39594857071863,12.304617914917872,Ball_021_1
0.57244,-0.5595100000000001,0.015086111367187502,0.19957817808565076,0.20014754538632473,0.0032506725365996727,-0.06322088493786193,2.860090020264732,13.267006138814686,Ball_021_1
0.55972,-0.57328,0.011636969404296874,0.16902241557063508,0.16942253693723572,-0.12389187538319807,0.39433463900220467,3.383729266364652,14.558990102327456,Ball_021_1
0.42203,-0.3826,0.014437418330078125,0.14428673071497466,0.14500724019321687,0.029145008777846586,-0.472021623827918,2.9104063805866107,10.04384764880499,Ball_021_1
0.6613100000000001,-0.63669,0.013492995283203125,0.21946957923086974,0.2198839628747116,-0.07436314454962271,-0.007946546937193322,3.0075408335680636,16.296155298614888,Ball_021_1
0.75373,-0.71075,0.012325820742187502,0.21361283850538582,0.21396815331094618,-0.08020174684395177,0.9081992790329223,3.5226270116096465,17.359341858612066,Ball_021_1
0.51799,-0.55408,0.012138523251953127,0.16319732015609276,0.16364812572366494,0.03882145421157264,0.06617355762335553,3.3858010543293022,13.481715102009492,Ball_021_1
0.57119,-0.60415,0.011988688603515624,0.19102289562396452,0.19139873381764075,-0.09386286902333207,0.1025784930946334,3.156499443821386,15.964941970097719,Ball_021_1
0.5807899999999999,-0.5353100000000001,0.013305971650390625,0.14750654649573422,0.14810546965139132,0.05185810053258037,1.5418883196483044,3.9214621677753936,11.130751095226652,Ball_021_1
0.53593,-0.46041000000000004,0.0115794031640625,0.21213823954773559,0.2124540309244528,0.057697686663194664,-0.7609543119348974,2.5225692124806227,18.347578848989393,Ball_021_1
0.5038100000000001,-0.51507,0.0112323566015625,0.17820716574915177,0.17856080129516197,-0.002382026788754336,-0.44661781955862434,2.884563652153548,15.897001113134335,Ball_021_1
0.40617,-0.4116,0.016232840458984377,0.14535453130265358,0.1462581446606682,-0.016594475636797487,-0.19214665523222996,2.8142022322295017,9.010014976750655,Ball_021_1
0.53781,-0.47439,0.01029058744140625,0.16497207696025554,0.1652927172215089,-0.028140414690745318,-0.10610656561044118,3.2536823508418586,16.06251364172922,Ball_021_1
0.58537,-0.52613,0.015661870927734377,0.18982824104855447,0.1904732403791806,-0.033803632284564296,0.15888033806345891,3.07324008223647,12.161588426852509,Ball_021_1
0.6352300000000001,-0.51027,0.012166198378906253,0.19248437087241077,0.1928684769814463,0.02814578387748128,-0.17688840188752897,3.2935916052653686,15.852812449863473,Ball_021_1
0.53781,-0.53113,0.013118077041015624,0.1760839439131954,0.17657190957023533,-0.06333128659494532,-0.2034919942299509,3.04584120012721,13.460196609454295,Ball_021_1
0.38135,-0.34588,0.013787055703124999,0.13814821807643213,0.1388344808131414,-0.02923929852326795,-0.1922405462850172,2.7467960049958084,10.069914398892182,Ball_021_1
0.5219600000000001,-0.53176,0.01066361732421875,0.21751487492164354,0.21777610875992712,-0.038836664743711,-0.4813182976843904,2.4417738042350177,20.4223465374153,Ball_021_1
0.523,-0.50798,0.015123826689453126,0.21237520191421366,0.21291302572138615,-0.0752659448153741,-0.7874050310953651,2.456402072027221,14.077985420970174,Ball_021_1
0.58162,-0.5645100000000001,0.012443895947265624,0.20670259541692285,0.20707682994105947,-0.013213238372361102,-0.29221572255141437,2.8087159599498954,16.640834524635128,Ball_021_1
0.41243,-0.39241,0.015915781337890626,0.1483260510433709,0.14917751008015992,-0.14295612083083678,-0.3405753466944397,2.7646928616363793,9.372929769529064,Ball_021_1
0.44706,-0.41513999999999995,0.013570398037109375,0.16514787018402244,0.1657044801120486,0.014479315663903179,-0.44338962334198184,2.6979354873191395,12.210730108887443,Ball_021_1
0.47313999999999995,-0.38031,0.013104161123046876,0.1625639843228358,0.16309128743637405,-0.04389436336025478,-0.5349259019158557,2.901074634557097,12.445762339092106,Ball_021_1
0.43538000000000004,-0.44893999999999995,0.0163221528125,0.1731140652000406,0.1738818341360549,-0.03776622797055554,-0.6317237107246476,2.581868311021241,10.653118217945657,Ball_021_1
0.75352,-0.73746,0.010090606015625,0.23506666033822154,0.23528313822356117,0.014373757029836306,-0.2418047405904531,3.2026094283110567,23.31704503596586,Ball_021_1
1.6852,-1.6952,0.012452930351562499,0.5086237201900803,0.5087761435192671,-0.03519926482965936,1.2967608385491403,3.3319172258002823,40.85593416970293,Ball_021_1
1.4071,-1.2517,0.01603247345703125,0.43176503532351884,0.4320625949247052,0.017330655669431306,0.06963901566523534,3.256704036109649,26.949214613294988,Ball_021_1
1.2269,-1.1159,0.01579604392578125,0.4090670144156435,0.4093718814069104,0.04487234235849131,0.3404476859818102,2.9970304574569613,25.91610009533215,Ball_021_1
1.7682,-1.7109,0.013763228583984379,0.5953340633582217,0.5954931346839073,-0.0030524099927155207,0.5767643397153859,2.9693037485130227,43.2669622380531,Ball_021_1
1.544,-1.5871,0.012479966826171876,0.45153874910092107,0.45171118152156353,-0.04348146564380406,1.5291106724682386,3.513528248604374,36.194899523240366,Ball_021_1
2.5157,-2.4416,0.019508882460937498,0.6642209725560105,0.6645074091973144,0.04969995285795314,2.8879305975104295,3.785811807957122,34.06178577712318,Ball_021_1
0.58558,-0.59205,0.016555069853515625,0.20686894815696896,0.2075303159767881,-0.07773317359337953,-0.26601255722669226,2.8528361958133557,12.535755226485007,Ball_021_1
0.46021000000000006,-0.38344,0.01614239592773438,0.1746294815526483,0.1753739797508013,0.06267777060446576,-0.5272762386461838,2.6241635049268695,10.86418457778658,Ball_021_1
0.50276,-0.49983999999999995,0.01845295931640625,0.17484092888794353,0.1758120079002907,-0.06386415604611531,0.05237531903711323,2.859645385686556,9.527577412279962,Ball_021_1
0.43851,-0.44769,0.01224939578125,0.14817497631061638,0.14868043348624402,0.03850552472952142,-0.11538749898755984,3.0110888601245005,12.137775936348746,Ball_021_1
0.66986,-0.60582,0.017765580478515626,0.1979274635555671,0.19872316593512432,-0.011735131021150052,0.13355290306567946,3.3708198713373174,11.1858520462978,Ball_021_1
0.54991,-0.48294,0.017062338046875,0.1905404823200376,0.19130289799785677,0.08426501063226653,-0.2961497283399561,2.874551315639816,11.211997222203497,Ball_021_1
0.49025,-0.49567,0.013977501230468748,0.17180685637831847,0.17237449474689664,-0.12064976618209389,0.2272224938267966,2.875541406820468,12.332281684144357,Ball_021_1
0.4529,-0.50694,0.018120815869140626,0.1354121638607554,0.1366192449445369,-0.11789059526626744,0.16779988865739837,3.710604582064533,7.53935354742184,Ball_021_1
0.43163,-0.40763,0.015912026416015624,0.15752242544640202,0.15832405724709453,-0.042002744949232916,-0.1645243008403745,2.726243912509873,9.949961315912496,Ball_021_1
0.45374,-0.52842,0.017302658300781253,0.16604583705422785,0.166944907042152,0.04742711648743949,-0.2802294539518906,3.1652358026192626,9.648511488324461,Ball_021_1
0.48836999999999997,-0.61229,0.0136020708984375,0.20366155473175632,0.20411527431449686,-0.09219063484034533,-0.5184075417168614,2.9997264979634446,15.006189927428926,Ball_021_1
0.44456,-0.42265,0.01610086625,0.14008539858960056,0.14100764799119106,0.046257907849709644,-0.11778343638763644,3.1527367712355256,8.757767255747735,Ball_021_1
0.6469199999999999,-0.5981,0.015257841669921876,0.17826520192628553,0.17891697501982243,0.011299614479556318,0.7067809223517187,3.6157552759461287,11.726230168339947,Ball_021_1
0.50756,-0.50047,0.011429172470703124,0.1895169260314512,0.1898612420579188,-0.060545197535374656,0.03051496413348609,2.6733207463787885,16.611983582592217,Ball_021_1
0.55888,-0.50631,0.01489898810546875,0.19600254740525275,0.19656799952157844,0.0025164567940577564,-0.0696966952978042,2.8431891178475333,13.193378297687804,Ball_021_1
0.4189,-0.39095,0.012931434189453124,0.14682907823941865,0.14739742266007735,-0.021711638122313543,-0.3577758189571951,2.8419764036449657,11.398380806199661,Ball_021_1
0.41306000000000004,-0.36841,0.015550192177734375,0.15157666550187401,0.15237222188257107,-0.04530900275150924,-0.6421680524521953,2.7108615480285643,9.798734982967673,Ball_021_1
0.43392,-0.4358,0.014689108515625,0.15177923801991433,0.15248838317357036,-0.10692285593279366,-0.23950370560078182,2.8579226041502896,10.381050193094854,Ball_021_1
0.5134,-0.50735,0.014058829726562501,0.18600067157340566,0.18653123202037347,0.07102088282004938,-0.4559089163304981,2.7523540786540823,13.267905108775848,Ball_021_1
0.51862,-0.55429,0.013990188583984375,0.20689360003859938,0.20736607030453988,-0.08064000079214607,-0.605819131717952,2.6730023697365812,14.822248766516179,Ball_021_1
0.56055,-0.56097,0.012564227158203125,0.17479179030780193,0.17524277378279976,-0.08334548942757995,0.43729584208368255,3.201102018016321,13.947754814400167,Ball_021_1
0.6732,-0.64462,0.01571555546875,0.18016154412984337,0.18084568191400327,-0.12117194304101689,0.9194404063912898,3.7225107569757347,11.507431014206242,Ball_021_1
0.45478,-0.41807,0.015402205263671875,0.16965476518821945,0.17035247951836263,-0.029037243119450773,-0.5326026097511622,2.6696411969826195,11.060264782985106,Ball_021_1
0.60707,-0.5918399999999999,0.0128435346484375,0.1634681632800573,0.1639719390274479,-0.051682128918209565,2.403337105442697,3.702279791886223,12.766884720516671,Ball_021_1
0.62585,-0.6878,0.014848968398437502,0.20519479691920245,0.20573136986179463,-0.05123852796427711,0.3242651140768573,3.3431945605517175,13.854925843098776,Ball_021_1
0.6765399999999999,-0.6604800000000001,0.013990438291015626,0.23857287576455563,0.23898273873680673,-0.002744738967862842,-0.3464691566404152,2.830915742053497,17.08186095988255,Ball_021_1
1.4561,-1.4234,0.014195545830078121,0.4770500857115141,0.477261246906531,0.020976834726431994,1.1218283721702234,3.0509495719316586,33.620490469256865,Ball_021_1
1.3719,-1.2373,0.012272289345703125,0.44823309274360523,0.44840106435676763,0.03630585615347889,0.51150676618234,3.0595377798856385,36.537683816596264,Ball_021_1
0.75122,-0.8323799999999999,0.012590038720703123,0.26891329576337,0.26920785596506375,-0.07638067886293771,0.06844579456705091,3.091960277028695,21.38260576909674,Ball_021_1
1.1251,-0.96088,0.016371381357421878,0.3415321499179512,0.34192430676266355,0.017260981791224907,-0.011115488873989054,3.2904943417504966,20.88548781634521,Ball_021_1
0.81047,-0.87764,0.013673518681640625,0.311910801761946,0.3122103671707862,-0.027497612726366978,-0.28841422125763216,2.8110533456720783,22.833211524168846,Ball_021_1
0.8799399999999999,-0.8503200000000001,0.013933159970703126,0.23292432019723047,0.23334067773560432,-0.023943170135349585,1.1519109360319915,3.7710527147178223,16.747145764427998,Ball_021_1
0.44018,-0.37843000000000004,0.01605831234375,0.1534312672510062,0.15426932023438467,0.06366944339747478,-0.583197772068397,2.8533216875390615,9.606819653598757,Ball_021_1
0.53364,-0.45561999999999997,0.0158799189453125,0.20134894521529273,0.20197418044151247,0.05213001672173735,-0.6782117593861421,2.642119879834894,12.718841224456678,Ball_021_1
0.523,-0.49087,0.01572504740234375,0.15337834752871615,0.15418234207082726,0.10857793924205829,0.309085797525531,3.3920875087476636,9.804888234738092,Ball_021_1
0.58767,-0.48649,0.012894204277343752,0.1803275601869253,0.18078796825816437,-0.046845764096075375,-0.30986994631910214,3.2506034688669465,14.020869403702195,Ball_021_1
0.58621,-0.552,0.015542051933593752,0.22211489643581606,0.22265799468467287,0.004483044802104123,-0.4022215755050973,2.6327821652997705,14.326163707974722,Ball_021_1
0.44643999999999995,-0.39261,0.01142406673828125,0.16005766858961973,0.16046484529386879,0.04443516734289473,-0.426199885293149,2.782166999882379,14.046209193609938,Ball_021_1
0.5084,-0.55721,0.012100469951171875,0.1918857812513148,0.19226693532551728,-0.04698768944901986,-0.27786813323360837,2.898106198855826,15.889210932480038,Ball_021_1
0.51945,-0.5092300000000001,0.0145982434765625,0.15901899282460763,0.1596876601104594,0.05815446978140965,-0.2304589702970845,3.2529125693730663,10.938826265503236,Ball_021_1
0.5676399999999999,-0.58308,0.01044703734375,0.1833167023895258,0.18361414423794176,-0.035909712996004914,0.7254590287202416,3.175572335368818,17.57571267533348,Ball_021_1
0.44038999999999995,-0.51299,0.01112291744140625,0.16093312914761965,0.16131705225937137,-0.09050340075121224,-0.11815055179404022,3.180010976119159,14.50312281881448,Ball_021_1
0.42808,-0.39324000000000003,0.011461150048828124,0.17331245808666176,0.17369100750609584,-0.043749201133977726,-0.7426068756480668,2.4646065658889658,15.154761224777275,Ball_021_1
0.48315,-0.43309,0.009450491923828125,0.1932717426685413,0.1935026571180282,0.046413588737812796,-0.8804542939654012,2.496864925262678,20.475403630019944,Ball_021_1
0.48523999999999995,-0.44769,0.011346763535156248,0.17205205900475531,0.17242581027937365,-0.06566891623194573,-0.4980168448432689,2.814195835296305,15.196033172728502,Ball_021_1
0.62689,-0.50151,0.012217416669921873,0.17114730607628503,0.1715828244529623,0.14222428062185638,0.3754637932913698,3.653570795008592,14.044115466018894,Ball_021_1
0.62021,-0.59101,0.012104655341796874,0.2229909406991624,0.2233192385685592,0.035922282978867175,-0.08911502480181843,2.777234962819202,18.449035830736243,Ball_021_1
0.4431,-0.36278,0.013877574052734373,0.1553767322473342,0.15599524347059082,0.10856337737166447,-0.2585977917817761,2.8404712047714757,11.240814254494286,Ball_021_1
0.557,-0.51132,0.013464290673828124,0.16147480344894322,0.16203517911930168,-0.0021612885352396893,0.07920646803377274,3.437525107756831,12.034437684847953,Ball_021_1
0.57786,-0.56138,0.015181536201171875,0.20749405678103253,0.20804870256956143,-0.028032453708815446,-0.12766954786898976,2.7775227150444204,13.70406038681656,Ball_021_1
0.42662,-0.43914,0.012737407080078126,0.16684273783647044,0.16732824240962083,-0.0942479146199475,-0.6192400159900657,2.6244224588253275,13.136757600734303,Ball_021_1
0.53906,-0.50965,0.014111266923828126,0.157884944058164,0.1585143003468302,0.09334785290127758,0.890179945051147,3.4007026206457778,11.233172043963872,Ball_021_1
0.65171,-0.56472,0.011794859511718749,0.21626922274471688,0.2165906171040314,0.04219099907779878,-0.30145771075174776,3.0089484286294197,18.36313510353416,Ball_021_1
0.57348,-0.59727,0.011602384111328124,0.21199829631615938,0.2123155504385416,0.02688654313646746,-0.47614749004875323,2.8131241256384842,18.29930211773826,Ball_021_1
0.43267,-0.37342,0.01322104193359375,0.1551335558532832,0.1556959090711557,-0.013799806040749126,-0.4965689210558164,2.7789426183530597,11.776371187445678,Ball_021_1
0.68029,-0.63252,0.012279539345703125,0.17514399043532522,0.17557392879397546,-0.1387409535790109,1.1906908009202617,3.874664084800493,14.298086398275695,Ball_021_1
0.47189,-0.4043,0.013762041318359376,0.17065910417374794,0.1712130941798389,0.13179037506768324,-0.33314085096005686,2.756156002578751,12.440965535430053,Ball_021_1
0.61792,-0.53906,0.013287669892578124,0.18521651291070865,0.18569253842299865,0.015958124468381286,0.1380033064992574,3.3276511911574866,13.974799641276327,Ball_021_1
0.41618999999999995,-0.43663,0.012164807392578126,0.17634411827039126,0.17676320484608854,-0.05695078738021216,-0.671001517823353,2.470140762100587,14.530701934765663,Ball_021_1
0.47397,-0.43204,0.0109110046484375,0.1694165860820641,0.16976757541456397,0.010941900688371453,-0.5708773753373846,2.791875869409768,15.559296813202124,Ball_021_1
0.40534000000000003,-0.34171,0.008305695263671874,0.13612741379474683,0.13638056078583638,0.03115975203940392,-0.27545030439344087,2.972124433953579,16.42012378689415,Ball_021_1
0.4285,-0.44477,0.012906092373046874,0.13577278543480883,0.1363848103165021,-0.06318309058835489,0.191960110797893,3.2611402670627467,10.567474321960864,Ball_021_1
0.5159100000000001,-0.47502,0.008628730185546876,0.16786474915536392,0.16808637361073686,0.007282936883813772,-0.1121509716282838,3.0693148162352317,19.479848195095187,Ball_021_1
0.6734100000000001,-0.55533,0.0091937975390625,0.19289950039623657,0.1931184692521845,0.021284806915408964,-0.2854736561004736,3.4870305213200217,21.005297041442134,Ball_021_1
0.5522,-0.47251000000000004,0.014182121904296874,0.19702405880577786,0.19753382578690404,0.025390817053559167,-0.6908553691167763,2.7954705732284704,13.928367926289484,Ball_021_1
0.74684,-0.69949,0.007556205781249999,0.23349200975093115,0.23361424370816417,0.03454181428794275,0.05993514303665615,3.1968940975023514,30.916867480103306,Ball_021_1
1.5978,-1.5087,0.015316049150390625,0.5523909658030806,0.552603257737807,0.027663464259589935,0.31168764456363807,2.8914053160842945,36.08001098923754,Ball_021_1
1.3627,-1.1518,0.008696021650390625,0.43216097604230885,0.4322484586512543,-0.0038665552675851396,0.3723365269781884,3.152584976472676,49.70645501157218,Ball_021_1
1.5786,-1.7851,0.008493959609375,0.30004524964319906,0.3001654530143256,-0.3545443699825367,5.144284738668587,5.9470534537755455,35.338691432477965,Ball_021_1
2.1005,-1.9095,0.016324380576171877,0.4671351262568335,0.4674202729708923,0.10518316301010978,3.48773078093015,4.493814489807099,28.633260671459013,Ball_021_1
1.0883,-1.0815,0.010064755957031251,0.3520906481088299,0.3522344727566717,0.015431589139653343,-0.08762515058986864,3.089703254746758,34.99681852830041,Ball_021_1
1.2287,-1.1547,0.013636664619140624,0.3919893088226829,0.392226435688901,-0.03409839496243513,0.1333199981498261,3.1326292291066493,28.76263499035763,Ball_021_1
0.5086,-0.44831000000000004,0.011281612636718749,0.16286084020366115,0.16325111961492766,0.029061640906290872,-0.1363351735153273,3.115445689341833,14.470546933426908,Ball_021_1
1.2822,-1.1879,0.014095117841796873,0.3418850948219418,0.3421755257296791,0.06029480267680075,1.473800953202904,3.7471996090852704,24.27617174216446,Ball_021_1
0.59977,-0.55825,0.012246086992187499,0.21191313940984116,0.2122666843881889,0.11553267147924054,-0.23428404750647092,2.825549373907418,17.333427991339466,Ball_021_1
0.47397,-0.41139,0.012105608769531252,0.14967925093275225,0.15016798568093923,0.09164814121348547,0.20328131201804345,3.1562652631618513,12.40482623675007,Ball_021_1
0.43976000000000004,-0.38906999999999997,0.01500434072265625,0.1788185982956746,0.1794469875393605,0.049330618577787894,-0.7599855104938928,2.4506401783585328,11.95967079771312,Ball_021_1
0.55033,-0.52175,0.012023714169921876,0.1621055721689887,0.16255087274658103,0.12108708192457238,-0.3099785283375347,3.3855862310403313,13.51918857436118,Ball_021_1
0.69886,-0.58204,0.0124243575,0.19967792041290688,0.20006408113329832,0.0908572531263455,0.713958486782996,3.493180747628477,16.10256828417325,Ball_021_1
0.7426699999999999,-0.64712,0.012608358369140626,0.2220896030269797,0.22244721277967525,-0.0034179374868180817,0.41520092409997567,3.338634759145978,17.642835698681157,Ball_021_1
0.5373899999999999,-0.4819,0.012076154736328126,0.17575981674463112,0.17617419418099253,0.030326737818681938,-0.37959794434003813,3.0503332196177335,14.588599056487494,Ball_021_1
0.51549,-0.57202,0.012485592490234374,0.19215167921871376,0.19255689508922724,-0.05726012430405995,-0.20023679396263416,2.9706544487242703,15.422326158531103,Ball_021_1
0.51257,-0.44414,0.011962564267578125,0.17349174302366344,0.17390367403032292,0.06992687635585616,-0.7251456089032091,2.94743627419389,14.537322901940623,Ball_021_1
0.56389,-0.46208,0.014773615458984375,0.18693364007329882,0.187516520618274,0.025221972696739984,-0.24876073933734588,3.0071483575612965,12.692662026178322,Ball_021_1
0.50297,-0.4383,0.012797011591796876,0.1805610684125945,0.18101398545962744,0.0035732794318554715,-0.5769189637020564,2.7786250655950293,14.145018937909054,Ball_021_1
0.59935,-0.60248,0.012021178906249999,0.2075707274220443,0.20791853122031398,0.12197242700272534,0.21434634571459377,2.8976733991253942,17.296016933596835,Ball_021_1
0.58391,-0.43788,0.013507326337890625,0.15868200784460035,0.1592558553975083,0.1311956200222824,0.1509989638428042,3.6664899690881056,11.79033064155966,Ball_021_1
0.39324000000000003,-0.43163,0.00894728111328125,0.1711504030324549,0.17138411331710948,-0.02831360794235722,-0.7085186570917439,2.518494795855825,19.15487978888122,Ball_021_1
0.6519199999999999,-0.6371100000000001,0.012765371259765627,0.1881052155807118,0.1885378657778477,0.16253515009377928,0.7839171836033252,3.457766925771738,14.769476513590469,Ball_021_1
0.69323,-0.65547,0.011171944921875,0.23047902808046186,0.23074963648563293,0.045285882778789185,-0.08787384607147253,3.004251740344174,20.654381796981163,Ball_021_1
0.40555,-0.42182,0.00982122828125,0.14989518868189158,0.15021659067803494,-0.0114098902379844,-0.42070378914112805,2.808078623592414,15.295090500006745,Ball_021_1
0.43914,-0.39387,0.011833074306640625,0.16499257162198294,0.1654163545057793,0.03551321051377025,-0.5569304917387239,2.654755623513041,13.979151676060829,Ball_021_1
0.50047,-0.45206999999999997,0.010527110712890624,0.1753952645051716,0.1757108957088335,0.005803392969434329,-0.5011197301321326,2.848258186453384,16.691273019708966,Ball_021_1
0.47231000000000006,-0.45728,0.008533306660156248,0.19511539380323079,0.19530190531980504,0.040725953667631806,-0.7966086354998021,2.4183583708937118,22.887010886963495,Ball_021_1
0.49087,-0.48858,0.009259464853515625,0.16767186424121097,0.16792734067892748,-0.0657449257186565,-0.42080307446320653,2.923109453721539,18.135748145252784,Ball_021_1
0.71659,-0.58496,0.0083968650390625,0.20477211225589792,0.2049442004552124,0.14343877460466095,0.8528034628568029,3.496512684485979,24.407225207810292,Ball_021_1
0.40868000000000004,-0.41056000000000004,0.007806705234375,0.17638803184013063,0.176560704640221,0.023056122221309986,-0.6213497706778122,2.3253192068488957,22.616542667223385,Ball_021_1
0.65568,-0.58621,0.008145868925781249,0.19216353011530757,0.19233610552086344,0.0106650358367898,-0.02319287479883725,3.409032302153189,23.61148744987074,Ball_021_1
0.49463,-0.4577,0.011411993193359376,0.16505701485992166,0.16545105543064295,0.058093018221731275,0.06632179710676445,2.989585020917342,14.497996811715756,Ball_021_1
0.48357,-0.4698,0.007333464765625,0.17085644916205045,0.17101375946318761,-0.009632941867744738,-0.11427609142502826,2.827667192922134,23.319636980484745,Ball_021_1
0.50673,-0.55638,0.010746608935546876,0.1766487645215388,0.17697535311618856,0.026077275519779248,-0.18668931427862479,3.143827584233696,16.46801681438181,Ball_021_1
0.5232100000000001,-0.47606000000000004,0.010049909824218748,0.1829271684782881,0.18320302850924416,0.02033759643521885,-0.4820855822421617,2.855902554676912,18.229318818208107,Ball_021_1
0.44477,-0.47084,0.008475525576171875,0.1679266503150336,0.16814040091488994,-0.01741075518133301,-0.3383313797023657,2.8002787827183373,19.838342715790716,Ball_021_1
0.42828999999999995,-0.43455,0.009368103056640624,0.13892232554629494,0.13923783210776655,-0.11269323075032853,0.08176480936251052,3.1209190081525424,14.862968138047867,Ball_021_1
0.8782700000000001,-0.8663799999999999,0.008073219833984374,0.26162395989696613,0.26174849239423936,0.061354178026392224,0.841621605761417,3.355396581699405,32.42181748483879,Ball_021_1
1.1399,-1.0929,0.008075334677734374,0.2984800505507645,0.29858926907533756,0.07238460585777343,0.9445914618381659,3.8176187634351018,36.975462196403726,Ball_021_1
1.3643,-1.1797,0.012110132646484374,0.446151911508296,0.44631623705084017,0.008503279880088935,-0.1710577581999022,3.056801172993826,36.854773867867905,Ball_021_1
1.3612,-1.5064,0.0031434915234375,0.4606844178929784,0.460695142614235,-0.022642546471064184,0.01571422988497373,3.2698412841559934,146.55518954772367,Ball_021_1
0.91645,-0.92917,0.010926945556640623,0.32307595483434914,0.3232606854093522,0.040809286436517274,0.36425736404291564,2.87436746583954,29.583807675246412,Ball_021_1
1.6205,-1.5976,0.010864960185546875,0.37579124050625373,0.3759482727730805,0.043701517857685085,4.559160736080687,4.3104334107891695,34.601897452996525,Ball_021_1
0.4527,-0.41368,0.011665576416015625,0.1639667683608076,0.16438122398803529,-0.03772174450837052,-0.29520183197018524,2.753964146653308,14.091134808497088,Ball_021_1
0.54803,-0.50068,0.01187406578125,0.16540263287966211,0.165828297952134,0.09496243218541314,0.3620994437535354,3.3048038450794683,13.965585759883778,Ball_021_1
0.49296,-0.38656,0.008549107099609377,0.16110675827427243,0.16133342739136683,0.011354480301331965,-0.5203219450833938,3.055535389752983,18.87137529571517,Ball_021_1
0.5835,-0.5947600000000001,0.0136535146484375,0.19387241996003704,0.19435260143207772,0.02515546680525284,0.0052342796763480415,3.060211144884754,14.234619598090058,Ball_021_1
0.44456,-0.373,0.0130747091796875,0.15291223447694535,0.15347019082827035,0.03200885060282473,-0.40294824524457207,2.896718865755068,11.737942082012442,Ball_021_1
0.49066000000000004,-0.59518,0.009401886875,0.18130707364046372,0.18155068281027986,-0.022148730084142115,-0.28213375274346,3.2783131823505665,19.310024244495672,Ball_021_1
0.43768,-0.47481,0.013000296591796873,0.16806683236723172,0.16856888162834163,-0.06575296044322397,-0.13781255932155734,2.8167120324743125,12.966540222487508,Ball_021_1
0.59727,-0.49087,0.008958376630859376,0.18794776146137285,0.18816113719416513,0.10555776026919927,0.10571761404160185,3.174247380368585,21.003930058272715,Ball_021_1
0.38344,-0.35736,0.011760872236328126,0.14990531826422063,0.15036596210464823,0.043874941374824124,-0.4900666238080058,2.5500451836506532,12.785271899724526,Ball_021_1
0.48545,-0.46897,0.011503103925781251,0.18270781123285715,0.18306956515332823,-0.0011287044870798872,-0.6349726989495528,2.651724206269303,15.914795729892449,Ball_021_1
0.51048,-0.39595,0.0112785458203125,0.16647988216587967,0.16686148975058948,0.08368503649364564,-0.40934648760579595,3.0593038435873896,14.794591218974626,Ball_021_1
0.5138199999999999,-0.55367,0.013854551640624999,0.19108600170090512,0.19158760045264164,-0.10567969496384248,-0.028630114463700895,2.8899051702824368,13.828494172439685,Ball_021_1
0.5280100000000001,-0.41243,0.0127022037109375,0.16252186147367223,0.16301748812928527,0.10558191672405585,-0.13500362919455888,3.2389776263898162,12.833794749734716,Ball_021_1
0.5981,-0.5626399999999999,0.015486936240234374,0.19081984033400323,0.191447268612544,0.09360672910442155,0.159593211653001,3.1240978323193143,12.36185474524766,Ball_021_1
0.57891,-0.53468,0.012319874580078126,0.18322484194337152,0.18363856352858549,0.05540543253381471,0.0024815174735355328,3.152442415818851,14.905878093893945,Ball_021_1
0.59664,-0.5351,0.011803240673828127,0.21920167899718712,0.21951923051429953,0.11181621889743405,-0.20092775873099278,2.7179395439945075,18.598215353079627,Ball_021_1
0.5157,-0.5394800000000001,0.0129105593359375,0.1659104998435417,0.16641206837456415,-0.043281819865013504,0.24457287908956893,3.241832170151829,12.889608509968685,Ball_021_1
0.57244,-0.42828999999999995,0.010721775693359376,0.16858596476759136,0.1689265638987494,0.07821262828792722,-0.3955955210460531,3.3886914135920954,15.755463737961968,Ball_021_1
0.54428,-0.45958000000000004,0.01513091201171875,0.16983322085143887,0.17050591603542672,0.1539868965334319,0.2125363453089486,3.192147284172623,11.268712991963637,Ball_021_1
0.61458,-0.59435,0.011282882294921876,0.1782670981336678,0.17862379939380926,-0.023538901067743073,0.6023070949242184,3.4406389218292555,15.83139652558518,Ball_021_1
0.49901,-0.45103000000000004,0.012271566943359374,0.1925094083198848,0.19290013905364997,0.07909899058018707,-0.6379390276254338,2.5868825178727906,15.71927401160141,Ball_021_1
0.51194,-0.48086,0.013559372333984375,0.17112150057594433,0.17165787059571294,0.06324450483994537,-0.27364068070596836,2.98232755213065,12.659720059885089,Ball_021_1
0.51465,-0.494,0.013393250595703126,0.18703426355385475,0.18751318594875427,-0.027385112601262692,-0.42941600205744734,2.7446069707121423,14.000572199279297,Ball_021_1
0.38072,-0.34213000000000005,0.014314988115234375,0.14177310507891303,0.14249397253377358,-0.12166249967114177,-0.3871656729915647,2.671832292681225,9.954179593621058,Ball_021_1
0.39157,-0.41389,0.01468030658203125,0.16776796430355956,0.1684090295913579,-0.04224114142773643,-0.7478018348643993,2.457647303987505,11.471764378935164,Ball_021_1
0.57536,-0.5472,0.017063452734374998,0.18459488584986758,0.18538185806907828,-0.033027048670459455,-0.26192125443852055,3.1036478050724767,10.86426352805817,Ball_021_1
0.42015,-0.47231000000000006,0.01448588154296875,0.14244852729847624,0.14318318230009297,-0.03849863538720948,0.4056974262858448,3.2986415660985893,9.884325782386806,Ball_021_1
0.58475,-0.6302300000000001,0.01238714912109375,0.18491739944643698,0.1853318269520412,-0.09209325475103915,0.3769447401541006,3.4005492039019134,14.961619512178556,Ball_021_1
0.55262,-0.66068,0.015988528505859377,0.20569966911162393,0.2063201078819373,0.010321112223060399,-0.1857286353664458,3.202208469064261,12.904257881021916,Ball_021_1
0.56723,-0.51257,0.013229071249999998,0.193697231421974,0.19414846326117374,-0.02185588694555859,-0.4713763780394462,2.9216301151728246,14.675894090847812,Ball_021_1
0.39574000000000004,-0.39908000000000005,0.012432249707031252,0.16371253806148217,0.16418390892931692,-0.03570082235204295,-0.45627342021706774,2.4306888547836913,13.206290059486989,Ball_021_1
0.52571,-0.43642,0.01563838071289063,0.165068687791135,0.16580781236241107,0.13054182131080036,0.15620398544554392,3.170598473854426,10.602619593671681,Ball_021_1
0.39032,-0.41013999999999995,0.013960430576171875,0.1372393360053043,0.1379475587643686,-0.002990558222085205,0.2475404304124189,2.9731587909243884,9.88132480086232,Ball_021_1
0.63774,-0.70053,0.014376593369140623,0.20208956002714235,0.2026002880275978,-0.034870291411360894,0.7609382877852555,3.457694968562336,14.092370058271907,Ball_021_1
0.58016,-0.54762,0.010745240576171875,0.19735709897020248,0.19764939845335758,0.02809875603435277,-0.06635723687562134,2.9352985721411686,18.394132607651677,Ball_021_1
0.59977,-0.59142,0.013296371328125,0.17880343107504024,0.179297128963913,-0.013171044103901663,1.1918929106878888,3.345117683259711,13.484665180791966,Ball_021_1
0.59038,-0.54303,0.010381450810546877,0.194148107665887,0.19442546703345387,0.03309054469255428,-0.15796555327000616,3.036536344602838,18.728157735696495,Ball_021_1
0.46146000000000004,-0.44456,0.0131157689453125,0.14754313754931905,0.14812495006893373,0.1495502016826892,0.46522629325199283,3.1153428012627518,11.293652655281036,Ball_021_1
0.5766100000000001,-0.52863,0.01348931173828125,0.18765350798234146,0.18813771708312826,0.059157961665515416,-0.23504116522995488,3.06482934881365,13.947168453527897,Ball_021_1
0.45811999999999997,-0.38406,0.008514370595703126,0.16035038163129967,0.16057627282990602,0.046033468222753164,-0.13799209189606954,2.8529744094402996,18.859439128889168,Ball_021_1
0.49004,-0.46292,0.014100263603515625,0.19001217998884637,0.19053463196438167,0.0010324263319871228,-0.39856995213455937,2.571920875359219,13.512840880792805,Ball_021_1
0.39887,-0.40096,0.008321485009765626,0.1776172720596298,0.1778120987072373,-0.04072920833738402,-0.8808676912285747,2.2549646545998248,21.367830036434245,Ball_021_1
0.46958999999999995,-0.47815,0.0120503177734375,0.1768321938970602,0.17724230577626868,-0.030391057732023732,-0.4115831445691991,2.6977193464513207,14.708515941251584,Ball_021_1
0.54219,-0.50965,0.011086512900390626,0.20109889502794392,0.2014042610019722,-0.012373737925965375,-0.4355640657280304,2.6920482943637545,18.16659978163883,Ball_021_1
0.46938,-0.5449,0.011893950302734376,0.18317338128351573,0.183559128524408,-0.14687464667837952,-0.31023138691714847,2.9685257356134076,15.432981340877731,Ball_021_1
0.60436,-0.57932,0.013296406259765626,0.20743407171196113,0.20785978092557436,-0.05505517778747318,-0.06734049569151601,2.9075369674754845,15.632777852296192,Ball_021_1
0.54073,-0.4819,0.010354018437500001,0.18535412033374365,0.18564308665420323,-0.054534547092716636,-0.30853282164338713,2.912739746104719,17.929567138134246,Ball_021_1
0.48023000000000005,-0.40555,0.011779840302734376,0.15551125097842008,0.15595676906896697,0.04962327758118362,-0.5056474685122634,3.0792507422898887,13.239292878484346,Ball_021_1
0.44456,-0.46792,0.008612826728515625,0.16059258716784466,0.16082338087951395,-0.06690842194435974,-0.16339315731820747,2.9095271752869705,18.672541231383832,Ball_021_1
0.57745,-0.5232100000000001,0.011727196660156251,0.19896404570933138,0.19930935408688397,-0.04458150329045485,-0.4899173833521999,2.8972548716956865,16.99548006801724,Ball_021_1
0.47147,-0.5040100000000001,0.014524800585937499,0.16070718613361784,0.1613622307327416,-0.0708002552074157,-0.07381514641498743,3.123469442556877,11.10942753868445,Ball_021_1
0.44435,-0.47626999999999997,0.009349784501953125,0.16591865157675853,0.16618188051434113,-0.004232256920241853,-0.2268935877607392,2.8659562381889323,17.773870906410266,Ball_021_1
0.5021399999999999,-0.5883,0.01076559755859375,0.1785547054805031,0.17887895611284965,0.028931475569428815,0.07221251569093745,3.288816132961119,16.61579290173863,Ball_021_1
0.45853999999999995,-0.40659,0.01167610076171875,0.17317806641169503,0.17357123613977998,-0.04648889909841983,-0.40142486115590925,2.6417971523169452,14.86551245286765,Ball_021_1
0.50235,-0.47063999999999995,0.010663809228515626,0.19604555151347156,0.19633536384330613,0.01768677474776904,-0.5802669949477752,2.5586322688269734,18.411370761108856,Ball_021_1
0.49338000000000004,-0.4819,0.012351001591796876,0.18197867591696196,0.18239732928091693,0.04658635300536581,-0.4984549902558246,2.7049738021939636,14.767815642922718,Ball_021_1
0.4456,-0.40409,0.007763851904296876,0.14443828908237594,0.14464679999722033,-0.024669558059171114,-0.01295205238188979,3.080607361711118,18.630801198869452,Ball_021_1
0.42933000000000004,-0.39804,0.011136985908203126,0.1461211546471501,0.14654495655100472,-0.061187500267510866,-0.7069523465954726,2.9296811516054553,13.158402515770643,Ball_021_1
0.61083,-0.58663,0.009984570361328125,0.1909094106554191,0.191170329084039,-0.02429936561456302,0.5797224089800785,3.195213398080536,19.146573464783167,Ball_021_1
0.60311,-0.60352,0.00704308998046875,0.20495431256459667,0.20507529191811324,-0.0037466272666939015,0.16046600059798788,2.942919117228744,29.117228854037112,Ball_021_1
0.44456,-0.41431,0.01154756818359375,0.17404328291334512,0.17442594605794584,0.026993411677112156,-0.616116545508878,2.548703375262817,15.104992512689348,Ball_021_1
0.49859,-0.4819,0.007558692568359375,0.18386978242429955,0.18402508177447502,-0.0183041120442856,-0.18749999072457024,2.709358922615066,24.346149253199307,Ball_021_1
0.6611,-0.61312,0.009749244560546873,0.17740179209544926,0.17766947854985773,0.0665277702659255,0.9724502986001786,3.720954221709653,18.223920758427543,Ball_021_1
0.43309,-0.42349,0.010737619228515625,0.16371276325611298,0.16406451572368927,0.014397916500819685,-0.7024482654824684,2.639754217722729,15.279411287799816,Ball_021_1
0.43517,-0.39095,0.005713291503906251,0.16959637871910863,0.16969258491296527,0.027407230024235733,-0.6447623359127088,2.5644608906083683,29.701364807935928,Ball_021_1
0.59226,-0.57453,0.008855486064453124,0.215864772787851,0.21604633707653612,0.016734351122543,-0.4275815488684511,2.7413563463880015,24.39688923986681,Ball_021_1
0.44498000000000004,-0.49525,0.00763191578125,0.14833649112703992,0.14853269249015347,-0.09317348269457484,-0.05939669360320288,3.334282765382095,19.46204298965455,Ball_021_1
0.51445,-0.50944,0.007672383457031249,0.20138039918391887,0.20152650109448692,-0.037131793605570194,-0.58047809760384,2.552765986871528,26.266475855468997,Ball_021_1
0.46166999999999997,-0.57453,0.005181704296875002,0.1564643880539011,0.1565501670024724,-0.21815676822830546,0.022512152209055447,3.6699417658301487,30.212093902153242,Ball_021_1
0.48378000000000004,-0.52571,0.00729237072265625,0.17682599162210685,0.1769762978025534,-0.05265895961887921,-0.4011125512029192,2.970510760802594,24.268688505375543,Ball_021_1
0.4527,-0.42099,0.007587954765625,0.16468303124469055,0.16485775031057803,-0.053548004283820096,-0.4151113672792657,2.7460037298892397,21.72624029483903,Ball_021_1
0.7007399999999999,-0.5908,0.0075766427734374996,0.20397814244292195,0.20411880881041128,0.030530138613038507,0.28056702707146686,3.433000616899825,26.94053131097692,Ball_021_1
0.38177,-0.41306000000000004,0.010311173046875,0.13452175019874654,0.13491635025502494,-0.034494491143975445,0.013441822378608581,3.061600733770331,13.08447996723651,Ball_021_1
0.47502,-0.41452,0.0071529867187500006,0.1706168902741091,0.17076676628022794,-0.016532746272674814,-0.5045135160401668,2.7816887768361456,23.873487973787515,Ball_021_1
0.52967,-0.48691,0.008018404443359375,0.16456017185539903,0.16475540953454532,0.028757392359241865,-0.23852719584875315,3.2148868330423706,20.5471537574832,Ball_021_1
0.6855100000000001,-0.60937,0.009272473574218749,0.1819071947648415,0.18214336736043552,-0.008848644617450094,0.2697776851693905,3.763573750560462,19.643447485622467,Ball_021_1
0.53823,-0.51465,0.006223183828125,0.1722420713200547,0.17235445787556944,-0.019813753503462355,0.12192389341436805,3.1228086787622527,27.695538962081343,Ball_021_1
0.50527,-0.51549,0.012320686455078125,0.19981240771339992,0.20019190191151665,-0.10361168101486921,-0.5649787375914137,2.574979269905051,16.248436026108678,Ball_021_1
0.57536,-0.49733999999999995,0.007187484912109376,0.1756469087007858,0.17579390340823534,0.07502280920146791,-0.2204099859697135,3.2729234949118426,24.45833015297605,Ball_021_1
0.51507,-0.557,0.008657472265624999,0.18670729186118531,0.18690790422068268,-0.078269819664886,-0.24024583885369255,2.9800772703666474,21.589197966433392,Ball_021_1
0.49546,-0.40826,0.010071189384765625,0.17237412329847654,0.17266808401827538,0.06427874788094344,-0.4657626352875721,2.8694358887895235,17.144754236744944,Ball_021_1
0.39011,-0.37613,0.008034638886718749,0.15943752016687987,0.15963983919750172,0.017731810643767637,-0.64327680475823,2.443688239210008,19.868947637763604,Ball_021_1
0.47397,-0.54511,0.011785563964843752,0.15925900417469682,0.1596944893497754,-0.05339435522992051,0.029977440284901125,3.413455272038862,13.55000713382369,Ball_021_1
0.62397,-0.6220899999999999,0.009822609052734375,0.20831549225480384,0.20854694426426895,-0.15588907086592596,0.1147258650815397,2.9919882029885905,21.23131664034801,Ball_021_1
0.6079100000000001,-0.52759,0.011167409736328125,0.18913835430916498,0.18946774952745457,0.047681050447132535,0.42144383148346565,3.2085143688445896,16.966130645764363,Ball_021_1
0.39324000000000003,-0.40784000000000004,0.011154622363281248,0.16822980680036792,0.1685992096546023,-0.0813319650064496,-0.6841667960609112,2.418991159071996,15.11473800268296,Ball_021_1
0.5376,-0.50485,0.009066407724609375,0.15540327144107063,0.15566751916702445,-0.16420705107788877,0.17482858496509612,3.4535142554026597,17.169700142073772,Ball_021_1
0.4577,-0.43955,0.011623487275390625,0.17169217952177376,0.17208518229463615,-0.04943629499807711,-0.18939065801721622,2.659729276147776,14.804951682101901,Ball_021_1
0.62543,-0.7447600000000001,0.013424565546875,0.2033704337391622,0.20381303265340345,-0.127076849820486,0.30633350051364916,3.6541333331336903,15.182094106483275,Ball_021_1
0.46584,-0.44185,0.011433666826171874,0.165611863997698,0.16600607890641814,-0.010799603512904706,-0.3245536066018655,2.8061622819032044,14.519057351519974,Ball_021_1
0.43559,-0.38656,0.015270390810546876,0.15893026758957807,0.15966218961169773,0.12765888397347241,-0.4520304851311874,2.7281975671958887,10.455670790413057,Ball_021_1
0.63002,-0.53009,0.010409325224609373,0.1793336375575908,0.17963548538991128,0.061333146147908246,0.2352898173478275,3.5072134836014413,17.25716742023352,Ball_021_1
0.5857899999999999,-0.6054,0.014831127216796873,0.15222704059321754,0.15294781535638197,-0.10324949358747071,0.9871658755822592,3.958212771010502,10.312621745334395,Ball_021_1
0.52467,-0.53301,0.01179194419921875,0.17438497463861916,0.17478320665243938,-0.14997269794065501,0.3418686864772238,3.049549251092263,14.82225397926877,Ball_021_1
0.49441999999999997,-0.40388,0.012552270693359374,0.16572879748367203,0.1662034711278418,-0.004613111261160928,-0.546025757578414,2.974787431755323,13.240907716789602,Ball_021_1
0.6821699999999999,-0.5691,0.01154974091796875,0.2050812355775327,0.20540620657925518,0.00089257461010296,-0.17438029637036623,3.3210778196018604,17.784484539839823,Ball_021_1
0.5565899999999999,-0.6045699999999999,0.011923116572265623,0.17319642482389153,0.17360634285812757,-0.10406644587501453,0.27207906476717403,3.482418825052034,14.560482340789248,Ball_021_1
0.47689,-0.39846,0.014413256562499999,0.16608169107824336,0.1667059389348367,0.12473998957314736,-0.32055154537476893,2.860665913802534,11.56615277371907,Ball_021_1
0.53614,-0.54282,0.009619003818359376,0.16991014415760627,0.1701822033060924,-0.008318939292050553,0.6769095401704468,3.1896401989462735,17.69228797778259,Ball_021_1
0.53969,-0.56702,0.014214891484375,0.1923203952023493,0.19284500914128003,-0.12464136989402723,-0.19562765929826398,2.9402886783775006,13.566406453883147,Ball_021_1
0.48607,-0.54574,0.01442566998046875,0.18283618071890578,0.18340438635502088,-0.05385887431842069,-0.09418168076515032,2.9756103868093198,12.713750826795948,Ball_021_1
0.55137,-0.58558,0.012589037822265624,0.1882169258177548,0.18863746986634614,-0.09956037302396784,-0.08861754711946412,3.104261297135904,14.984263098205096,Ball_021_1
0.49191999999999997,-0.45875,0.012613890107421876,0.17735584758694575,0.17780384387556428,-0.02813662010154409,-0.3868983915901998,2.766644334065269,14.095875916587422,Ball_021_1
0.43996999999999997,-0.43183,0.010938271279296873,0.1732199941986038,0.17356500848023437,-0.06170883511220109,-0.5372639523873008,2.534900331106794,15.867680383925437,Ball_021_1
0.59414,-0.61312,0.012196314677734375,0.16494345322883183,0.1653937509544123,-0.1356586404292992,0.8521073866733109,3.7070324166114514,13.560960155889992,Ball_021_1
0.36383000000000004,-0.34171,0.010639966240234375,0.1288511085121572,0.12928966333935996,-0.009592620709186733,-0.19671562535705833,2.814068718169287,12.151321561447965,Ball_021_1
0.52696,-0.60206,0.014805142304687501,0.18347753590961624,0.18407389391797677,-0.0063882549815051076,-0.2935779139592736,3.270751674311437,12.43310450495245,Ball_021_1
0.56702,-0.60269,0.013646679033203126,0.22791096419583087,0.22831916137133246,-0.056970321909734285,-0.6629900994363003,2.639682073727129,16.730747758122806,Ball_021_1
0.52947,-0.51278,0.01256428962890625,0.18299668739150687,0.18342750330892021,-0.13007496425367437,-0.3235558420104909,2.8865354843856506,14.599113370309551,Ball_021_1
0.42412,-0.39491,0.0131616934375,0.1590141005439824,0.15955787146347397,-0.06839601209771193,-0.5920957168789425,2.658095106508077,12.122897414246705,Ball_021_1
0.57786,-0.53572,0.011853139277343749,0.17358103453709928,0.17398526507063108,0.021605130322322006,0.2876109701375733,3.3213157243177815,14.67841103704719,Ball_021_1
0.5401100000000001,-0.54574,0.012353134521484375,0.14353039953027708,0.1440610131917267,-0.12919869419990904,1.0767577330737605,3.788255990435345,11.661898547229415,Ball_021_1
0.51695,-0.45541000000000004,0.0144716914453125,0.2004553224424803,0.20097702890829858,0.006313050875320179,-0.5425361721292012,2.572184494098022,13.887596745700375,Ball_021_1
0.49212,-0.46813,0.012788298046875,0.19844824931381438,0.19885987082026765,-0.006116716201343177,-0.5590984286418874,2.474707418321103,15.550142367749983,Ball_021_1
0.49943000000000004,-0.4648,0.014291110751953124,0.1624620096405832,0.1630893633042374,-0.10010288966005045,-0.10998203546172958,3.0623088276212247,11.411943740622451,Ball_021_1
0.59831,-0.59977,0.012322511748046876,0.21149089814327499,0.2118495794030044,0.030207213676020705,-0.47835815722599095,2.8311125226637186,17.192076302504347,Ball_021_1
0.4479,-0.36049000000000003,0.012830268115234373,0.14840778492469756,0.1489613587685212,-0.04875107082504229,-0.3662070246107145,3.006820028334966,11.610150763840787,Ball_021_1
0.63148,-0.66319,0.014078111904296874,0.20881092638052323,0.20928496412949066,-0.0683602201415877,0.4579227464360569,3.1688372816922854,14.865981367830443,Ball_021_1
0.5353100000000001,-0.58934,0.010826873818359374,0.18971938550709694,0.1900280674896978,-0.12202825219935004,0.027659407320686835,3.1013313174414048,17.551516081765623,Ball_021_1
0.45916,-0.4577,0.013183556748046877,0.16689077017946724,0.16741067869053253,0.07779172809011634,-0.531189634128912,2.7427163001116863,12.69844467555309,Ball_021_1
0.43078999999999995,-0.44331000000000004,0.009919460830078126,0.16537115492762713,0.16566838740464854,-0.085690200800066,-0.6163901525349145,2.675887683033446,16.701348343546552,Ball_021_1
0.47794,-0.37134,0.01185320416015625,0.14266745034414974,0.1431590019403697,0.10328145825515518,-0.15767567988461106,3.338525626635422,12.07766169622956,Ball_021_1
0.61249,-0.52342,0.011313931240234375,0.17514868277499257,0.1755137205973474,0.1290339971308426,0.23879298731738174,3.4896986652994357,15.513060965062978,Ball_021_1
0.6018600000000001,-0.63753,0.00861234974609375,0.22590305385598142,0.22606716327146556,-0.08828590571158967,-0.5671910562172173,2.8200911090052974,26.249182126494496,Ball_021_1
0.41994,-0.431,0.012894050185546875,0.16845934530644915,0.1689520865549309,-0.07722092028571823,-0.6179752294943759,2.5510190861647106,13.103103448535377,Ball_021_1
0.5221600000000001,-0.49609,0.0119599850390625,0.1560337045828837,0.15649139978923196,0.013452867446887446,0.06171769650372427,3.3366689630650264,13.084580473431618,Ball_021_1
0.51507,-0.48107,0.01194115619140625,0.18511219341773957,0.18549694165434152,-0.1415598549315821,-0.12269837149017526,2.7767034465888267,15.534251721251858,Ball_021_1
0.53322,-0.55429,0.009197174169921874,0.17680199560241075,0.17704105078118676,-0.12203101410797888,0.07607520547814728,3.13085577849522,19.249502973497314,Ball_021_1
0.46,-0.45687,0.013852741611328125,0.18142513382583195,0.18195322924826385,0.008027688814638896,-0.6972005364087899,2.5281221958651607,13.134816285366554,Ball_021_1
0.51653,-0.63002,0.01222516150390625,0.17771982483795493,0.17813980665261195,-0.04157340056666738,-0.007040452200424596,3.536660380977808,14.571569629090146,Ball_021_1
0.51403,-0.42723999999999995,0.01088456314453125,0.1820784169653462,0.18240346389105047,0.11356409473339321,-0.43994185950841835,2.8180933970033406,16.757994299909175,Ball_021_1
0.43413,-0.38615,0.013962610712890625,0.15017898132012455,0.15082665854639243,0.0627491884304036,-0.4253804666161729,2.8783372999550316,10.802180970709482,Ball_021_1
0.60019,-0.45019,0.0120444118359375,0.15378044301305968,0.1542513938665274,0.05341223978915491,0.1016166666911924,3.8909858839159286,12.806883653662222,Ball_021_1
0.7339100000000001,-0.6442,0.0100801215625,0.17543321807958717,0.17572257355409626,-0.05422605131053714,1.6020820522616637,4.176526561042762,17.432583033049433,Ball_021_1
0.4915,-0.5555399999999999,0.014401513232421875,0.17208065122962377,0.17268223449734207,-0.02684532939829295,0.07062900833661301,3.2171230491659393,11.990560972302871,Ball_021_1
0.38072,-0.39241,0.011226730615234375,0.133211336685019,0.13368358052399903,-0.10165191041829957,-0.3524516689586812,2.9353642049869384,11.907613462728012,Ball_021_1
0.494,-0.48816000000000004,0.014189212480468751,0.14376814608444788,0.14446665213596888,0.020600759006768637,0.25823056031400204,3.41947424735491,10.181441863203,Ball_021_1
0.8313299999999999,-0.8206899999999999,0.011095749658203126,0.2668780902275183,0.2671086496240152,-0.0017775804725716873,0.02791252282497192,3.1123290019168572,24.07305804285904,Ball_021_1
0.51737,-0.50193,0.013425437529296874,0.1919491500128913,0.19241808273528896,-0.00265735278954198,-0.4327038795923981,2.6887805447213053,14.332349912846118,Ball_021_1
0.47523000000000004,-0.41911000000000004,0.01348683056640625,0.1641972790675097,0.16475023839709796,0.026104901181940143,-0.07866865004153167,2.8845481605313594,12.215636977884934,Ball_021_1
0.33671,-0.37071,0.00965961728515625,0.14353610768611078,0.1438607744167064,-0.11986725144314567,-0.5663374552612654,2.5768664107794725,14.893008209007025,Ball_021_1
0.5280100000000001,-0.52717,0.014821660009765626,0.18107140945913783,0.1816770126597304,-0.04343549528724692,0.18017748045998516,2.906311532558156,12.257533925518059,Ball_021_1
0.63356,-0.74684,0.010337339765624998,0.24140527858607636,0.24162650749173012,-0.023877931819640194,-0.22729111350195907,3.090886031759885,23.374145534141277,Ball_021_1
0.42473999999999995,-0.3657,0.013206969169921874,0.15853396134060727,0.15908312585877996,0.0027338489413007393,-0.6344503586764683,2.66992489013022,12.045391472230532,Ball_021_1
0.45582,-0.45937,0.015534944091796874,0.1606363952880882,0.16138582954858888,-0.06083426430582682,0.014878272948879001,2.84640850091047,10.388567748064176,Ball_021_1
0.38385,-0.39011,0.010526764521484376,0.14729947110967723,0.1476751399541623,-0.021429881624553976,-0.4063282378849604,2.6416768420156,14.028538932758394,Ball_021_1
0.35256,-0.37843000000000004,0.014794635439453125,0.15175866871531493,0.15247811242283607,-0.03415314279504348,-0.7551126945978859,2.481864390272053,10.30631019875689,Ball_021_1
0.54365,-0.50193,0.013871311757812501,0.18487123447967582,0.18539090222532956,-0.09649943522446836,-0.0835157423836681,2.9324524048476737,13.36505819327843,Ball_021_1
0.61875,-0.5219600000000001,0.011604230205078125,0.20421386820152337,0.2045433013434603,-0.07328836397824073,-0.2474105657153851,3.0250318290110605,17.626613752227737,Ball_021_1
0.49817,-0.45124,0.01405640662109375,0.1776429922288911,0.17819824705964812,0.04951007674504122,-0.655955213816271,2.7955942632682227,12.677367636396294,Ball_021_1
0.50276,-0.47043,0.009830434091796875,0.14846643791292632,0.14879153410387963,-0.08209058792850667,0.14910796662233317,3.378955662020661,15.135803523899012,Ball_021_1
0.48044,-0.4892,0.01204226458984375,0.14506089781494316,0.14555988530954944,0.0641378507170463,0.5583001722030723,3.3608160352616743,12.087416958509225,Ball_021_1
0.61542,-0.59351,0.0133766691015625,0.2161577579201332,0.21657126214092118,0.001250169169152045,-0.1435608547918643,2.8416512471442306,16.19022226732077,Ball_021_1
0.43204,-0.48168999999999995,0.012454403134765623,0.1622581282924661,0.16273540596446015,-0.09176362551365842,-0.39927891555238526,2.9599581860215363,13.066494727772268,Ball_021_1
0.44581000000000004,-0.39366,0.012362907705078124,0.1577616507774864,0.15824531570622197,0.06495407151924014,-0.335200227137459,2.817208175756847,12.800006817264771,Ball_021_1
0.48023000000000005,-0.41827,0.009216890673828125,0.18374583182230728,0.18397685122255172,0.049025150220447386,-0.5009664616288805,2.6102740328390825,19.96083470797039,Ball_021_1
0.53051,-0.5394800000000001,0.012862879316406249,0.16370831491802548,0.16421286806340066,-0.0020274828894568378,-0.009640633691952338,3.28524800204126,12.766414988247359,Ball_021_1
0.55283,-0.55304,0.009805949951171877,0.1871544112477032,0.18741112641441357,0.008192019297569332,0.032613856550238296,2.9509453767763114,19.11197877162711,Ball_021_1
0.52988,-0.61187,0.011833785009765625,0.20283380379534216,0.20317871549388414,-0.041774131437639216,-0.47420895591060663,3.011486687969199,17.16937549202043,Ball_021_1
0.51132,-0.46792,0.011586469462890625,0.18869675980299283,0.18905214475049698,-0.023884721668457537,-0.35584062023570384,2.704650602986641,16.31662941324512,Ball_021_1
0.60165,-0.5497,0.011341597265625001,0.18334533346419166,0.18369578964045763,-0.040655336612473184,0.5667577124930463,3.2752519690426216,16.196640485602206,Ball_021_1
0.59372,-0.4335,0.01094157623046875,0.17339297400299325,0.1737378528818917,0.041567554274580955,0.16198391807325452,3.4173324162483056,15.878684509769583,Ball_021_1
0.62084,-0.50068,0.009963041513671875,0.20746497261670988,0.20770406124834281,0.03986356402443092,-0.3744242902137751,2.989060460732291,20.847453071019125,Ball_021_1
0.32669000000000004,-0.33858,0.012360910595703125,0.12593234950325363,0.1265375389446333,-0.15894294238131088,-0.5399038646267282,2.6757276943122665,10.236909953196333,Ball_021_1
0.51883,-0.45165,0.008835201591796875,0.16016463668643818,0.1604081407911283,0.08866250282201647,0.27014270585812605,3.2344368197693,18.15557018919529,Ball_021_1
0.42078000000000004,-0.39366,0.011912814404296874,0.13738014181531957,0.13789567981713038,0.04223280232444375,-0.01290303376732238,3.051437126286901,11.575406412105767,Ball_021_1
0.48733000000000004,-0.49004,0.0104487070703125,0.19150441364750073,0.1917892487234732,0.050355147176367535,-0.6491683176756191,2.5550962877562355,18.35530741531543,Ball_021_1
0.52759,-0.54887,0.00884820673828125,0.17414418318894562,0.17436882548502874,-0.12032522815864995,0.5420684527913795,3.1477530190703313,19.70668305295685,Ball_021_1
0.45979,-0.47105,0.011528646728515625,0.1667337758099298,0.16713186916691516,-0.03131771299201627,-0.616636481759758,2.8184331302555328,14.497092209134081,Ball_021_1
0.53927,-0.49233000000000005,0.011452191318359374,0.18200924088486664,0.18236917627021765,-0.016939759892717805,-0.21647598505968668,2.957023813300205,15.924389950896636,Ball_021_1
0.49733999999999995,-0.49378999999999995,0.0075212976171875005,0.1727511808798195,0.17291483572330754,-0.06478426116817465,0.10055007270833283,2.876213570937389,22.99002400039888,Ball_021_1
0.43809,-0.35152,0.014636108193359375,0.16223296252690977,0.16289183464282497,0.047927957088294386,-0.6432997828564417,2.6894533926218718,11.129449260786567,Ball_021_1
0.62689,-0.61562,0.0093309212890625,0.20412200286497043,0.2043351613054143,0.024844033314778677,-0.3045257473884355,3.067949700517057,21.898710006933765,Ball_021_1
0.50068,-0.38698,0.011383960673828126,0.16538102002951832,0.1657723630362649,0.02790204353962647,-0.3790720621631438,3.020286299895377,14.561922095835733,Ball_021_1
0.50589,-0.5221600000000001,0.012455334638671874,0.19404917423118542,0.19444849544485104,-0.09115455163698329,-0.4494408071583553,2.6853383263269084,15.61166243012503,Ball_021_1
0.3778,-0.38323,0.00796868783203125,0.14773934877659559,0.14795409816120986,0.009844420068845358,-0.6234732360670057,2.5901952171155123,18.566931308258376,Ball_021_1
0.54219,-0.53155,0.01121232185546875,0.18064445524557737,0.18099208649099005,0.03416669702037061,0.0014742488343468807,2.9956558185284794,16.142247135053925,Ball_021_1
0.52571,-0.50965,0.009351528261718749,0.1789618334310645,0.17920599573071713,-0.0649903257526572,0.2423733498951286,2.9335513855038853,19.16328235899465,Ball_021_1
0.43392,-0.46208,0.008122080634765626,0.19463873146024832,0.1948081209249047,-0.022737228055731522,-0.7872659060286975,2.3719750256517753,23.984999127692983,Ball_021_1
0.43328999999999995,-0.41911000000000004,0.008801390537109375,0.15423164618902394,0.15448257235546986,0.013595656002129655,-0.12655988041412636,2.804782381524577,17.552062273803386,Ball_021_1
0.43413,-0.39804,0.0067194626562499995,0.15652849656426218,0.1566726568838895,0.018955440754519763,-0.38037937280198086,2.770936587555276,23.316244405632432,Ball_021_1
0.61917,-0.5098600000000001,0.00997969365234375,0.16695803547811397,0.16725603097080174,0.060695411306545335,0.5544274897000983,3.7019292679865194,16.75963411681352,Ball_021_1
0.60436,-0.55325,0.008567282744140625,0.2186646863699849,0.21883245508585308,0.002745797157688903,-0.4577442157721552,2.761747552487806,25.542804653285586,Ball_021_1
0.46438,-0.40597,0.00959083884765625,0.14804330368205892,0.1483536448992745,-0.00598785876609923,-0.11353370731661494,3.130223036886423,15.468264224590117,Ball_021_1
0.46,-0.5584600000000001,0.00897896896484375,0.17492051180427842,0.17515081311127942,-0.09726278595091335,-0.1309043948588564,3.188452208079324,19.506782381171195,Ball_021_1
0.49504,-0.53593,0.009102071728515624,0.19460884947212365,0.19482159018603334,-0.016490024713305237,-0.2387789304276482,2.750875797376305,21.404090694164896,Ball_021_1
0.50756,-0.52154,0.007955095625,0.18146638760898098,0.18164067104659085,-0.03421830238548616,-0.0772650124959613,2.8712732348084735,22.833245101732608,Ball_021_1
0.43914,-0.41931999999999997,0.011304755195312498,0.17453379755648393,0.1748995253839005,0.039299294615528495,-0.4238244175552963,2.510812974050585,15.471322190603487,Ball_021_1
0.57265,-0.5641,0.008922729638671875,0.2151324837142371,0.21531744159092484,-0.04657645323868729,-0.5435927106890515,2.6595615901307195,24.131339419540552,Ball_021_1
0.52488,-0.42996,0.008484403759765625,0.1552149543747497,0.1554466698540511,0.06181061662141702,-0.026900319938770956,3.3765920950009276,18.321458517774108,Ball_021_1
0.62585,-0.69344,0.01016020744140625,0.23447293523705612,0.23469296362254474,0.011093513129230858,0.09162570574055096,2.9546688845797116,23.099227242828245,Ball_021_1
1.3414,-1.3111,0.009736868749999999,0.4110559649755446,0.4111712696128353,0.02845974795577545,0.6901081700262321,3.2623874669081174,42.22828076886161,Ball_021_1
0.8113100000000001,-0.74538,0.008841358251953126,0.2752725033916609,0.2754144526695202,-0.04241249523731212,-0.11553099964240943,2.945778586382835,31.150691293160495,Ball_021_1
1.4276,-1.3696,0.0098208697265625,0.39305569890446507,0.3931783716374333,0.010567423569791169,1.9961556185918443,3.63092199203045,40.03498086722638,Ball_021_1
2.6653,-2.8211,0.006420937861328124,0.6344401093154787,0.6344726004732242,-0.038211125839135406,4.361235140098361,4.446370092970918,98.81305743222543,Ball_021_1
2.0649,-1.9341,0.011774288642578127,0.7060474507086646,0.7061456199150731,0.032711586215662426,0.20655451248842338,2.9241843875264113,59.97352208506175,Ball_021_1
1.5385,-1.4951,0.010083638623046873,0.538135077351979,0.5382295432661612,0.006223257899416908,-0.24838450417287117,2.858445836706416,53.376515165813686,Ball_021_1
2.2754,-2.4239,0.00783622744140625,0.589326767097174,0.589378863616367,0.013542707664564455,2.3160987846436063,4.112634750785885,75.21205743596217,Ball_021_1
1.7426,-1.6245,0.012073061865234375,0.35876216446524434,0.35896524828260024,0.04952303254623775,4.83955422608565,4.8545089071508265,29.73274075431824,Ball_021_1
1.1641,-1.1751,0.010758244208984375,0.3335411267838488,0.333714583251466,-0.0327422087843491,1.915140519830456,3.5212725348392913,31.01942526582085,Ball_021_1
0.52655,-0.49755,0.011186681083984374,0.18390412077378135,0.18424404324496446,-0.002835825710515228,-0.2742245891950068,2.8578942790678075,16.46994541024286,Ball_021_1
0.54157,-0.50673,0.011766815751953125,0.18251607731403965,0.18289498744100374,-0.020172429878774645,-0.4766358806844764,2.9610980848427877,15.543285095405754,Ball_021_1
0.45019,-0.40471,0.009856048642578125,0.15472886181386658,0.15504245345407652,0.0756172223192599,-0.2910497303018862,2.9036563023023216,15.73068917837967,Ball_021_1
0.57849,-0.54532,0.010691944199218751,0.16560642744508208,0.1659512171750555,0.1259560115890273,0.4258276866148538,3.485903908157958,15.52114363504046,Ball_021_1
0.52759,-0.46041000000000004,0.009477140634765627,0.1841525347704952,0.1843962371010037,0.06383972604209133,-0.4572772229684823,2.86117550679646,19.456946430405846,Ball_021_1
0.50422,-0.3922,0.008798536972656252,0.15999402571209403,0.1602357716504695,0.04068972107192842,-0.43536035840019016,3.146738032710591,18.211636086409346,Ball_021_1
0.47961000000000004,-0.47918999999999995,0.009088473310546874,0.18221946865825692,0.18244597859425132,-0.027943485616340448,-0.35539248559984804,2.628778124169265,20.07443409753921,Ball_021_1
0.30812,-0.34046,0.008352983564453124,0.14145718651987446,0.1417035918830097,-0.007652739628991332,-0.9605014709374937,2.4026208021491966,16.96442640227567,Ball_021_1
0.53906,-0.45395,0.011194514453125,0.18307829875796805,0.18342022960936735,-0.010891258505054738,-0.25459113071498374,2.93893426155397,16.3848297300054,Ball_021_1
0.71159,-0.70303,0.011162970458984376,0.21070667734629397,0.21100217010207123,0.03640629808181447,0.5632336747836284,3.3724297540795063,18.901971654890225,Ball_021_1
0.59873,-0.5152800000000001,0.010895937236328125,0.15255454586029896,0.1529431623541898,0.013654717877938117,0.5765789260448702,3.91472222013249,14.03671340979727,Ball_021_1
0.41994,-0.49963,0.011053044091796877,0.18235048778596882,0.18268516682937333,-0.04083906623493035,-0.7031102100649336,2.7349237266303468,16.528039586571023,Ball_021_1
0.64108,-0.62522,0.010574080224609374,0.2077162257337541,0.20798519564063295,0.05707210526412054,0.04183266278578035,3.0823347543704736,19.669339701740025,Ball_021_1
0.4771,-0.57223,0.011587654150390625,0.18179224950566233,0.1821611805765379,0.040266279788639524,-0.08121481001610897,3.1413388683997336,15.720279747054535,Ball_021_1
0.43204,-0.51173,0.010613813095703124,0.1742631412538817,0.1745860688259543,-0.11483527444285017,-0.12241582596429756,2.9311044146313976,16.44894731071589,Ball_021_1
0.47543,-0.45186000000000004,0.014882961435546875,0.1569757567575825,0.1576797093817327,0.03220737694745635,-0.0830740515284707,3.015162818659508,10.594645391640993,Ball_021_1
0.5084,-0.5323899999999999,0.011081292519531251,0.17751385404485662,0.17785939227873823,-0.011613416741297075,-0.43608062786012036,2.9933195553278837,16.050417937694142,Ball_021_1
0.6544300000000001,-0.5474100000000001,0.01196107142578125,0.19690207955224676,0.19726504039401394,0.10317624319177572,0.05566969897516971,3.317516349452169,16.49225365184003,Ball_021_1
1.2855,-1.4762,0.022063865126953124,0.2927452595411415,0.2935755458619649,-0.5787664021525112,4.773230561585225,5.028347952610946,13.305716422170196,IR_007_1
1.5481,-1.079,0.019941175205078127,0.26755360380533644,0.2682956976505262,0.527971048497626,4.637386631255475,5.770126050423595,13.45435669848819,IR_007_1
1.3625,-1.3946,0.026553459374999998,0.28783232196139474,0.2890545480881901,-0.045493635905013506,4.797803529459674,4.82469486952966,10.885758165076446,IR_007_1
1.3268,-1.2204,0.01533580486328125,0.30585221105839466,0.3062364477329788,-0.2347829648603312,3.045623768387978,4.332599876629629,19.96872224799124,IR_007_1
1.5725,-1.157,0.020738815126953126,0.2725882552877201,0.2733760329174326,0.2741398017610745,5.153214614801117,5.752150170102109,13.181853353824787,IR_007_1
1.163,-1.399,0.021154789677734376,0.2657020854694823,0.2665429108964282,-0.5240179596886955,4.711490822985219,5.248685812150262,12.599647756239309,IR_007_1
1.4328,-1.1578,0.02046918892578125,0.2787358262526463,0.27948640133649577,0.46844967164069923,4.948233353525658,5.1265463651249075,13.654004010411692,IR_007_1
1.172,-1.1614,0.024105281337890624,0.2728531582105692,0.2739158822227378,-0.05924851644540147,3.8410082590513692,4.278685800220554,11.363313583437053,IR_007_1
1.2713,-1.2849,0.017746297509765623,0.28300168957144933,0.2835575556665702,-0.4630250259917895,4.125353376159674,4.531355168611812,15.978405610078696,IR_007_1
1.5168,-1.0659999999999998,0.02336061126953125,0.255369797923476,0.2564360580151768,0.4832187665859515,5.0045511065768125,5.914924780177775,10.977283260235474,IR_007_1
1.2853,-1.5008,0.020205611884765624,0.30840544997131175,0.30906664058685634,-0.01911370713302568,4.077617160689148,4.855910661514187,15.296078488165165,IR_007_1
1.2479,-1.3249,0.022874585869140627,0.2728454074434376,0.27380259867587114,-0.49727421470906447,4.198811358244388,4.838887583859404,11.969728688094886,IR_007_1
1.4482,-1.1136,0.02111677947265625,0.25998866549163485,0.260844828508096,0.4348770953883707,5.201475432207463,5.551959771374541,12.352490420869763,IR_007_1
1.1418,-1.3132,0.022225838330078126,0.25696904228209466,0.25792843306012564,-0.41032268609307176,3.917254485472337,5.091334752545662,11.604890561368915,IR_007_1
1.2657,-1.2283,0.02242920177734375,0.2862057704100235,0.28708328427194063,0.2243832873318606,3.6337156824537846,4.408825121257273,12.799531357482309,IR_007_1
1.3458,-1.2187,0.02285181272460937,0.3145379697079377,0.31536699214215835,0.08716763861079255,3.5692718047431207,4.267409174914358,13.800523492038453,IR_007_1
1.2062,-1.4338,0.020970802529296874,0.25419139566944027,0.2550549748409168,-0.6844457680290262,5.441236724754788,5.621533143091045,12.162384454396179,IR_007_1
1.569,-1.08,0.022402322119140623,0.2762996344865779,0.27720633480089574,0.3470776343020806,4.697282498227152,5.660043791809068,12.373999487760699,IR_007_1
1.3981,-1.3495,0.022698001904296876,0.2995264867370018,0.30038527851321006,0.11378244863896736,4.1093129142904825,4.6543559067398155,13.233995950205172,IR_007_1
1.1340000000000001,-1.2534,0.023643129746093748,0.2786466344185719,0.2796478937109806,-0.4683299545212987,3.890295461215058,4.482064852644085,11.827870712815105,IR_007_1
1.5473,-1.1501,0.023028995947265624,0.2706865059647184,0.2716643501928928,0.39207609771666974,5.059022890200927,5.695631367184255,11.796621051927719,IR_007_1
1.2417,-1.4478,0.023590070791015626,0.27422821947306025,0.27524099948098213,-0.53998323655845,4.972412013803905,5.2601174878378485,11.667662647207745,IR_007_1
1.5066,-1.3147,0.02118155962890625,0.29846428051882845,0.2992149481792894,0.1179157932671727,4.659873709653422,5.03517623077464,14.126199359029002,IR_007_1
1.3019999999999998,-1.0512,0.0247139599609375,0.2893284569898366,0.2903820515132961,0.16868916286036925,3.1747999633087822,4.4837481818556375,11.74971717290763,IR_007_1
1.1879,-1.4797,0.0238150581640625,0.2628521220936819,0.2639287689595614,-0.8987509074673936,6.750280772138703,5.606436919426087,11.08243179835708,IR_007_1
1.526,-1.3474,0.01972679126953125,0.29733317928293324,0.2979868550729856,0.18891192659144043,3.8893978222689682,5.121031243157377,15.105692349852399,IR_007_1
1.2776,-1.0775,0.02326616229492188,0.2766549826144884,0.2776315790996343,0.1172817078899136,3.8831145649721615,4.601781971422359,11.932847525411754,IR_007_1
1.114,-1.2822,0.023748802177734375,0.27310507802328743,0.2741357131914466,-0.5233933368925232,4.194786388904905,4.677245370169307,11.54313803267618,IR_007_1
1.4595,-1.1378,0.02402050369140625,0.27328753329030775,0.27434113882079364,0.2697336411988818,4.473182389843745,5.320018721776038,11.421123009082482,IR_007_1
1.0625,-1.2890000000000001,0.02137060439453125,0.25131996567382703,0.25222693725786133,-0.6635995060160447,4.7298403357606045,5.110477131836749,11.802517177281574,IR_007_1
1.3716,-1.1689,0.022324922734375002,0.3118316635943329,0.31262979479746494,0.05511476741757529,3.396452899311213,4.387297751007013,14.003622073570195,IR_007_1
1.327,-1.1643,0.025044963935546876,0.2668330247390396,0.2680058083510836,0.40492128835565927,4.778575623873591,4.951385207705142,10.700985568987441,IR_007_1
1.2930000000000001,-1.4918,0.021811513828125,0.2697354385237147,0.2706158696955061,-0.6429698074041623,5.66819353579314,5.512610905509516,12.407018578395972,IR_007_1
1.6068,-1.3431,0.02436315998046875,0.30014542858646204,0.3011325984771242,0.08914896433073707,4.564142724635064,5.33585537663471,12.360161258160778,IR_007_1
1.4194,-1.0264,0.023253016123046876,0.26130124372986846,0.26233383833122786,0.4674078148560476,5.06381718528813,5.410663007176278,11.281711828751016,IR_007_1
1.2463,-1.3043,0.0255457903515625,0.28922596880606294,0.2903519389232516,-0.36425977078845173,3.47225533190223,4.4921346154765285,11.365940280628353,IR_007_1
1.4472,-1.0274,0.023648555761718752,0.26052025865331674,0.26159139771484496,0.35772212797077935,4.427221468327514,5.5322919909058665,11.061622083352573,IR_007_1
1.2993,-1.3508,0.02318075088867188,0.27884340985910155,0.27980527949560485,-0.06842382027837686,4.5817753290925625,4.827642986606245,12.07058687480892,IR_007_1
1.4021,-1.2963,0.022583954082031253,0.31340586113325464,0.3142185048253145,-0.33375132778451855,3.0988647645136282,4.4621814883795485,13.91335147825015,IR_007_1
1.3001,-1.1653,0.024062380810546874,0.2635155952204856,0.26461191789992866,0.29678003719764723,4.8791037022976536,4.913232954150012,10.996912940012681,IR_007_1
1.2239,-1.5004,0.024192326171875,0.2844030928781031,0.2854301804018582,-0.6137782527640222,5.098009943402214,5.256627006404698,11.798376335356755,IR_007_1
1.4745,-1.2895,0.021707615488281252,0.28079188398168253,0.2816297262012121,0.13115091281701266,4.739150605968398,5.23559787048522,12.973774728019935,IR_007_1
1.3902,-1.153,0.020859148427734377,0.2797052532292331,0.2804819651192562,0.1326103671533732,4.284255183247356,4.956468393439992,13.446471827193813,IR_007_1
1.1011,-1.1324,0.02370282720703125,0.26672927398172624,0.2677803757119352,-0.4596432057831025,3.4753735117033298,4.2288386247890735,11.297401870064618,IR_007_1
1.5342,-1.2031,0.021558675546875003,0.2678073362085155,0.26867367905776757,0.31557614702798426,5.970589681567594,5.710272772793119,12.462438428147049,IR_007_1
1.5563,-1.4372,0.022114482958984376,0.31824175599198007,0.3190091936189335,0.060629372419830685,4.379745156428587,4.878542770088647,14.425351014773769,IR_007_1
1.1142,-1.2183,0.023076210830078124,0.2774154496628912,0.27837356774294925,-0.44815120278882625,3.0358320718247045,4.376493089848558,12.063226399235512,IR_007_1
1.4680000000000002,-1.071,0.02278766120117188,0.2702072089479448,0.27116639406544774,0.5554822547837747,5.244471917161594,5.413650167255013,11.89970220163711,IR_007_1
1.1253,-1.2895,0.024067177314453125,0.2695052056298976,0.27057768733858806,-0.4581296779359178,4.248150270174613,4.765729236279013,11.242601180882819,IR_007_1
1.6197,-1.3124,0.025653534755859374,0.2843603637573092,0.2855151840474676,0.056176815681599865,5.590701277973814,5.672903175817849,11.12966207717604,IR_007_1
1.3481,-1.0602,0.019580710087890623,0.29822451622091173,0.2988666362823774,0.29505587350105655,3.4710585312576283,4.510707559259209,15.263318831521227,IR_007_1
1.1457,-1.2915,0.023448098828125,0.2610028136370989,0.26205396784848667,-0.6185082066527968,4.291121336558569,4.928374127188718,11.175914883054364,IR_007_1
1.4661,-1.0929,0.022516121035156246,0.2774800478513406,0.2783920844098339,-0.022340655190553622,4.518644535814032,5.266313508308564,12.364122204310217,IR_007_1
1.3977,-1.328,0.020854754853515626,0.2968843260851066,0.2976158999028919,0.1173360954062342,4.083888545562028,4.696321654050503,14.270888712069041,IR_007_1
1.0183,-1.2847,0.024744195771484373,0.28364581474948797,0.28472306448420787,-0.5614642750360554,3.423673382979814,4.5121037096703205,11.506660212641354,IR_007_1
1.3506,-1.1055,0.020113839580078126,0.2718709152592266,0.2726139415116965,0.1980992601032041,4.476559898437936,4.954258713095911,13.553549876581434,IR_007_1
1.2855,-1.4568,0.02262619935546875,0.26821268237760515,0.2691653541700037,-0.5325613417308064,5.513064884243104,5.412286432924814,11.896180089510542,IR_007_1
1.3746,-1.3643,0.023213490625,0.2918426179126845,0.29276437586756715,-0.12821607249659397,4.363153887907902,4.695243371845764,12.611819910464122,IR_007_1
1.25,-1.0917,0.02046220873046875,0.28251858046610845,0.2832586279263427,0.22455278542138626,3.3982771682233146,4.412928230070069,13.843012639273432,IR_007_1
1.2892,-1.4063,0.023538052294921875,0.2611686699559211,0.26222721840492325,-0.902988749635464,6.645618949824948,5.362906273388937,11.140565242134805,IR_007_1
1.4634,-1.4075,0.02313241017578125,0.3076380027187738,0.3085064814835125,-0.10211079988134779,4.388638948133658,4.743498380388841,13.336546680724187,IR_007_1
1.39,-1.1386,0.020940458369140626,0.27313951770179573,0.2739410500948686,0.3393111235128141,4.65848987184943,5.074084349331888,13.081902610912534,IR_007_1
1.147,-1.1876,0.024641233603515625,0.2820650442153459,0.2831393288854589,-0.3937246085465769,3.240913987187402,4.1944013941137435,11.490468454249559,IR_007_1
1.3944,-1.1167,0.02358607275390625,0.27015158847345366,0.27117924622412165,0.3498947950931603,4.322980869469286,5.141986395616658,11.497430604752935,IR_007_1
1.1639,-1.4597,0.022407834208984373,0.2680909751056214,0.26902580167526724,-0.604719488372378,5.406884551854096,5.425873598310415,12.005880941475414,IR_007_1
1.5894,-1.2642,0.024533163339843747,0.3149094179765551,0.3158636060608948,-0.042079094188205816,3.5224324670671034,5.031918728432624,12.874963933939334,IR_007_1
1.2888,-0.98946,0.023565905917968748,0.2664928891559528,0.267532823953289,0.49345163548685456,4.091084048878238,4.817352787363657,11.352536733873718,IR_007_1
1.0963,-1.3130000000000002,0.021704938349609376,0.275038497447787,0.275893601642185,-0.49710560551881083,3.7914832451782923,4.759080991460576,12.711097561631762,IR_007_1
1.4505,-1.3731,0.023122219902343748,0.2897183801014962,0.2906395995418507,-0.1725796163898549,4.845227450231293,4.990717016180095,12.569709491547608,IR_007_1
1.4061,-0.88349,0.020701369609375,0.26504778869240503,0.2658549924196229,0.4981413874837721,4.411657611884572,5.288973443431342,12.842386015698185,IR_007_1
1.2281,-1.3043,0.024445955576171872,0.2799702908481636,0.281035528895614,-0.5332649027091464,3.8572897752377635,4.641050192068101,11.496196846293463,IR_007_1
1.4155,-1.0927,0.0252317690625,0.2599216462372615,0.2611434555042716,0.4773104683357018,5.073680815328869,5.420392373403567,10.349787385403793,IR_007_1
1.079,-1.3314,0.017859311787109373,0.290495256926807,0.2910437240596004,-0.49042575982928527,4.063838560374874,4.574570366453885,16.296468264426842,IR_007_1
1.5665,-1.3606,0.027107119501953124,0.3080104085220002,0.3092009179895535,-0.1614926400450304,3.9520504439879307,5.066285071594256,11.406630887529163,IR_007_1
1.443,-1.0343,0.021295706386718752,0.26353014758878374,0.2643891938008727,0.8658351602509796,5.898893424490058,5.457862985235873,12.415140243979934,IR_007_1
1.2817,-1.2627,0.023934759521484376,0.2806216576209406,0.28164052875833706,-0.29193517403723374,3.6357856491398186,4.550836490400613,11.767008427158911,IR_007_1
1.5244,-1.3295,0.019764482832031253,0.2824469453565339,0.2831376197591103,-0.20545433657793355,5.610414323447134,5.383954261934479,14.325576228823348,IR_007_1
1.3529,-1.0009,0.020469530214843754,0.2679477849404884,0.26872851936802433,0.4112839222660893,4.246721076091589,5.0344488859879855,13.12822050234117,IR_007_1
1.0759999999999998,-1.1113,0.0224032897265625,0.27226470202780073,0.2731848739605826,-0.3798892437818622,3.3049414581845955,4.067941170463216,12.193961918133772,IR_007_1
1.2974,-1.1207,0.022652471494140625,0.2622623305079891,0.2632387974221782,0.3298037224707472,4.704185269583467,4.928604779297201,11.620753429466411,IR_007_1
1.6103,-1.2627,0.021497311533203126,0.30869795630699925,0.30944557297087577,0.010107928723260657,4.089162080312782,5.2038230159063685,14.394616652334078,IR_007_1
1.1319,-1.2659,0.0183051274609375,0.26829869572496545,0.2689224197033017,-0.5130765478211645,3.547283600109517,4.707305536999644,14.691097103042608,IR_007_1
1.2423,-1.0669,0.02354773,0.27340955977130177,0.27442172465475456,0.4291365790055184,3.830487398020219,4.52697393778114,11.653849988975777,IR_007_1
1.1609,-1.3034,0.016832959687500003,0.27605453175534517,0.2765672667444647,-0.4848856521417493,4.32394648960113,4.712777512067266,16.430102337840125,IR_007_1
1.449,-1.3764,0.021014112792968748,0.2751961851898981,0.2759973428849421,-0.31397008744997756,5.881733786128931,5.250050524413958,13.133903509044949,IR_007_1
1.3262,-0.98988,0.020051128515625,0.2837450011791259,0.28445258559009845,0.37490351757335394,3.1099158851322937,4.662288418249046,14.186362188146886,IR_007_1
1.0122,-1.3518,0.019364193945312497,0.2671376550807538,0.2678385684870562,-0.8008853034687659,4.821273430325296,5.047069966767158,13.831639747661807,IR_007_1
1.2978,-1.234,0.02061272193359375,0.28347109051582164,0.2842195339235866,0.16317248897621497,4.521270149250137,4.566188599066274,13.788548695833754,IR_007_1
1.4075,-1.294,0.017389148818359373,0.2862793105652911,0.28680694927836986,0.18780890516930204,3.628832905294625,4.907482188398519,16.49344288100621,IR_007_1
1.1148,-1.2972,0.0183606813671875,0.27460510801034443,0.2752182406121373,-0.523428312719047,3.8005506147781434,4.713350366608812,14.989543150312414,IR_007_1
1.2763,-1.1123,0.017523077607421875,0.287191882215937,0.28772597286231977,0.28101934778935467,3.688147638617581,4.43581781257859,16.419830060024605,IR_007_1
1.2452,-1.3712,0.017328149277343753,0.2676443520513733,0.26820470529499923,-0.3624022002597501,5.540898391035862,5.1125128225446295,15.477976645070541,IR_007_1
1.3883,-1.3543,0.01999048767578125,0.28797527186794875,0.28866828160526153,-0.3650102877181913,4.356328569233107,4.8093264264104345,14.44028139016867,IR_007_1
1.3879,-0.98988,0.01831965986328125,0.2785411180224463,0.27914291029274,0.562816701966304,3.7152226484259208,4.97200517674796,15.237340493143959,IR_007_1
1.1397,-1.1949,0.019656394892578123,0.25677972054970816,0.2575309665763696,-0.7084391124881113,5.258796601590255,4.6398303522300015,13.101637145678794,IR_007_1
1.4148,-1.2675,0.018782166992187502,0.31016770857057696,0.31073586409818355,0.09593755021875175,3.494410462696,4.553063096057367,16.5441957620353,IR_007_1
1.4413,-1.1178,0.02074461616210937,0.26985076833422866,0.2706469587309024,0.23718304729238013,4.453473485845303,5.325387735495159,13.046611398799236,IR_007_1
1.0725,-1.413,0.0198737744140625,0.27430683747679635,0.2750258315067561,-0.465066809186814,3.5372377281975833,5.137699201275172,13.83863034459725,IR_007_1
1.37,-1.0788,0.020887290341796875,0.29058283475533236,0.29133256383773387,0.3300811785661327,3.680827796698531,4.7025295670707505,13.94783838030534,IR_007_1
1.099,-1.2041,0.022074785234375,0.2557852124877907,0.2567359948869033,-0.32069427765743197,5.270706006698417,4.690031858759793,11.63028226688385,IR_007_1
1.4703,-1.3664,0.018871551796874997,0.3016295534140373,0.3022193292295741,-0.2951155391126599,3.927974670369756,4.865009789026796,16.014544880462598,IR_007_1
1.4255,-1.0349,0.020863538720703127,0.2680971355502277,0.26890771900075205,0.7305392903492951,4.938260355364022,5.301075030482624,12.888882835826362,IR_007_1
1.2118,-1.2515,0.022979733271484375,0.2918722169358776,0.2927754415252286,-0.2911303147782574,4.19710890292981,4.274607150127209,12.740592996696858,IR_007_1
1.4192,-1.3339,0.0188145933984375,0.28355023072615154,0.2841737536606826,-0.3803608541724239,4.8600530307379906,4.9941276304512865,15.103900070483713,IR_007_1
1.4709,-1.0122,0.02208376486328125,0.2657528072679767,0.26666879690235046,0.34716148349393877,4.143466132762161,5.5158309167412165,12.075331651008922,IR_007_1
1.0648,-1.2127,0.023664434833984373,0.27354184283405447,0.27456355413102895,-0.5900177026019118,3.382978430090115,4.416828006984639,11.602370580782225,IR_007_1
1.2721,-1.0756,0.020620487705078128,0.27745790215621025,0.2782230974993277,0.2496901522076194,4.260340389911823,4.572230008440775,13.492555946591644,IR_007_1
1.3589,-1.3737,0.0240861028125,0.30003353450598985,0.30099877437765643,-0.2185768646217022,3.950556049921751,4.563805943318039,12.49678141059272,IR_007_1
1.1461,-1.4113,0.019721493447265624,0.2685872984242432,0.26931036775182643,-0.7679144200979612,4.9026225348153,5.240422069677288,13.655677487928214,IR_007_1
1.3556,-1.0556,0.02268529328125,0.2547606314876278,0.2557686491484662,0.6506408634534401,5.590739718950049,5.300102257306022,11.274645414666972,IR_007_1
1.123,-1.196,0.02137895565429688,0.2951914868839523,0.29596464936479655,-0.3436383842997466,3.3181330508253266,4.041023137478914,13.843736817966358,IR_007_1
1.255,-1.3971,0.020072976396484376,0.2761552486901628,0.27688381274559815,-0.4783807774713963,5.158239331943886,5.045798745330995,13.79385864271895,IR_007_1
1.3831,-1.0625,0.019972301132812495,0.2636309622821007,0.2643864162288338,0.25513394479668866,3.519906640309409,5.231358004306584,13.237653549936708,IR_007_1
1.0854,-1.2955,0.019445714082031253,0.268364150443858,0.26906774804798467,-0.4031166094369215,3.365004072924507,4.814772504634008,13.836865700897564,IR_007_1
1.2934,-1.0272,0.019201876328125,0.2685668822573942,0.26925245087088373,0.3076087967762355,4.411267993072458,4.803670276771451,14.022194094350844,IR_007_1
1.5283,-1.308,0.018090600615234372,0.31513464777486605,0.31565347465030197,0.04232511601843871,4.078083411290605,4.841701796095961,17.448478572679715,IR_007_1
1.1440000000000001,-1.4192,0.016411728984375,0.26013209158837003,0.2606492852904007,-0.5173331471252375,4.4653527049049995,5.44486432400512,15.881889693442146,IR_007_1
1.3671,-1.0502,0.0190733501953125,0.28591612684417544,0.28655160840108307,0.3589568782297052,3.516226097706147,4.770868336274061,15.02366340695842,IR_007_1
1.1839,-1.3303,0.015715560185546873,0.27645348470134223,0.27689981588195534,-0.33155426136902955,5.221110594554235,4.804264643364202,17.619467266406733,IR_007_1
1.4609,-1.3043,0.017071606074218752,0.27672143618159384,0.2772475301537548,-0.24654206133328513,5.211097714735249,5.269298499865883,16.24027128485456,IR_007_1
1.5091,-1.1294,0.016828382773437504,0.2823626158588861,0.28286364436145234,0.2296259689356211,3.0895135518412937,5.335079373921039,16.808723176846843,IR_007_1
1.1309,-1.3019999999999998,0.01902865159179688,0.2682305041419894,0.2689046167950037,-0.7386916701584432,4.493625297276764,4.841865530894543,14.131563729894708,IR_007_1
1.3671,-1.3727,0.017798177529296876,0.3124672624872746,0.31297374530406813,0.059447595017317424,4.224153974532096,4.385990889684273,17.58459410826195,IR_007_1
1.3981,-1.1411,0.017123380546875,0.2745391121152496,0.27507259813071655,0.05369029798322721,3.416035171459547,5.082658194303142,16.064151661732787,IR_007_1
1.1449,-1.41,0.01935342092773437,0.26028653291357295,0.2610050461538523,-0.6953215540415711,5.172364735272955,5.4021943842674425,13.486247916696307,IR_007_1
1.3566,-1.2269,0.01779944267578125,0.291463234408196,0.29200622796655457,0.3144283646541712,3.621324454133652,4.645791306579903,16.405357003593984,IR_007_1
1.1192,-1.1522,0.01837204294921875,0.2656028427900041,0.26623749183813233,-0.11018840834641573,4.189101814016643,4.327715032610064,14.491446491964972,IR_007_1
1.3049,-1.3512,0.017115881982421876,0.2849548536767195,0.28546842566202807,-0.2988855776801401,4.628652831650824,4.733273013059736,16.67856843583273,IR_007_1
1.4645,-1.0692,0.0136713965234375,0.27248436719105024,0.27282712007131577,0.3988711317020157,4.008783020895032,5.3678680999503205,19.95605201323389,IR_007_1
1.0767,-1.3593,0.017893372929687498,0.25658710341427865,0.2572102533596408,-0.6000463033238791,4.767099479944954,5.284781523909916,14.374608968121693,IR_007_1
1.2575,-1.3024,0.015882919589843753,0.3201171519318093,0.32051093288003535,-0.005913735303845617,3.2143952947141683,4.063511919027005,20.179596760370654,IR_007_1
1.4808,-1.1292,0.0206829851953125,0.26220460022502384,0.26301908344406133,0.3680024987253717,5.413304968292337,5.630009712526906,12.716688052698638,IR_007_1
1.0765,-1.3441,0.018893408408203125,0.2551056047977091,0.2558042815913841,-0.4715390284770384,4.160014764192655,5.254407730722142,13.539339357158015,IR_007_1
1.3840000000000001,-1.1109,0.017139757041015627,0.28831916208912234,0.28882816777315645,0.29825367616150383,3.807239518141217,4.791776390366493,16.851356190792632,IR_007_1
1.2129,-1.2329,0.018196246064453126,0.2626488941976609,0.2632784552410094,-0.2795139770865108,5.570387636630754,4.682874617250806,14.468832738335983,IR_007_1
1.2667,-1.3996,0.018935945996093752,0.286826345557503,0.28745073065942817,-0.38516398445148564,4.150627883739488,4.869008305945963,15.180161347025615,IR_007_1
1.4065,-1.0894,0.02064969623046875,0.2584768979415234,0.2593004371841346,0.3749284602651492,4.528175783348897,5.424209885064735,12.557106009357623,IR_007_1
1.2671,-1.2262,0.01834766228515625,0.2989217332153796,0.2994842889031355,-0.11743425796681756,3.6883662701183644,4.230939794570952,16.322748256745385,IR_007_1
1.2169,-1.3343,0.01869985125976563,0.27452578156621343,0.2751619326536243,-0.42216075441466466,4.428041862807032,4.8491445829117685,14.714658106987258,IR_007_1
1.4995,-1.1161,0.0196374051171875,0.26248707430070617,0.26322061441817396,0.36574513491889304,4.708707549258257,5.696742246490727,13.404041900818664,IR_007_1
1.1297,-1.337,0.020199303408203126,0.26035993287683173,0.26114231083033057,-0.6196715471052232,4.697907330871727,5.11981375453502,12.928282358291419,IR_007_1
1.3203,-1.1215,0.01819216947265625,0.279967015211452,0.2805574533612166,0.3142235351690262,4.036466180174491,4.705987951758782,15.421879087100061,IR_007_1
1.3733,-1.2763,0.019610565830078128,0.29770604501672654,0.2983512418805678,-0.031616170687296045,3.6093463006242965,4.602963898326182,15.213800012295675,IR_007_1
1.1011,-1.3477,0.018469252968750002,0.2542920994079614,0.25496192877865553,-0.6909260556755813,5.3082533384167405,5.285887195668788,13.804668516121517,IR_007_1
1.4180000000000001,-1.0762,0.0211027803515625,0.2572902101029899,0.25815417787323713,0.4066397162512214,4.331280862816762,5.492841549918463,12.233182610979513,IR_007_1
1.2917,-1.3846,0.018770887685546876,0.30877110158956933,0.3093411375833153,-0.18421226187908607,3.6080955661499914,4.475964646477448,16.47983442688573,IR_007_1
1.249,-1.3339,0.018314236103515624,0.2829779405244212,0.28356996679390817,-0.33250999960315447,4.192208190682926,4.703953702775205,15.483580625887699,IR_007_1
1.3264,-1.1259,0.019993575595703125,0.2608519693075052,0.2616170731368745,0.21484134310471334,4.210709648625662,5.070005481775419,13.085056187150593,IR_007_1
1.1219,-1.2838,0.0183166850390625,0.25243092420367425,0.2530945918923226,-0.5042150990448646,4.03119143385187,5.07241180196285,13.817706508293501,IR_007_1
1.4094,-1.158,0.023602118144531246,0.28236254090619634,0.28334725071528716,0.2988311903639159,4.620870177924678,4.974108594553063,12.005161442502947,IR_007_1
1.357,-1.1964,0.01792492255859375,0.3060773863347602,0.30660180898724265,0.007353844488673739,3.6323150443337946,4.42593603754806,17.10477637380208,IR_007_1
1.2258,-1.3758,0.02208945259765625,0.24992830734828692,0.2509025761725931,-0.578657487250988,5.197640567126458,5.483403221695895,11.358478156255279,IR_007_1
1.5087,-1.3111,0.021963005527343753,0.30349165912597253,0.3042853278928014,0.15061614293434897,3.879598290055185,4.958175293858842,13.854447819517278,IR_007_1
1.2504,-1.0427,0.020736257373046872,0.26857604996407447,0.26937536447148663,0.06399130372310172,3.8054799410340685,4.641849850714558,12.990548228393148,IR_007_1
1.1849,-1.2972,0.021546185029296873,0.2774583150183883,0.2782936482605377,-0.3771338331347981,4.199946411724203,4.661263393709588,12.91614431817005,IR_007_1
1.4461,-1.0817,0.019637300654296874,0.2615874420907713,0.2623234900587057,0.31160802655825365,4.2645959644559275,5.512659175751726,13.35842849882108,IR_007_1
1.225,-1.3758,0.020678453037109374,0.2626508789178874,0.26346362674256707,-0.4203634013489262,4.60594012472968,5.221973187677761,12.740973105134337,IR_007_1
1.3462,-1.3072,0.02329307443359375,0.31785488048800237,0.3187072204494451,-0.07223661311466963,3.538343523323247,4.223939432177381,13.68248780020688,IR_007_1
1.4267,-1.084,0.022209393730468752,0.26570436556270804,0.26663095665911746,0.30625359980135336,4.239396548615549,5.350841524651494,12.005322967821822,IR_007_1
1.1645,-1.4232,0.020145609462890623,0.2532229921358737,0.25402308817679553,-0.6704564183672294,5.962293246127784,5.6026403135719605,12.609351731719459,IR_007_1
1.4152,-1.3011,0.022147406015625,0.29787708679154923,0.29869929097445325,0.17298771689901077,3.4437908688095016,4.73787530812439,13.486874141235624,IR_007_1
1.2411,-1.0925,0.020062405332031248,0.2642149860232799,0.2649755817938489,-0.13432108937677023,4.4222825196730735,4.683827796184437,13.207567298185664,IR_007_1
1.1902,-1.3187,0.021381298818359373,0.2810559834666,0.2818680999714897,-0.36885408096482103,3.840884497519127,4.6784293627230396,13.182926312527522,IR_007_1
1.4824,-1.1257,0.019645868212890626,0.25917237752977407,0.2599159121952213,0.515531833011455,5.08967288937316,5.703382997125605,13.230054083057707,IR_007_1
1.2402,-1.3988,0.018614342988281248,0.2595645414686176,0.2602311375540965,-0.6247744893949929,5.159483778121464,5.375221458016329,13.980140139127455,IR_007_1
1.4745,-1.182,0.02545740384765625,0.32843735673651286,0.32942248968570753,-0.0440677344682401,3.2118513368198185,4.476014970716671,12.9401441999708,IR_007_1
1.4142,-1.1413,0.019942005107421876,0.2638504799100686,0.26460302212272246,0.6103129221412289,5.196263245576763,5.344610138275314,13.268626069883931,IR_007_1
1.0917,-1.3397,0.02060051458984375,0.2672684407288325,0.26806118818469005,-0.5075911188418228,4.222842892643132,4.99773952385538,13.012353356672625,IR_007_1
1.4997,-1.1724,0.01972823748046875,0.2842959140724518,0.2849795959579855,0.18302554003270657,4.519906806830994,5.2624820022505,14.445263130822326,IR_007_1
1.3493,-1.1778,0.019554814648437502,0.27320108139307686,0.2739000212673985,0.0893023605202956,4.961802541144133,4.926250055878886,14.006781050338567,IR_007_1
1.2709,-1.4186,0.020699168183593755,0.29390338920536796,0.2946313930148902,-0.352137146796164,4.045826136464592,4.814829745971694,14.233971924265262,IR_007_1
1.4346,-1.1029,0.0241755865234375,0.2543992064615144,0.255545329114035,0.4205005453486996,5.005850639651552,5.613876799704466,10.5703875393428,IR_007_1
1.2865,-1.4132,0.017755062167968752,0.31015332945157564,0.31066111762254073,-0.15067513800516308,4.116730706737968,4.54900827714158,17.497043783149863,IR_007_1
1.1115,-1.3433,0.022641810058593746,0.28198400625438214,0.28289155403794025,-0.5519771593464317,3.8838012212395574,4.748462709746998,12.494210525203027,IR_007_1
1.2765,-1.0531,0.021345383447265623,0.2524497638474283,0.2533505647539257,0.46690558292914536,4.687943177824455,5.038473058867524,11.869102914488865,IR_007_1
1.2646,-1.4488,0.021312734912109374,0.27216929613232616,0.2730024879494685,-0.4627182611087307,4.880779221824275,5.306911323684547,12.809359111626547,IR_007_1
1.4528,-1.2258,0.022248479023437497,0.28500618029461544,0.2858732544764956,0.17526940203045863,4.261721988048604,5.0819724201848215,12.84911392487687,IR_007_1
1.3166,-1.2421,0.021211741289062502,0.3045916733884446,0.3053293720985373,0.0363744662334321,3.8093293696659627,4.312064661971125,14.394356104164792,IR_007_1
1.1843,-1.3662,0.022689493652343747,0.25141852070531945,0.25244026159836486,-0.678146699296537,5.152014709504909,5.411973454383696,11.125865316365195,IR_007_1
1.4140000000000001,-1.081,0.021514410839843748,0.26075626688564146,0.26164231422673484,0.39015350901853413,5.031904952218621,5.404324597780184,12.161258052250574,IR_007_1
1.5125,-1.399,0.022221060048828126,0.3142553296078881,0.3150399779340013,0.1100248044483069,4.185378347453004,4.800977974661617,14.177539823221698,IR_007_1
1.0226,-1.1849,0.022190339501953125,0.27548416082419025,0.27637643537794654,-0.5463515182476548,3.5931288343974295,4.287268536814194,12.454808224038777,IR_007_1
1.4013,-1.0894,0.02184078517578125,0.2680194618473474,0.26890788725144593,0.5317006361052284,4.427400828463493,5.211078072539454,12.312188997556863,IR_007_1
1.129,-1.3401,0.022839871855468753,0.26178308657019117,0.2627775564248029,-0.44641534299440117,4.070093303665641,5.099750576620252,11.505211000414292,IR_007_1
1.4951,-1.2244,0.0187225515625,0.2960110361327573,0.2966025412052281,0.18460960507719404,4.5143889670519854,5.040752479341515,15.841992709867077,IR_007_1
1.2648,-1.1169,0.024157708671875,0.29585299074426163,0.2968376442107694,0.1799996638423037,3.354631702763732,4.260915084075435,12.287491167109899,IR_007_1
1.0662,-1.2475,0.021590616630859375,0.2535464042728483,0.2544640128705656,-0.5524714076009191,4.4313612183626665,4.90246137764119,11.78586074846054,IR_007_1
1.5125,-1.4636,0.02395191736328125,0.302083431648763,0.30303150664917716,0.061049958012556735,5.192037131444845,4.99123015865082,12.651659130307086,IR_007_1
1.4501,-1.0441,0.02001341818359375,0.2758034442903422,0.27652861839203424,0.2190056279788106,4.04620969885802,5.243941850171375,13.81716016914901,IR_007_1
0.9984299999999999,-1.3166,0.021776882177734377,0.2787249427197479,0.27957436629903976,-0.5218371749276401,3.4339130767682065,4.709301545487293,12.8381258244012,IR_007_1
1.4949,-1.0877,0.023713527744140622,0.26644367775664496,0.2674968501021255,0.500757606402572,4.536300013831719,5.5884770001620465,11.280347728434188,IR_007_1
1.1812,-1.52,0.018727745693359374,0.2689532535048678,0.26960449000268677,-0.6279269172841019,5.575882199137119,5.637888279779628,14.395991916010118,IR_007_1
1.3867,-1.2506,0.02583127125,0.3158452879245019,0.3168998271986001,-0.1581004179074659,3.211119422862727,4.375830709289497,12.268068879131578,IR_007_1
1.3381,-1.1155,0.018770104951171877,0.27486358066939653,0.2755037292275367,0.3986518631555376,4.332803379314436,4.856921533856808,14.677792972731522,IR_007_1
1.3679,-1.483,0.025065637265625,0.2621359077701155,0.26333157864941753,-0.4554132295043504,5.674583720326581,5.631683074146934,10.505680160977601,IR_007_1
1.4036,-1.3854,0.017386164228515626,0.2987730560617362,0.29927849527664074,-0.08969246948299592,4.333562783722445,4.689946045113009,17.213600086221668,IR_007_1
1.4092,-1.0823,0.021999366640625004,0.2627611312241715,0.26368045853797156,0.12234425813422682,4.897020125173242,5.344347482059309,11.985819903797942,IR_007_1
1.2294,-1.3727,0.0215515776953125,0.28496792803856974,0.2857817182951921,-0.4556547781678523,3.8879087706106823,4.803316333128008,13.260361216941849,IR_007_1
1.3406,-1.1029,0.022175832275390626,0.2586622720471345,0.25961112941800485,0.5124804633043062,3.977742942089101,5.163877210663018,11.706939089684864,IR_007_1
1.3552,-1.3885,0.026627671318359376,0.2820428565969685,0.28329702758274167,-0.04966336157245328,4.9712837798535325,4.901216249765447,10.639196103799605,IR_007_1
1.4518,-1.2759,0.017123147080078126,0.30761388339607026,0.30809008978533714,-0.2028153113309633,3.5305863088993856,4.712258016151343,17.992607921424426,IR_007_1
1.2867,-1.1509,0.023334716689453125,0.2655066704748822,0.26653011287589007,0.5796293788239565,5.26920064727911,4.827597081953571,11.422041458695553,IR_007_1
1.1668,-1.2861,0.02018737067382812,0.2735435718798557,0.27428746900198026,-0.3997948504049446,4.191827922762125,4.688876236273989,13.587081737717234,IR_007_1
1.4584,-1.5114,0.02365914794921875,0.282452250883661,0.28344140366384296,-0.16824003569690926,6.034608103624681,5.332319044186563,11.98020284973955,IR_007_1
1.3414,-1.0737,0.021554794238281248,0.2752340228427835,0.27607675832071865,0.2165119078881675,3.9584320977408973,4.858793631526564,12.808136438726507,IR_007_1
1.023,-1.2396,0.01992511654296875,0.2789180797778024,0.27962887099902156,-0.481630470652709,3.066985676030127,4.433018633370367,14.033988527093937,IR_007_1
1.3821,-1.0145,0.0235935226953125,0.2600739543512989,0.2611419461616531,0.5508017952865168,4.735685044838985,5.292523912845174,11.068374081550866,IR_007_1
1.463,-1.4732,0.019756164951171874,0.31199210990945014,0.31261699042011193,-0.13052022286301826,3.971634140461231,4.712475778452594,15.82376819433269,IR_007_1
1.0151,-1.2919999999999998,0.02358405435546875,0.273410881134997,0.274426160456428,-0.42642826711366855,3.256564373716974,4.708005946456154,11.63608871842277,IR_007_1
1.216,-0.9554600000000001,0.02005420224609375,0.25661202766581687,0.2573944517088299,0.4710274624141459,4.397485299734097,4.724266538003307,12.83493782077662,IR_007_1
1.4138,-1.5266,0.021777181005859375,0.2898955571340468,0.2907123658508894,-0.3975922607834792,5.209574701114699,5.251238592072057,13.349402405355763,IR_007_1
1.4624,-1.3059,0.023703336474609375,0.27269921032226213,0.2737274328057272,-0.008669516322592776,5.181744589568291,5.3425408614246175,11.5480544922815,IR_007_1
1.3374,-1.0629,0.019959256103515628,0.2943340342116913,0.29500999237235137,0.21305689109317336,3.292302386917351,4.53340574911298,14.780609861495709,IR_007_1
1.2709,-1.3172,0.021486473378906253,0.2758055092905,0.27664118907576746,-0.563071850244575,4.487805778581784,4.761402304693818,12.875131778126999,IR_007_1
1.4253,-1.2058,0.01920998884765625,0.2720415203127342,0.2727189257194866,0.1865789985490154,4.020681512520772,5.22625993415571,14.196724094196236,IR_007_1
1.4791,-1.4974,0.021226508935546874,0.30439753631145594,0.30513673130921976,0.02225444501200756,4.623808546614405,4.907308237418507,14.375266223027271,IR_007_1
1.1426,-1.3318,0.019411143046874996,0.28418736537045164,0.28484952362709826,-0.45941286681027577,3.5175115603845635,4.675451018370081,14.67453556262472,IR_007_1
1.2481,-1.0994,0.021489354355468747,0.27518902747773677,0.27602679796490315,0.3560267806990977,3.5642066529346916,4.5216624062604005,12.844815184028223,IR_007_1
1.0554,-1.3362,0.016455967919921877,0.26382074640091124,0.2643334733092187,-0.32046901024230445,4.284624224173713,5.0549783885369965,16.06307562900244,IR_007_1
1.57,-1.3792,0.018398780449218752,0.2894685166411397,0.29005264564978606,-0.10211816364891396,5.427673116299022,5.412810460907952,15.764774773282731,IR_007_1
1.2974,-1.0654,0.0213888322265625,0.28887573648480486,0.2896664862797463,0.30545632144088497,3.3514580167107146,4.478944085606396,13.542883953109392,IR_007_1
1.0107,-1.2849,0.019502766376953126,0.25910534240438665,0.2598382888622238,-0.5699710056992557,4.258710658977257,4.94499867852926,13.323149676147025,IR_007_1
1.4614,-1.4578,0.020156139697265624,0.30093350075635317,0.30160776157945557,0.09717112301811706,5.099050957721463,4.845366006171703,14.963566989804333,IR_007_1
1.4436,-0.98195,0.016967289062499998,0.2677532402924155,0.2682903028162189,0.38106983647509907,4.0628506513502005,5.380738623296941,15.812207007009134,IR_007_1
1.0733,-1.2304,0.022035902519531247,0.27041962946012443,0.2713159726171706,-0.45836560602011256,3.7705408455821328,4.534933876529164,12.312450559455986,IR_007_1
1.3003,-1.0681,0.01873310294921875,0.2803009603405985,0.28092624924340515,0.41156087706399697,3.9543381748401707,4.628616937268663,14.996246751469126,IR_007_1
1.2527,-1.4497,0.019990948291015623,0.2637818901959317,0.26453832162639995,-0.5626684650140585,6.38308951645058,5.480113374905497,13.232904439675076,IR_007_1
1.3875,-1.4472,0.018177262421875,0.30283970437032737,0.3033847382652281,-0.2706599841706952,3.7996022209067597,4.770180607979803,16.690341732085308,IR_007_1
1.3019999999999998,-1.0001,0.0181226480078125,0.26007288895769143,0.26070354416772845,0.5453995959876063,4.0482855376355245,4.994178345991934,14.385509759381296,IR_007_1
1.1987,-1.4303,0.020986703212890624,0.273289793693911,0.2740944236007117,-0.5459520885291176,5.753524813462969,5.218274695239043,13.060384366229128,IR_007_1
1.3452,-1.5166,0.016939638632812497,0.2960042412266427,0.2964885532042861,-0.24011082588416127,4.511148999990329,5.115205894103536,17.502648204509647,IR_007_1
1.4367,-1.1459,0.018490516533203126,0.27006432747138465,0.27069658323339796,0.40351706219037,4.497337370349641,5.307418281869635,14.639751577927035,IR_007_1
1.1461,-1.2043,0.015793477822265624,0.27678676355787596,0.27723698602922,-0.42366324696185287,4.164640273513243,4.343936979350703,17.5538897508997,IR_007_1
1.1947,-1.0913,0.021058139941406248,0.26962367159479117,0.27044476246000343,0.3014644795748985,3.822660940123468,4.417537927949883,12.842765333013453,IR_007_1
1.1993,-1.3723,0.017665179824218752,0.28244474321351876,0.2829966281551293,-0.22449664871740546,4.826700420215862,4.849174366835835,16.020024418156215,IR_007_1
1.4933,-1.3364,0.01933100498046875,0.2918457918541941,0.2924853055737271,-0.22065327888144795,4.42713917600545,5.1055556174531525,15.130371687290468,IR_007_1
1.3408,-1.0719,0.018636100859375,0.2667871805434276,0.26743728976631553,0.42922916664235217,4.386121295868225,5.013511751327079,14.350495172453655,IR_007_1
1.1032,-1.3095,0.01934411963867188,0.2891702879271482,0.2898165805892841,-0.35535616404984743,3.5224312544371594,4.518375010908687,14.982153285887604,IR_007_1
1.5992,-1.2467,0.018591643496093747,0.27951381865893304,0.2801314406295458,0.12972864402490492,4.870348692521692,5.708748688463288,15.067598817759434,IR_007_1
1.4328,-1.0485,0.018858470791015623,0.2708931146124003,0.2715487460199045,0.371276419019572,3.997443529929882,5.276400704198337,14.399297516210895,IR_007_1
1.016,-1.3061,0.021237640625,0.27973957216106604,0.2805445875652798,-0.5043023362989284,3.3335086268339262,4.655587928747677,13.209780658274001,IR_007_1
1.2354,-1.0833,0.022764036757812498,0.26637423050234915,0.26734515526792263,0.26738345360945337,4.485769240357407,4.620992642043349,11.744188711695982,IR_007_1
1.4232,-1.4031,0.021096016601562496,0.3138232984150445,0.3145315636697715,-0.09070195959868056,3.7749437420737726,4.524824087192094,14.909523191072585,IR_007_1
1.0573,-1.288,0.02079773020507812,0.2665933367377377,0.2674033522128023,-0.6620918619262206,4.026806190610921,4.816693525062105,12.857332830011345,IR_007_1
1.294,-1.0498,0.0213764328515625,0.2664778393821234,0.26733385637292956,0.25145316289516667,4.301723295056976,4.840389514130549,12.506008169056175,IR_007_1
1.0961,-1.2807,0.02029250954101562,0.2863492921246254,0.2870674189868057,-0.3688335619282256,3.8884032541430322,4.461321316291706,14.14647134993866,IR_007_1
1.361,-1.4981,0.022267939052734373,0.2783865315176343,0.2792757097208332,-0.2592654869177845,5.881704179833331,5.364233058912579,12.541605063578379,IR_007_1
1.3802,-1.0873,0.018241948466796876,0.28425600156927283,0.284840732887724,0.24054181530860175,2.9870602381720675,4.845514829153737,15.614599382932042,IR_007_1
1.0963,-1.318,0.0214882976171875,0.26175175438210374,0.26263230543212684,-0.5914651999809792,4.821164111785092,5.01842297280596,12.222107953305311,IR_007_1
1.1822,-1.1146,0.019842334580078124,0.2674094537041349,0.26814461428850594,0.08950620279391883,4.2012458578816565,4.4088149923429585,13.51376269221681,IR_007_1
1.4476,-1.3216,0.018646952001953127,0.29405227426771485,0.29464291747974963,0.12091266946575809,4.102324800512267,4.913065643895634,15.80112940966216,IR_007_1
1.1136,-1.3589,0.020491850517578125,0.2548903632554376,0.2557127552902352,-0.5165412515544915,4.4555005561201835,5.314165862174048,12.478753082457294,IR_007_1
1.2653,-1.0698,0.017592834531249997,0.28468485499707674,0.28522793427634424,0.41374410320017324,3.24848556205475,4.436101249248637,16.212732380161025,IR_007_1
1.1176,-1.4096,0.02013526783203125,0.26928724104753254,0.2700389734865313,-0.3417535235174276,4.714074340476018,5.21998723584364,13.41124251874663,IR_007_1
1.5043,-1.3595,0.01816185060546875,0.27940358579816305,0.27999324380114393,-0.1663756610893129,5.006122887629045,5.372629618505188,15.416558282902976,IR_007_1
1.4061,-1.0189,0.019200079130859374,0.28932483263952163,0.28996120744078585,0.5040011759896708,2.6533450477349696,4.849269347307004,15.102083192597984,IR_007_1
1.0402,-1.3637,0.018820913359375,0.2589696478892528,0.2596526628162412,-0.783731069587735,5.444404771509179,5.252016212570435,13.795964311739406,IR_007_1
1.3224,-1.3777,0.016118424052734375,0.31891120442592297,0.31931827367430227,-0.06790572702639687,4.1975510551492015,4.314504083442214,19.81076145030263,IR_007_1
1.5068,-0.98508,0.019101352646484375,0.26041902726921007,0.2611186156457768,0.5133254138978771,4.141353195066989,5.770557531882397,13.67016288365699,IR_007_1
1.075,-1.3948,0.0198129337890625,0.26411342289076234,0.26485553136833756,-0.7026987646365638,4.672687573376804,5.2662671892397395,13.367809170529748,IR_007_1
1.254,-1.0854,0.01777140642578125,0.27820370225087226,0.27877073525110607,0.17234409425589614,3.465358849141335,4.498320077866582,15.686474828475832,IR_007_1
1.2023,-1.3547,0.0190236885546875,0.2712282588067605,0.27189459189467674,-0.36913185683140054,5.078532272536751,4.982445533680647,14.292421620583111,IR_007_1
1.2951,-1.4213,0.020491844033203123,0.2866287420058323,0.2873603163551417,-0.23154656777063704,4.161221975921843,4.946055228089999,14.02315486426572,IR_007_1
1.3792,-1.045,0.017797875810546877,0.2682778706971178,0.2688675887665657,0.39714666994752534,3.7860393759440454,5.129662527184623,15.106722651728713,IR_007_1
1.1927,-1.2588,0.019431265419921878,0.28177426255352056,0.28244346179970214,-0.379907572320623,4.591612311075811,4.456821154655973,14.53551486022174,IR_007_1
1.2277,-1.4192,0.016910915654296876,0.29833649289432557,0.2988153979646175,-0.3248912950885517,3.5445750316026547,4.749420561716254,17.669970473699415,IR_007_1
1.5191,-1.1516,0.014453282314453125,0.2698044352922189,0.2701912853387659,0.35316575276499396,4.475979822356467,5.622313067843912,18.694111189848304,IR_007_1
1.1703,-1.3383,0.022067196093749998,0.2654369079284849,0.26635261071383354,-0.6402546320908074,4.294326762622947,5.024542434139356,12.070069868060928,IR_007_1
1.2417,-1.0068,0.016112423808593748,0.28851502055687595,0.2889645779121072,0.18928377316016293,3.304538324734671,4.297066459407404,17.934270064551963,IR_007_1
1.0712,-1.1595,0.019201589833984373,0.2707532799465041,0.2714333060881487,-0.10685125742493512,3.484764818224396,4.271767575021474,14.135980108884848,IR_007_1
1.5133,-1.4411,0.017119862392578122,0.28423707317767616,0.2847521790205519,-0.29575039301759304,5.408709108134801,5.314445704650191,16.632853457463856,IR_007_1
1.3222,-1.0614,0.01767053650390625,0.258494491831535,0.25909776179577354,0.5918638977918197,4.831322079504701,5.103093078585115,14.662698389253716,IR_007_1
1.2976,-1.3013,0.019677650107421875,0.2916637563441981,0.2923267977427966,-0.22387043978002485,3.95093753903524,4.451524819470785,14.855777051181626,IR_007_1
1.3331,-1.3358,0.017741112470703126,0.27176868414071914,0.272347140156228,-0.43745973546021144,5.02784835310081,4.904769678612993,15.351186418257784,IR_007_1
1.4669999999999999,-1.0629,0.018604402382812496,0.2656777388348537,0.26632834002490674,0.3536512086576625,4.128995938804173,5.508238418617294,14.315338930511025,IR_007_1
1.0099,-1.2544,0.018334087568359372,0.26755435893537,0.26818179235787254,-0.6182873588848673,3.365232959778295,4.6774241617740175,14.627495190608803,IR_007_1
1.3328,-1.1616,0.018461036191406252,0.27041773776681094,0.2710471596534082,0.3234228093072672,4.968460794535724,4.917225462856886,14.68211979875013,IR_007_1
1.4155,-1.3195,0.017075344375000003,0.29907182987503134,0.2995588870494823,-0.08850210509624652,3.781054435103372,4.7252812601113074,17.543357423860147,IR_007_1
1.1440000000000001,-1.2665,0.019052669365234375,0.2494794673097621,0.2502059328215532,-0.4934552951830065,4.7145684278591755,5.061830391693538,13.132328856017306,IR_007_1
1.2742,-0.98925,0.021515564453125,0.2655443166703989,0.26641453344306437,0.3936290080671018,3.8476593035519597,4.7827720911086775,12.382409099286273,IR_007_1
1.1933,-1.4052,0.020724094052734374,0.29162366675512924,0.29235911322552144,-0.20462418887268366,4.474583925016088,4.806417626905415,14.107207696238927,IR_007_1
1.3166,-1.3226,0.02074132171875,0.28286077047193653,0.28362020008916544,-0.4265123681759638,4.816218411343712,4.663278549697511,13.674161669196483,IR_007_1
1.505,-0.99864,0.019003361279296874,0.26904189639926807,0.26971219801489504,0.35265681654433845,3.7818844274924226,5.58002198453354,14.19286724374727,IR_007_1
1.1263,-1.3906,0.02142936859375,0.25642088562874166,0.25731476526805647,-0.6283438770706794,4.61939961433111,5.40427593864298,12.007575124519938,IR_007_1
1.2642,-1.2949,0.022207219833984375,0.29845117234807655,0.29927623174702034,-0.08326036099368533,3.7773866769878106,4.326771919421296,13.476527926854718,IR_007_1
1.4949,-1.2596,0.016415407734374998,0.29026140394674527,0.2907252108645231,0.2372667356666962,4.184570273311687,5.141968907383987,17.71050697359271,IR_007_1
1.0683,-1.4361,0.022269601494140624,0.24447807844250224,0.24549025640470154,-0.6367868290632898,5.184433752627692,5.849926653637116,11.023558075151666,IR_007_1
1.3445,-1.206,0.020181671054687503,0.30073640518483474,0.30141281533812847,0.19862062496677269,3.2000226725745335,4.460659690368719,14.934977365669795,IR_007_1
1.2559,-1.2175,0.02136662298828125,0.26753642827467267,0.2683882878068498,-0.13144205533217762,5.363324115807586,4.679414312685713,12.561099402228924,IR_007_1
1.3005,-1.337,0.023203304111328125,0.27975042112373516,0.2807110461677451,-0.4383568484968489,4.648655875308664,4.762904821487292,12.097890572955432,IR_007_1
1.554,-1.1459,0.02050212162109375,0.2719039234417596,0.27267577922138303,0.3564494393986451,4.254992002393951,5.699076018920056,13.299880420227254,IR_007_1
1.0629,-1.2323,0.022637452890625,0.2582966482292214,0.2592867384958695,-0.7460724231290873,4.264583225769512,4.752653384418954,11.45388256774096,IR_007_1
1.3164,-1.2058,0.01855460216796875,0.30894454900816415,0.3095012239450266,0.058622253228929964,3.2469694727715437,4.253294959442625,16.680562830862687,IR_007_1
1.4672,-1.0162,0.026213559619140625,0.25647427969925246,0.257810408740913,0.48341796236048956,4.2018644954746724,5.691003716546842,9.83500152789869,IR_007_1
1.2223,-1.4399,0.01819079775390625,0.2681196881152306,0.2687360643418223,-0.6675506171052323,5.228027868974571,5.358045255922388,14.773186597103907,IR_007_1
1.3817,-1.1271,0.021544823798828126,0.2839913522072532,0.28480742188543234,0.23011861663296154,3.424860857284184,4.85134827597456,13.219296259996678,IR_007_1
1.1528,-1.3691,0.021397760234375,0.26310571724507853,0.2639743976034324,-0.3515826652427017,4.93461309907456,5.186487808072604,12.336542814552194,IR_007_1
1.2041,-1.5742,0.018700398212890625,0.2896380751116616,0.29024114017090896,-0.6776557153900118,5.299119602652745,5.423765885323024,15.52058524883463,IR_007_1
1.3662,-1.0005,0.021846876923828126,0.2516333892346767,0.25257998457727243,0.4070496976026467,4.103075164838099,5.408979642142053,11.561376662510963,IR_007_1
1.4495,-1.2356,0.022829085751953127,0.29113665294986063,0.29203033720337623,-0.09400201472590237,4.451366200030757,4.963525395743427,12.792028887375084,IR_007_1
1.0961,-1.3287,0.017793867978515624,0.28473151929984064,0.28528697800711544,-0.5248670413663262,3.553165858955306,4.657415507094911,16.03288067095312,IR_007_1
1.3341,-1.0523,0.023953383701171876,0.2515142266930052,0.2526522725401772,0.32952024718399076,4.278379011398764,5.280379951886121,10.547664795272821,IR_007_1
1.0842,-1.3063,0.02245338341796875,0.257947239903884,0.25892263902746354,-0.4398377078916088,3.815642828596161,5.045136261013878,11.531563981965041,IR_007_1
1.4432,-1.1618,0.020752048056640625,0.28365751697772174,0.2844156016053121,0.2751344976855263,4.0986955047876155,5.074264515659328,13.705422574369809,IR_007_1
1.2627,-1.1912,0.022401602119140624,0.29093912109189407,0.2918002809443954,0.06659297812808111,4.374416053165538,4.327274777070353,13.02586602362722,IR_007_1
1.0333,-1.2930000000000001,0.021197781328125,0.252707230969853,0.2535947367704733,-0.8425368341847138,4.51788532412918,5.0986862399735,11.963267328866115,IR_007_1
1.4872,-1.0861,0.022469385966796873,0.26030343159757685,0.2612714102369398,0.48263001113806864,5.084842894160994,5.692165066813604,11.627883334023393,IR_007_1
1.2690000000000001,-1.3166,0.020760516787109377,0.30305529138132514,0.30376554888842766,-0.219188793261407,3.7980953359928176,4.334263712536145,14.631886930924324,IR_007_1
1.0508,-1.3835,0.019992706015625,0.2734267591140849,0.27415670864208125,-0.6180866349225841,4.080989121433321,5.046383879519838,13.71283580696792,IR_007_1
1.4082,-1.0297,0.020362375439453125,0.2535712391773119,0.2543874990471323,0.35711043841812257,4.449427081792429,5.535649352814473,12.493016215643857,IR_007_1
1.1561,-1.4240000000000002,0.019670641015624997,0.2637103298176542,0.2644429469101068,-0.6013453078035879,4.903385241434939,5.384904423634191,13.44353411037889,IR_007_1
1.2137,-1.1733,0.0217364999609375,0.2780984023752665,0.2789465841953034,0.1704944261361436,3.8122138862052717,4.351012216730427,12.833095110229387,IR_007_1
1.2605,-1.3439,0.021534610556640625,0.2995326868944697,0.30030579410002506,-0.20917536342997117,4.014212971069148,4.475105115944824,13.945261715548327,IR_007_1
1.3368,-1.5588,0.020531507392578127,0.25946589902128936,0.260276959315913,-0.578691299663232,6.796410678213036,5.989004935773014,12.676952630036658,IR_007_1
1.3272,-1.3424,0.018048101845703126,0.2835186493327454,0.2840925175003684,-0.08444920120732029,4.090815212385067,4.725221231048572,15.740852095598783,IR_007_1
1.3915,-1.0639,0.024712143232421876,0.2799188814570091,0.28100759815222587,0.16089680022135514,4.242621727484979,4.951823381994037,11.371234948667428,IR_007_1
1.2448,-1.3013,0.020710867392578124,0.2775580950972255,0.27832972565314223,-0.46976539404719025,4.333393582617603,4.67538992563915,13.43882450399248,IR_007_1
1.4586,-1.0556,0.022041784765624996,0.26493030044219884,0.2658456401148003,0.4553016835135792,4.238684536391158,5.486642526405508,12.060984665289537,IR_007_1
1.0708,-1.3016,0.023082962324218748,0.25361119439606855,0.2546595002599781,-0.6788013036905426,4.542165393285363,5.111138573507281,11.032357357375698,IR_007_1
1.5619,-1.186,0.018535764990234373,0.30916190673739624,0.3097170630773766,-0.016059834598778085,3.7698137198379893,5.042989816052855,16.709159105728464,IR_007_1
1.2448,-1.114,0.024125200781249998,0.2802094058951023,0.28124604257628555,0.34385415844687056,3.8515087477464727,4.426017817606592,11.657769544330558,IR_007_1
1.0591,-1.2632,0.02451714435546875,0.23926785093565392,0.24052067449330256,-0.5353876476365367,4.392013345461426,5.251939349534942,9.810305033724184,IR_007_1
1.5596,-1.3122,0.018974816435546875,0.30404058220188035,0.30463210481566294,0.09724032393271706,4.095336663483693,5.119617959584783,16.054547341518763,IR_007_1
1.2653,-1.0623,0.020489131142578124,0.2699638236317677,0.2707402270902164,0.05666737696195272,4.024077267811054,4.673483541494155,13.213845525823695,IR_007_1
1.1103,-1.3097,0.020039216025390626,0.27791071087244373,0.2786322547669944,-0.5984679678892962,3.9262460654304396,4.700460814900174,13.904348379178403,IR_007_1
1.3449,-1.0541,0.02020361951171875,0.2504620826818222,0.25127562775305173,0.3321173816622532,4.770031847702349,5.352289860636419,12.437158360171326,IR_007_1
1.1774,-1.4739,0.02114591197265625,0.26203949080350314,0.2628913165810437,-0.7451523442228349,5.377249434678962,5.606499345668304,12.432251892882945,IR_007_1
1.3552,-1.351,0.02125292438476562,0.33282072622106057,0.33349860958813415,-0.24111322595487328,2.8571073505081053,4.0635851454075524,15.691891989005446,IR_007_1
1.2632,-1.1221,0.023565268124999997,0.25578203094685936,0.25686527444772145,0.18749525637022268,5.338917440593194,4.91775308203188,10.900162993479986,IR_007_1
1.2239,-1.4933,0.023404719345703123,0.2702960341936732,0.27130743997995793,-0.6574475536266005,5.1608248821202345,5.504087888655856,11.591996655912503,IR_007_1
1.3696,-1.2936,0.02303299259765625,0.28601112499078624,0.2869370703943616,-0.03955994565708463,3.9941417616923536,4.773172017629064,12.457654241850667,IR_007_1
1.355,-1.2621,0.02320580279296875,0.2758094503094681,0.2767839629806559,-0.2172587511223187,5.380989014561152,4.89551482865062,11.927359442059927,IR_007_1
1.1407,-1.2742,0.023871797646484373,0.28073076714786427,0.2817439020569976,-0.4473578275128578,3.3144041461288865,4.522546845467053,11.802374267197933,IR_007_1
1.3041,-0.9869600000000001,0.024973397080078126,0.24606033403018476,0.24732439941252332,0.45924525934977706,4.425413487922501,5.272831947938958,9.903514076036767,IR_007_1
1.4687,-1.3823,0.022007051191406248,0.31007010115304234,0.31085008916067414,-0.022056075494781738,4.4566094741687285,4.72478550429517,14.12502167291906,IR_007_1
1.013,-1.1929,0.024425244921875,0.2776984659577324,0.2787705697966904,-0.5258051456429058,3.3033271833513513,4.2791460970605515,11.413214453944407,IR_007_1
1.1876,-1.0366,0.0229195323828125,0.25132487661770986,0.2523677843377674,0.46586772905056023,4.750797740328535,4.705830414965696,11.011035003313793,IR_007_1
1.1774,-1.3184,0.025137967958984375,0.2777251751104881,0.27886052127050576,-0.33523577058725657,3.779103227162352,4.7278115570661505,11.09320015970663,IR_007_1
1.5292,-1.3366,0.0221134784765625,0.2805822831236025,0.2814523468247988,0.03589670356598248,5.301919773278819,5.43324655778644,12.727637327409411,IR_007_1
1.2605,-1.0391,0.022590956474609375,0.29806702042176797,0.29892189611593917,0.018621228727477568,3.2426744267619148,4.216820554671862,13.231926820804565,IR_007_1
1.0871,-1.3195,0.024542044521484375,0.265141930898371,0.2662753377048109,-0.6465413933493411,4.318040091264217,4.9553969452003175,10.849761380798945,IR_007_1
1.6007,-1.1057,0.023970940605468748,0.2546167207652438,0.25574260592782944,0.5486593104310021,6.414647561044344,6.25902746213781,10.668859410574182,IR_007_1
1.2938,-1.3502,0.022934971152343754,0.3087844339362905,0.3096350102025192,-0.18797900435490977,3.5175713463579337,4.360617989407183,13.50056185574558,IR_007_1
1.0304,-1.3285,0.020588349140625004,0.28547181956192297,0.28621327691833476,-0.507865268488547,3.268540055694369,4.641643496284826,13.901710188694418,IR_007_1
1.3579,-1.1453,0.022249309296875002,0.2659951778588456,0.26692408360495856,0.351731151138696,5.046213121935443,5.087214224260281,11.996959907671792,IR_007_1
1.2027,-1.3881,0.0209129288671875,0.2640305283782413,0.2648574531884979,-0.4494650391648236,4.259107781742017,5.240932350773465,12.664770305764794,IR_007_1
1.3958,-1.2663,0.021735155029296876,0.27940415169827054,0.28024827733703866,0.014169486580655283,4.517201122909654,4.980583674884706,12.893778032202357,IR_007_1
1.3043,-1.1893,0.020737816923828124,0.30049898828202565,0.30121370986276036,0.01872708661647934,3.2158996873760968,4.330148173747204,14.524850732567211,IR_007_1
1.2433,-1.3314,0.01823025872070312,0.2541949403460919,0.2548478173941794,-0.7036548835687043,5.233840798792048,5.224294280364177,13.979384896242728,IR_007_1
1.3627,-1.4995,0.020644691904296873,0.3014243398791689,0.30213049494451244,-0.03696123773086818,4.886835359411997,4.963087209426848,14.634777874638603,IR_007_1
1.4409,-1.1647,0.01737730080078125,0.2802658701424795,0.2808040750235687,0.1544395603913826,4.096685183092419,5.131335771205333,16.159244872581098,IR_007_1
1.1601,-1.2617,0.021698572402343748,0.2784309957926426,0.2792752181314738,-0.5301892728504455,3.9579373404279288,4.5177656790452,12.87067186183347,IR_007_1
1.234,-1.0631,0.018314584931640624,0.262417190727741,0.2630555188751186,0.29447484594654394,4.19984788144874,4.691024923505965,14.363170418210707,IR_007_1
1.1397,-1.3393,0.020454871953125002,0.2623083055059409,0.2631046349345005,-0.5459155362507779,4.784627870227982,5.090370206678595,12.862687318441866,IR_007_1
1.6516,-1.3168,0.022442546308593752,0.3077120633520324,0.3085293856623362,-0.10344007173542673,4.54459792110348,5.353136755843489,13.747520788078873,IR_007_1
1.3074,-1.1317,0.0199039176953125,0.27595862421431205,0.2766754926224541,0.3942718387047106,4.251846334059906,4.725391406670993,13.900553798363987,IR_007_1
1.1109,-1.2767,0.020270806953124998,0.24248852664575307,0.24333431975239117,-0.8599394083288927,5.465861023858501,5.246691038290185,12.004174688798143,IR_007_1
1.5064,-1.476,0.0190703009375,0.30448444424084226,0.3050810599865245,-0.027597179875247194,4.675678612838456,4.9377040814294855,15.997704755088884,IR_007_1
1.2909,-1.0485,0.020322172294921878,0.2657726466051134,0.26654847658591296,0.24273388751731606,4.404256295293165,4.843021470958961,13.116140322084465,IR_007_1
0.98946,-1.3383,0.019980184140625,0.27459907560879354,0.27532500809678945,-0.4886552254821758,3.6140273696039165,4.8608007110953215,13.779902746595722,IR_007_1
1.3543,-1.09,0.018425904560546876,0.2654886679280588,0.26612731306104126,0.4408855032849987,4.552364495401241,5.088917703837668,14.443106320422423,IR_007_1
1.2041,-1.2886,0.013890932265625,0.26281380260785897,0.2631806467816561,-0.31694065605709987,4.170225507484305,4.896256661960448,18.946217777385222,IR_007_1
1.4161,-1.225,0.021213305224609375,0.30935378065034763,0.310080257225796,-0.16161168454335792,3.006871372287592,4.566882161742835,14.617252678230543,IR_007_1
1.2166,-1.0742,0.01826086533203125,0.26244298542944405,0.2630775167204411,0.41606876760147965,4.677059688341334,4.624492471047327,14.406628466415023,IR_007_1
1.4021,-1.4488,0.01785761439453125,0.2922640512867274,0.29280910174787017,-0.4020488700516943,4.541382998197427,4.9479336072674,16.396875802216044,IR_007_1
1.4966,-1.3794,0.0187864807421875,0.2812415402800944,0.2818682951979462,-0.09065157392618291,5.115413451483763,5.309571953239431,15.003782989604387,IR_007_1
1.2707,-1.1105,0.015077464482421874,0.2720308666055183,0.2724483846921614,0.10911838165192063,4.127523126721294,4.664002676219781,18.069906046861558,IR_007_1
1.157,-1.3435,0.02176635654296875,0.290521085205634,0.29133533123569977,-0.5857010619350005,3.77901220939039,4.6115244233852986,13.384661657816546,IR_007_1
1.2905,-1.0168,0.021689934482421874,0.2551870806528391,0.25610720292481115,0.385629268532608,4.457941894380573,5.038905506066395,11.807651670165987,IR_007_1
1.3844,-1.4853,0.0178699126171875,0.31492602811372933,0.31543261873248835,-0.1823867282652835,3.8843939555505616,4.708771087973245,17.651602883468975,IR_007_1
1.0823,-1.3491,0.020134341162109375,0.27595562384089695,0.2766891722193892,-0.6566795505762509,4.15291459664547,4.87586841329092,13.7421510964529,IR_007_1
1.2815,-1.0794,0.022860292548828126,0.2677920894918253,0.2687660621615307,0.4040833017017473,4.699486492318216,4.7680871049177345,11.7568946167495,IR_007_1
1.2542,-1.3126,0.017646220126953126,0.2851980567637471,0.2857434525349381,-0.4475952570453664,3.934692052576297,4.593631048277041,16.192897645291826,IR_007_1
1.5129,-1.4776,0.021830679091796874,0.28587483285489496,0.28670716525650897,-0.09991533592799025,6.575849360584602,5.276812643903187,13.133221871738318,IR_007_1
1.4403,-1.1153,0.019179188037109378,0.28682942271793915,0.2874699271062436,0.3951042046612569,3.5636262638207272,5.010263193399803,14.98863828653154,IR_007_1
1.081,-1.331,0.019653274873046876,0.26273717805607805,0.2634712051555289,-0.5801212424622325,4.169601647356693,5.051785428174269,13.405968900933287,IR_007_1
1.4238,-1.1167,0.025904369873046874,0.26468342382565,0.2659480235433012,0.3201556049733287,5.30549249233481,5.353677668578355,10.266530881860417,IR_007_1
1.4013,-1.5577,0.016019404189453124,0.31887907273731814,0.31928119947844863,-0.18663874534405817,4.513915574849966,4.878771433036954,19.930902283978522,IR_007_1
0.97757,-1.1968,0.023234005009765624,0.2724303557307479,0.2734193074974327,-0.6423371582430755,3.240503692992281,4.377159779157431,11.768065626844988,IR_007_1
1.2292,-1.1002,0.022204449169921876,0.2744140755390278,0.27531095586060295,0.12960131291775864,3.8246596976891203,4.464769633641482,12.39890894634891,IR_007_1
1.2,-1.4386,0.020639267626953124,0.26712378883996307,0.267919946872931,-0.6168441968786923,5.750294723659378,5.369514332252328,12.981077562169546,IR_007_1
1.3602,-1.3923,0.025409127421874997,0.27646475786054375,0.27762994452189443,-0.10372876670307903,4.873490698923773,5.0149489363718525,10.9263859787839,IR_007_1
1.3497,-1.1011,0.019252442792968748,0.2977302209591856,0.2983520421011092,0.22025030020654304,2.8505069720820666,4.523850368078749,15.496840053628485,IR_007_1
1.0644,-1.4246,0.0225457318359375,0.2625383285375852,0.2635046185085321,-0.9812574383756688,5.681165454285695,5.406356832214368,11.68756058745229,IR_007_1
1.3089,-1.4367,0.021604399833984374,0.30301400459537087,0.30378320735865255,-0.12743152141207198,4.763025295417129,4.729359492127699,14.061172521886949,IR_007_1
1.3821,-1.0447,0.019943614892578128,0.26848405494427696,0.26922376480226445,0.22660959808377787,3.768053782904212,5.133647825931923,13.499245385208914,IR_007_1
1.1153,-1.3331,0.020961450195312502,0.2678836618953325,0.26870250967332515,-0.6772749264543624,4.869383907743586,4.961248767864007,12.818888690942051,IR_007_1
1.2461,-1.0331,0.020361829160156247,0.28125520424880557,0.2819913012909879,0.22002324492157813,3.4974762023237007,4.418930619052018,13.84901548991331,IR_007_1
1.2173,-1.3662,0.018909218935546875,0.2633508638051588,0.2640288545361581,-0.4673582306884795,5.184847647686942,5.174434427728307,13.962969146062878,IR_007_1
1.5275,-1.2538,0.02067138677734375,0.29277628974526954,0.2935051312469759,0.0035605020299827473,4.322655366915693,5.204338296594602,14.198617645239251,IR_007_1
1.3414,-1.0659999999999998,0.019042904267578126,0.27171036333384135,0.27237685978429266,0.4585987257493326,3.7269581851922373,4.924794257990638,14.303324831848702,IR_007_1
1.09,-1.2911,0.018154758349609376,0.2596844356194871,0.2603182693430184,-0.5105439224913476,3.896522986634407,4.959697981623542,14.338844395016423,IR_007_1
1.5095,-1.5047,0.02195506920898438,0.3137400807313683,0.3145073342885612,-0.12534473127038478,4.681478483632108,4.79957009147348,14.325043431647037,IR_007_1
1.4255,-0.98925,0.020839291884765625,0.2621162008867072,0.2629432996931831,0.3566050579280102,4.33465400453449,5.421320856024975,12.617668994201113,IR_007_1
1.0358,-1.1831,0.019617080205078123,0.27459787754669607,0.2752977010236787,-0.48228751436113937,3.02532378073119,4.297529515514228,14.033570955113062,IR_007_1
1.3114,-1.1092,0.02103456251953125,0.27984401124126723,0.2806334325200591,0.346959373222934,4.384626516298868,4.6729998758550035,13.341538190677557,IR_007_1
1.1989,-1.4069,0.022094432880859376,0.2741064943822074,0.2749955167395096,-0.4170808180118037,5.417492910476049,5.116083387703397,12.446370801912282,IR_007_1
1.482,-1.4895,0.020547005039062496,0.30151041696134745,0.30220971353065545,-0.3070713518796976,4.806343539584197,4.9286966248363555,14.708211646802264,IR_007_1
1.331,-1.0583,0.020713382373046877,0.26228851622149224,0.26310513098570326,0.4244390029611854,4.368685189262314,5.058814284444761,12.702180336606268,IR_007_1
1.1781,-1.3502,0.02098739689453125,0.3003874042905528,0.3011196829913724,-0.4481793743643307,4.123525864925148,4.48393137938696,14.347642547427762,IR_007_1
1.3435,-1.4769999999999999,0.021187936123046876,0.28728775265282575,0.2880680153391999,-0.335212763763117,4.9923781077840355,5.127261327966494,13.595850019106297,IR_007_1
1.4180000000000001,-0.93773,0.021515756679687498,0.25744135292802034,0.25833888205786804,0.3066150187169283,4.076758900448883,5.488914340789989,12.006961869707219,IR_007_1
1.1313,-1.2029,0.018273804326171875,0.2766305053662773,0.2772334186633228,-0.4957777905493775,3.359224995086092,4.338942979749062,15.17108307300763,IR_007_1
1.2381,-1.0018,0.023640703066406248,0.2734806174563916,0.2745005117769422,0.190799401992632,3.6819547218750053,4.510374088102612,11.611350956632931,IR_007_1
1.3433,-1.297,0.017077124599609375,0.29992428674390176,0.30041006301958123,-0.06298362118210826,4.01262993912769,4.471554587839778,17.59137164315597,IR_007_1
1.1943,-1.3456,0.023256662988281253,0.25423011303877063,0.25529164253664194,-0.4733455055336688,5.230176704590717,5.270834490933371,10.977139398207768,IR_007_1
1.2642,-1.0623,0.016587778720703123,0.2711780532871171,0.27168491122526023,0.41464973651099857,3.6399237435878886,4.653184417365888,16.37861822376214,IR_007_1
1.1405,-1.2888,0.020678590009765623,0.2771348048717104,0.27790520714098355,-0.26762751836311177,3.6070059771912195,4.637552525990017,13.439271902507318,IR_007_1
1.2947,-1.3164,0.021025689912109374,0.264029757417719,0.2648656120343668,-0.19523864614209863,5.498916055135242,4.9700675935958305,12.597237025006496,IR_007_1
1.4015,-1.0683,0.021137230009765626,0.27304741881634553,0.27386433761034773,0.3304228236422168,3.52669223274163,5.117497251053355,12.956490728791273,IR_007_1
0.9327200000000001,-1.114,0.024149191474609373,0.25678291494814826,0.2579159724758149,-0.6293347751192105,3.1983738863002884,4.319236164348934,10.680107533491627,IR_007_1
1.4132,-1.2665,0.019282572324218747,0.2927470481337729,0.2933814100901355,0.04517289823074685,4.873281342957504,4.81693776967288,15.214847373179751,IR_007_1
1.4057,-1.2308,0.0263257707421875,0.2950658678459078,0.29623793236658424,0.19653167358539655,3.83509189134419,4.745172179757596,11.252772958289306,IR_007_1
1.1292,-1.2847,0.023030619287109373,0.25376550106852996,0.25480843580484114,-0.5219604824882458,4.288340781722614,5.041826778223819,11.063898089946875,IR_007_1
1.3276,-1.0727,0.023691310957031253,0.287649418122084,0.2886233981520491,0.32004736647745063,3.5629099852792727,4.599765659681006,12.182668426110093,IR_007_1
1.1737,-1.2131,0.0208050366796875,0.26384857717743226,0.2646675673931329,-0.12587141647709973,5.089969296267508,4.583485643386729,12.721321223634925,IR_007_1
1.307,-1.4780000000000002,0.018337854638671873,0.2764569486197545,0.27706447147350854,-0.3415679710571061,5.356991833466845,5.334498453753643,15.108880609203828,IR_007_1
1.4428,-1.0362,0.02274778224609375,0.26786491065412904,0.2688290757281664,0.3337937618497942,3.7567629589530442,5.36697896507276,11.81781419401953,IR_007_1
1.1983,-1.2475,0.02058787130859375,0.26299992491652724,0.26380451275730327,-0.7117395158859117,5.3306801925508225,4.72888042070305,12.813587961063199,IR_007_1
1.1739,-1.3641,0.023020710283203127,0.30853618523795573,0.3093938116755623,-0.19745906172507297,3.849189456663696,4.408944019285957,13.43980244004489,IR_007_1
1.4342,-1.0802,0.019387332578125003,0.2613450883971339,0.26206320591376525,0.22362741750469017,3.8866698513895503,5.472725518740748,13.517238193572673,IR_007_1
1.1641,-1.3431,0.023632235888671874,0.2572894296154138,0.25837246982781037,-0.7016009884188609,5.743516249902779,5.198309230456269,10.933051790440597,IR_007_1
1.3731,-1.0462,0.021052216142578125,0.2915363576099103,0.29229547313115767,0.28508483690497327,3.431817151330991,4.697643725348508,13.884308296440182,IR_007_1
1.1607,-1.3616,0.021665050546875002,0.27072821122988183,0.27159370164075997,-0.3341093979797469,4.939846841272832,5.013371027239919,12.536028407462295,IR_007_1
1.3704,-1.3769,0.024456619316406247,0.28665770733066986,0.28769909176162445,-0.20669623269139686,4.408245195085091,4.785903169812364,11.76364878055645,IR_007_1
1.3741,-0.9825799999999999,0.018565766796875,0.2624030519657825,0.2630590226122516,0.43168287902102587,3.6321782618466587,5.223542538595521,14.169035479186045,IR_007_1
1.3316,-1.1069,0.02793985138671875,0.2646617658648861,0.26613245876110586,-0.02704641645292959,4.208421581800867,5.003523437897475,9.525192011666187,IR_007_1
1.2448,-1.2984,0.015784339248046876,0.30937969694541373,0.3097820883258641,-0.40423359265486347,3.3889351738760087,4.1913333428202,19.625912990832543,IR_007_1
1.3785,-1.0487,0.0208579205078125,0.2561800130105962,0.25702772596359996,0.6238888649001804,4.960958348203888,5.363234606184032,12.32278709397426,IR_007_1
1.1034,-1.2644,0.019146544521484378,0.26151910823123914,0.26221905754001895,-0.42941897818003133,3.538817595560393,4.821922582744044,13.695371692286862,IR_007_1
1.3954,-1.1409,0.022505530517578125,0.2836261656460956,0.2845176633233587,0.2481657077855265,3.9199092052964133,4.904440655094463,12.642121475830683,IR_007_1
1.1107,-1.2352,0.02448830330078125,0.2695256439462362,0.2706358249441199,-0.08994762786434411,4.406264547671543,4.5640668440365335,11.05163598181381,IR_007_1
1.3259999999999998,-1.42,0.01646215208984375,0.28737267497192764,0.28784380620737754,-0.42031099720447807,4.467908653281831,4.9332310247583635,17.485185846373973,IR_007_1
1.3927,-1.0135,0.02394400416015625,0.25441279304626846,0.2555370513268575,0.4568791893030353,4.255469012816369,5.450090260173296,10.672276823264347,IR_007_1
1.1991,-1.1818,0.018978935195312498,0.30415683371566055,0.304748387160759,-0.3445003176272291,3.4159693559139948,3.9347213851955076,16.057190140932512,IR_007_1
1.1595,-1.2934,0.022549021347656253,0.28181777544441655,0.28271844106845356,-0.44529874668407865,3.7651115622469504,4.574869578854123,12.537946732659092,IR_007_1
1.4601,-1.0283,0.020024631875,0.25874016466779515,0.2595138892122097,0.4136206754236595,4.386324509436468,5.626288437994771,12.959732686845062,IR_007_1
1.2118,-1.4755,0.01818448365234375,0.26920634312943015,0.26981981140535777,-0.6703656758543594,5.354675468606491,5.4684642571143565,14.837913560040395,IR_007_1
1.2135,-1.0026,0.019428561484375002,0.27669478888936655,0.2773760537607442,0.1573035005812969,3.508613613019497,4.374927031991736,14.276715221922252,IR_007_1
1.3748,-1.2842,0.01999295171875,0.3041782681881948,0.304834605903591,-0.20114477722988855,3.898459610476391,4.509986625090776,15.247102826272773,IR_007_1
1.2242,-1.5577,0.02151895611328125,0.251433307739879,0.25235247911051323,-0.6984311153316158,6.474253137580494,6.172715240673812,11.7269846202149,IR_007_1
1.3247,-1.0806,0.0186131008984375,0.26564713514544913,0.2662984189514461,0.2988592260360091,4.077351865003679,4.974494404591401,14.307041373571426,IR_007_1
1.4040000000000001,-1.1601,0.022245153408203128,0.29227929246016193,0.2931246008972419,0.04890742618766139,4.5337796332538165,4.789771963569908,13.17700904737929,IR_007_1
1.365,-1.25,0.022303684726562502,0.27324194599943374,0.27415071658841117,-0.3331481189457155,4.9392443255139655,4.979013048031871,12.291722540813614,IR_007_1
1.3677,-1.0625,0.018831236064453125,0.2576422231686973,0.25832950007891853,0.5111311046037141,4.373600011305411,5.294401120614457,13.718137538959427,IR_007_1
1.0068,-1.0835,0.019825850625000002,0.25496014710400516,0.2557298202484426,-0.5237107581708418,2.991895748580017,4.236893431945018,12.898806320429253,IR_007_1
1.4511,-1.2465,0.01709856267578125,0.2919473513870689,0.29244763091449777,0.044499694568585886,4.239728556845087,4.961914003202647,17.103637268007866,IR_007_1
1.3963,-1.1057,0.020062313291015623,0.2901112040321512,0.29080406998453673,0.26762932689455854,3.8394651711911782,4.801514625544039,14.495041088792316,IR_007_1
1.1524,-1.3883,0.020121909443359374,0.2557749658495468,0.25656524393413777,-0.7515483580207794,5.459305872435976,5.4110992326976595,12.750540991439973,IR_007_1
1.4465,-1.1672,0.019101465888671874,0.2921216517771494,0.2927454960133567,0.1595134320142227,3.371879862088023,4.941152006631898,15.325812290728805,IR_007_1
1.2309999999999999,-1.2244,0.018419940458984374,0.265851655335963,0.26648901825663324,-0.14213603545070105,4.278519573304816,4.619327293236525,14.467419391642666,IR_007_1
1.1897,-1.3287,0.019239016484374996,0.2896612376271986,0.29029945287410797,-0.5352610871496148,4.103351598504045,4.5769979318535245,15.089099695962915,IR_007_1
1.3687,-1.0366,0.021318579658203125,0.25629912832116736,0.2571842238879231,0.37376109286127535,4.0699457868180895,5.321866069337877,12.063853030898745,IR_007_1
1.2141,-1.4909999999999999,0.0209454858203125,0.2687183125275585,0.26953338357967366,-0.5335593877849355,5.052860617298508,5.53178227745388,12.868327477511087,IR_007_1
1.2356,-1.3833,0.016648556279296872,0.32615162499347244,0.3265762650776501,-0.24898028639920905,2.97658031712535,4.235764027233665,19.6158898094888,IR_007_1
1.3391,-1.0132,0.023343862441406252,0.25664691247844784,0.2577063708921519,0.3259097658777592,4.077108026239744,5.196223865820448,11.0395766981332,IR_007_1
1.2705,-1.4392,0.019302696611328128,0.26211160787499116,0.26282140148641264,-0.3816332567399949,5.104929136157555,5.47596195128897,13.615786082260922,IR_007_1
1.4253,-1.1351,0.020456629248046875,0.2913133356463345,0.29203070592933544,0.1370858158302773,3.6712003303858447,4.88065113078978,14.275601718773672,IR_007_1
1.3393,-1.2413,0.019576623046875,0.27107877814532216,0.27178474594921664,0.006169232199289244,4.834184137962539,4.927796776800907,13.883126390865204,IR_007_1
1.2719,-1.2796,0.016540618427734376,0.28042021114634086,0.28090761270804016,-0.4087178599803021,4.207725806425195,4.555234310344986,16.982895588361714,IR_007_1
0.7168,-0.6458699999999999,0.02962802029296875,0.21940326619351508,0.2213946991299995,0.028190667284958868,0.17907301681096088,3.2376565454326873,7.472476711853193,IR_014_1
0.5989300000000001,-0.7370399999999999,0.027731280302734376,0.19229255024051814,0.19428187971406652,-0.06561479608822463,0.881515842524883,3.793663090407979,7.005874614776989,IR_014_1
0.72473,-0.68447,0.03179704208007812,0.1969813623146048,0.19953122308140114,-0.12817843327662043,0.6139733609929072,3.6321633535628375,6.275150257805384,IR_014_1
0.7942,-0.6836300000000001,0.030239517578125003,0.1944779005261773,0.19681484246983874,-0.02295163771702351,0.8154602903554395,4.035264749336392,6.508530946395847,IR_014_1
0.53093,-0.72765,0.031310044384765624,0.16532752772185258,0.1682661888259074,-0.4097753420696678,0.8299654186905085,4.324398150055253,5.374191789187884,IR_014_1
0.8526100000000001,-0.9085200000000001,0.03045398299804688,0.22617742323357268,0.22821847396962408,-0.11160215585402404,0.5651917715657038,3.98092222867112,7.493879092609379,IR_014_1
0.71075,-0.6473300000000001,0.034350992275390624,0.16138893441471058,0.16500417819503752,0.0535989058606631,1.7468368984496454,4.307466656101373,4.8034761869097995,IR_014_1
0.68739,-0.67842,0.03140806821289062,0.17757260326909508,0.18032885565163725,-0.07110865660498131,1.282294081781827,3.8118691193607086,5.741481732905314,IR_014_1
0.7581100000000001,-0.82883,0.031962058134765624,0.22204668065115343,0.22433524366092247,0.12381716153313636,0.4174039369549192,3.694604480240086,7.018798216817939,IR_014_1
0.68843,-0.60269,0.031328452265625,0.17368253369694403,0.17648539438930816,-0.15454351198062224,0.8734072525263623,3.900776030115104,5.633389969588953,IR_014_1
0.57286,-0.64337,0.03201244650390625,0.15943736081025833,0.16261939845327789,-0.2732350597751565,1.3020870425184574,3.9562930509090113,5.07988020701743,IR_014_1
1.1543,-0.833,0.026782662314453125,0.21748692239285017,0.2191298072206601,-0.17017338843713997,2.4690386538711575,5.267653950747034,8.181778064708293,IR_014_1
0.75936,-0.57515,0.03193231133789062,0.1823422628378221,0.18511718808419,0.016314740570939585,0.6008648750805281,4.102050186461336,5.797174539863543,IR_014_1
0.72035,-0.74997,0.03056814874023437,0.21923140343807412,0.22135225314153162,-0.055939818364465106,0.3573792844330934,3.3881290385255016,7.241270898715327,IR_014_1
0.5924699999999999,-0.56743,0.031281360419921876,0.1644890510648468,0.1674370670727806,-0.2455746485638305,0.7476637225485967,3.5384637751926498,5.352614447469236,IR_014_1
0.91186,-0.60352,0.02991780759765625,0.1851532158212248,0.18755476144420175,0.2760842185004356,1.8753917787801422,4.861833355318193,6.2690006466213815,IR_014_1
0.67404,-0.62668,0.031111278505859378,0.2110013320811626,0.21328261483368538,0.039767548366368456,0.10275078942767069,3.160313827572362,6.855475513101818,IR_014_1
0.70575,-0.60311,0.0307257641015625,0.1723559211258332,0.1750732307543312,0.13128592423644733,0.6613806968110443,4.031170230468657,5.697929089011625,IR_014_1
0.54782,-0.66027,0.027075827978515626,0.18980679481927973,0.19172824471185856,-0.09882372861216542,0.32293392750727445,3.4437805319112758,7.081158802708971,IR_014_1
0.64525,-0.53885,0.029113279990234376,0.1622992406945608,0.16488974074156576,0.0423697976123208,0.554760703832522,3.913220999589594,5.663729237418332,IR_014_1
0.78085,-0.7312,0.032049046914062504,0.21629856501701128,0.21866003438332765,0.18781110152507846,0.6514272907557497,3.571068662049335,6.822668647432233,IR_014_1
0.64441,-0.61854,0.028035181787109377,0.2002545014082733,0.20220741023046707,-0.13064546051546122,-0.09725407143824549,3.1868762676830378,7.212630349727641,IR_014_1
0.5666,-0.4771,0.030456066142578127,0.16294849863697664,0.16577027831588467,0.08376840365825125,0.634908313183125,3.417983020468413,5.442931207757119,IR_014_1
0.85324,-0.5739,0.03017643859375,0.19399717935120903,0.19633013788623366,0.17693227468286604,0.7334933141482418,4.345945074150955,6.506073629935343,IR_014_1
0.77313,-0.5776600000000001,0.0337648401171875,0.19348744279092442,0.19641144301162924,0.3348336888381145,1.0746588761342855,3.936277765740697,5.817040344716708,IR_014_1
0.6321,-0.65693,0.02974619638671875,0.1807144618624116,0.18314626102025194,-0.13134437656474415,0.4686170498713311,3.586914593579628,6.156963817567624,IR_014_1
0.69114,-0.66423,0.034274680546875005,0.20580991621575048,0.20864437528801147,-0.10966048177470683,0.3243708184249141,3.31252637763864,6.087419805860592,IR_014_1
0.50673,-0.76145,0.030514049501953126,0.1600843576595946,0.16296658793842575,-0.3316592013203275,0.8146776484138201,4.672430127918437,5.340706502664885,IR_014_1
0.89538,-0.70345,0.03289269403320312,0.21213310654128972,0.2146680791632051,-0.0038678809957406572,0.7059026585724224,4.1709973803244145,6.526314701380081,IR_014_1
0.58204,-0.57891,0.032056483769531255,0.17912179397924924,0.1819676763329433,0.02188509658067753,0.47480947139069096,3.1985900382464676,5.676470069665849,IR_014_1
0.57515,-0.55513,0.032354291679687494,0.16126572111513143,0.16447927832063725,-0.12187920197033068,0.8083392766246962,3.496793045151894,5.083692601442645,IR_014_1
0.93376,-0.65317,0.031166839843750002,0.22191515324470826,0.22409307696907618,0.11498335046609115,0.4532098663191393,4.166839995516749,7.190112019775478,IR_014_1
0.7629100000000001,-0.59414,0.031206710673828124,0.15980128955603212,0.16281987266562653,-0.08376135644592354,1.1838008083534293,4.685607369814958,5.21746329339074,IR_014_1
0.83029,-0.77063,0.031093153144531253,0.20463645803003025,0.20698517852142362,-0.014306637722193358,1.2931201883639192,4.0113500006123015,6.656937329654243,IR_014_1
0.70658,-0.63273,0.03279498033203125,0.20584731706085505,0.20844334644245782,0.17820674282226442,0.6031841624828074,3.389793959219812,6.355952587137737,IR_014_1
0.49317,-0.40471,0.03223152743164062,0.16025676603425673,0.163465905987564,-0.006210874620139604,-0.23639385656332124,3.016959371457921,5.071615090617141,IR_014_1
0.9087299999999999,-0.79566,0.03493796752929688,0.23355229838348487,0.2361510907349076,0.14235909610011285,0.19973604018363122,3.8480872280704874,6.759153456128552,IR_014_1
0.74538,-0.63044,0.028448677792968752,0.18256752288831185,0.1847707435763098,0.00749511083717814,0.9944525269399973,4.034080187906372,6.494879601297228,IR_014_1
0.55429,-0.4285,0.03428209650390625,0.14032570402704314,0.14445264051372841,-0.05414905438155692,0.5640226633716345,3.8371745520992886,4.2136465103183625,IR_014_1
0.8492700000000001,-0.8015,0.028265766015625,0.21633958646840518,0.21817829910825373,0.10477712753655466,0.761771119367697,3.8925502654416912,7.718817571362815,IR_014_1
0.73182,-0.52008,0.030074808330078126,0.16617591341093083,0.16887548162491828,0.29648385491869383,0.7825895314339371,4.333488725686798,5.615180457886534,IR_014_1
0.79733,-0.56034,0.03127111982421875,0.20354944869782005,0.20593751722366452,0.11838924754376441,0.42565377668542137,3.871708306856627,6.585549599621986,IR_014_1
0.65276,-0.54908,0.031819372402343754,0.18608373496565117,0.18878460975102218,0.11514949479484964,0.5771471333469864,3.457697094075586,5.933008402268433,IR_014_1
0.48753,-0.67487,0.02623522712890625,0.17506586570146795,0.17702074589242278,-0.28941648976799367,0.4599920407545999,3.8123779943721794,6.7474445056332275,IR_014_1
0.8734700000000001,-0.97277,0.03242953314453125,0.24494383663730512,0.24708127757192586,-0.09379497666793879,0.6459040036864967,3.937044545108361,7.619020256989796,IR_014_1
0.6579699999999999,-0.70345,0.03330984563476562,0.20168116419508783,0.20441339928511998,-0.20955948056202034,0.5891003405450062,3.441310594211601,6.136725921510935,IR_014_1
0.62668,-0.72285,0.028751099189453126,0.1826918857038835,0.1849403979844388,-0.13333806306166296,0.8580453254483142,3.9085565077688726,6.432463341082202,IR_014_1
0.98049,-0.64963,0.033193160419921874,0.20503143354456094,0.20770092594882764,0.09976334779441401,1.3526329955784142,4.720681868894925,6.257340881792889,IR_014_1
0.52967,-0.46083,0.03394208623046875,0.1435497570179557,0.1475079589635444,-0.10749500765974934,0.6490138069800291,3.5907892708359896,4.34587177747664,IR_014_1
0.6974,-0.87472,0.028663368505859373,0.22737204041710174,0.2291716244597896,-0.15723232182692326,0.1595533312914168,3.816877408994414,7.995278587639262,IR_014_1
0.81047,-0.6465,0.033493612128906246,0.16673342105880895,0.17006426947308975,0.10656106718290093,1.463341813437994,4.765668871806,5.0775133999000515,IR_014_1
0.70324,-0.49733999999999995,0.0310908669140625,0.1725734615014719,0.17535176537482577,0.3249967005691178,0.8767706413895242,4.01045290012522,5.639976531356772,IR_014_1
0.7660399999999999,-0.82799,0.029565819394531248,0.23119686230673972,0.23307965766439506,-0.002706694007199653,0.5240959485834695,3.5523906493796606,7.883415868531337,IR_014_1
0.92166,-0.90456,0.0328342096484375,0.214376568470528,0.21687645891713683,-0.1208321373212388,1.6892771315665431,4.249700499317186,6.60519789067801,IR_014_1
0.649,-0.79775,0.03570631434570312,0.19890170950560673,0.20208124833444327,-0.3851598238262725,1.0717060451233245,3.9476695766054397,5.659537994271415,IR_014_1
0.88641,-0.88912,0.030013395742187504,0.20881957228838266,0.21096544194412561,-0.009668378801457066,2.0405112039524873,4.214529107667573,7.029042522454243,IR_014_1
0.7418399999999999,-0.51507,0.0340228037109375,0.18437544542550685,0.18748828242908153,0.23578339188027247,0.6624698998260952,3.956727249468925,5.510665097190198,IR_014_1
0.7441300000000001,-0.7447600000000001,0.0339738195703125,0.2008717241071811,0.20372449524293249,-0.07768515779195281,0.5001647004179861,3.6557213969590903,5.9965141342082084,IR_014_1
0.51278,-0.58308,0.03157061079101563,0.16197892242259626,0.16502689106598128,-0.2482727036863482,1.0513485303652867,3.5332423261468935,5.227231330149411,IR_014_1
0.73495,-0.65818,0.030907812294921875,0.19637822017548656,0.19879561921770308,-0.09607108857946234,0.7479816159495534,3.6970130387940583,6.431888834088597,IR_014_1
0.736,-0.81172,0.03287026250976563,0.22688330268394177,0.2292520167724464,-0.040407474340882696,0.5192388832225157,3.5407321945829344,6.974450226245874,IR_014_1
0.72035,-0.8300799999999999,0.030590755166015622,0.18011087371726545,0.18269023272420412,-0.13828946073851725,1.9401165248655072,4.543647370078464,5.972073123421556,IR_014_1
0.7362,-0.7612399999999999,0.030862630546875006,0.2342017343616423,0.23622648950165212,-0.12909896848177677,0.18184319606465005,3.222500568769513,7.6541266140207425,IR_014_1
0.55679,-0.51841,0.029509530625000002,0.15545744018123048,0.15823346076417805,0.07433784204748908,0.16855556219126422,3.5187879592105964,5.362113596886953,IR_014_1
0.65547,-0.72014,0.034027468173828124,0.1966456839606357,0.19956801750447667,-0.07702452582293351,0.3966662015965836,3.60849401320205,5.8649092145228465,IR_014_1
0.81318,-0.53677,0.030954426884765626,0.1934025120053885,0.1958640043340244,0.27038270628875116,0.5509194248673022,4.151758249879611,6.327495538382082,IR_014_1
0.80213,-0.67883,0.035067929628906244,0.17810902514396995,0.18152846753661875,-0.2152327303397808,1.17737292985119,4.418755947572987,5.176480741266955,IR_014_1
0.61562,-0.65568,0.03142418141601562,0.1776028393507502,0.18036143635243937,-0.07889809244900452,0.9846739158581279,3.6353669033960605,5.739574508723464,IR_014_1
0.8386299999999999,-0.8357100000000001,0.032263129921875,0.21755767084366473,0.21993692208284665,-0.0024059035663829787,0.9454750657857893,3.813047796818098,6.816973920337203,IR_014_1
0.53698,-0.61145,0.02881175783203125,0.17253349040859595,0.17492261918329682,-0.4382838643189368,0.6050271085119943,3.4955456267421425,6.071223218376657,IR_014_1
0.79482,-0.70575,0.0320857393359375,0.20966296362031184,0.21210387309708875,-0.008100364839200964,1.3315328812140557,3.7473148634530733,6.610533865709892,IR_014_1
0.47418000000000005,-0.58016,0.02871836787109375,0.14833653132140118,0.15109093678194102,-0.17173481632149903,0.4346375791393684,3.839806731739956,5.261125290929055,IR_014_1
1.0886,-0.58204,0.03183595538085937,0.20694462900341162,0.20937910002760962,0.26865055457494325,1.4927701968589089,5.199181745729496,6.576812002214387,IR_014_1
0.73683,-0.5403100000000001,0.03180430557617187,0.18624092809039083,0.18893701900144566,0.07028913771197204,0.6377774347317717,3.8998709728477885,5.940611173173614,IR_014_1
0.59956,-0.9022600000000001,0.030134462001953126,0.17068182926106676,0.1733215873457519,-0.2471797577132414,2.125498617147916,5.205698889627758,5.7516069668976115,IR_014_1
1.1372,-0.6734100000000001,0.03350886408203125,0.19597515696391524,0.19881928004873986,0.25855676692163343,2.371097813153024,5.719767187575833,5.9333337480102974,IR_014_1
0.58913,-0.66778,0.031303271826171875,0.1830527228077198,0.18570997322261157,-0.07903566044512315,0.5521057866356824,3.5958219411496364,5.932605649698845,IR_014_1
0.80338,-0.73224,0.029242393320312504,0.20145723301609067,0.20356850026858114,0.14947053335228414,1.5732694241257965,3.9464848195745597,6.961416976966805,IR_014_1
0.85449,-0.6644399999999999,0.031410509033203124,0.2159943317389029,0.21826628558038955,0.2764094850068569,0.9156579994361937,3.9148968601034184,6.948829718131501,IR_014_1
0.5219600000000001,-0.45958000000000004,0.03403773563476563,0.1546154271612254,0.15831771146460646,0.17555158430543225,0.06883867704099256,3.29691474108868,4.65124086138275,IR_014_1
0.80025,-0.77688,0.03187812724609375,0.23584004621002733,0.2379847524381887,0.09963567029153844,0.7146464942227739,3.3626103707851493,7.465455644101396,IR_014_1
0.62772,-0.5682699999999999,0.027123698613281247,0.181100402161253,0.18312031752220093,-0.05100354916581824,0.21314857053382763,3.4279101580084745,6.7513031088331035,IR_014_1
0.50673,-0.48168999999999995,0.03537763978515625,0.14851756572620384,0.1526729993351986,-0.06449151176881865,0.4992249595345837,3.3190544424191417,4.315522345380847,IR_014_1
0.741,-0.63148,0.029013908623046876,0.21532660910187273,0.21727253733709012,0.200975014475317,0.24846608138547843,3.410463216710648,7.488564628480889,IR_014_1
0.62898,-0.5092300000000001,0.030817027392578127,0.1630514325781354,0.16593811751100812,0.10769541013973459,0.49195295461484356,3.790449148417181,5.384624221294877,IR_014_1
0.84552,-0.73141,0.031685393603515626,0.21553913506374456,0.21785564695879892,0.08133918814467585,0.7495198593076502,3.8811020412925243,6.875585729162007,IR_014_1
0.7003199999999999,-0.70595,0.03001638662109375,0.21548277729080542,0.2175633488773921,-0.1594239989151778,0.6607251052992673,3.244802033053078,7.2481522967974135,IR_014_1
0.66381,-0.65276,0.028574409111328122,0.1530580032504398,0.1557024380511532,-0.12817439657482732,2.08438173107791,4.263324351533873,5.449016705665118,IR_014_1
0.93814,-0.8263299999999999,0.03206318752929688,0.2518274687660333,0.2538604380750304,0.14448610949454227,0.5100868432991983,3.695495065785833,7.917504456647293,IR_014_1
0.75227,-0.65818,0.033956805878906246,0.2118773195296791,0.21458113429791412,0.10609796481461453,0.4238936622457157,3.505760182299271,6.319237702859822,IR_014_1
0.58433,-0.64817,0.027506913583984376,0.17132883161307702,0.1735229057986838,-0.12638585929596627,1.1398363466295498,3.7353569736587455,6.308337682471874,IR_014_1
0.9104,-0.6886399999999999,0.03185280248046875,0.19458652442872476,0.19717635891533866,0.023674362971004434,1.5671812132082357,4.617186362456925,6.1902356267083904,IR_014_1
0.7919,-0.51132,0.03137734615234375,0.16356020791190634,0.1665427256404495,0.22436449531320332,0.9476108498766052,4.754935961326247,5.3077376118461785,IR_014_1
0.84093,-1.0537,0.027396193828125002,0.2408212153426611,0.24237452257897188,-0.10082508303137931,0.8098421375820157,4.347404110138157,8.847014123660326,IR_014_1
0.57244,-0.56243,0.030797363125,0.1643549001458337,0.16721546213613164,-0.2335084113378489,0.6105300367041631,3.423367607659414,5.4295381077886855,IR_014_1
0.68009,-0.59205,0.03061771193359375,0.17277328800164413,0.1754652482144188,0.12716887138354008,0.9009962781357559,3.8759241675765037,5.730841117851698,IR_014_1
0.8359200000000001,-0.7385,0.028239348046875,0.21266218915940469,0.21452894321322466,0.12823436570957486,0.9257246080671235,3.8965371459114735,7.596809078606034,IR_014_1
0.8355,-0.7869,0.02848839169921875,0.17552317706999795,0.17782006115833493,-0.04375517019644904,2.061052932798188,4.6985699468266535,6.241842529895039,IR_014_1
0.72848,-0.8482299999999999,0.029980033906250002,0.21344128318092398,0.21553650224251877,-0.30162174159900806,0.9731301251035611,3.935435470276619,7.1893345993931925,IR_014_1
0.9416899999999999,-0.69886,0.027114021083984377,0.18484949200620626,0.18682747344621256,0.23380019388631135,1.5368043703796426,5.040425680384132,6.890437459537485,IR_014_1
0.6583899999999999,-0.5826600000000001,0.03263597763671875,0.1734435979788893,0.1764873613496643,0.21348437255360134,0.6462049962469583,3.730522068178284,5.407754531102013,IR_014_1
0.7458,-0.76395,0.03390285493164062,0.21574115437901345,0.2183887571861363,-0.11840279000157365,0.35607115910364184,3.4981196209233123,6.44160355182113,IR_014_1
0.9932200000000001,-0.94378,0.028208866699218748,0.19357456308123125,0.1956191494525622,-0.34028908344516196,3.0964037549951033,5.077314760350402,6.934668613372947,IR_014_1
0.74434,-0.78752,0.032066784707031254,0.1903515912481095,0.19303369387786798,-0.1210449483976684,1.1394712497972384,4.079702253527615,6.019739416399994,IR_014_1
0.83196,-0.7733399999999999,0.032024131787109375,0.24351248746346182,0.24560919479400764,-0.015911708184082725,0.3799672554090705,3.387332454350629,7.669503384424896,IR_014_1
0.59622,-0.6946899999999999,0.028130913583984375,0.17715070694828297,0.17937034668903895,-0.10549748915777889,0.8695400670816289,3.872936686304095,6.376271420309915,IR_014_1
0.8206899999999999,-0.5747399999999999,0.0325215866015625,0.2045063268397491,0.20707605200159968,0.10864039690627544,0.4645085099524171,3.9632298766756002,6.367341426826614,IR_014_1
0.46396000000000004,-0.50485,0.031679075,0.14855552864946717,0.15189571713902367,-0.15895791337485057,0.5161832397278245,3.323661826582448,4.794827890151331,IR_014_1
0.79524,-0.72619,0.03428130499023438,0.19304885759187182,0.19606904214934154,-0.029780396342549406,1.048041367110451,4.055918197113264,5.719415771534352,IR_014_1
0.70011,-0.98446,0.033773459765625,0.21532810408468767,0.21796063633887283,-0.20352582730854255,1.0282150590546513,4.516687104696879,6.453606808358697,IR_014_1
0.80233,-1.1789,0.03454633310546875,0.2103216164697643,0.21313993404683373,-0.38611583574481095,2.7305128271128636,5.531108000670816,6.1696831101130725,IR_014_1
0.74726,-0.8459399999999999,0.033788416171875,0.1975752845358282,0.20044363329080148,-0.1991270374228173,1.3446608035660779,4.2203385654678325,5.932317938161599,IR_014_1
0.83154,-1.0278,0.03342205272460938,0.23078424271837633,0.23319176721192583,-0.17470143700987764,1.4439518512511311,4.407531225827536,6.977182465607184,IR_014_1
0.52988,-0.6398199999999999,0.033232786640625,0.169898078521191,0.1731178072674619,-0.2834993345531651,0.5981399466630402,3.6958647201187813,5.209247239188453,IR_014_1
0.8932899999999999,-0.8209,0.030933636669921872,0.2436018485786133,0.24555803898171277,-0.04534606109952909,0.9465421413742416,3.6377957735227286,7.938220574054231,IR_014_1
0.57599,-0.4771,0.02929144958007812,0.1418930011988436,0.14488482600920394,0.16459850236908208,0.5074989566767316,3.9755025553049093,4.946317889348364,IR_014_1
1.0735,-0.80025,0.03193280315429688,0.2161444635592862,0.21849057884637194,0.2383872072301561,2.157396770766411,4.913255302607618,6.842198317148789,IR_014_1
0.6402399999999999,-0.78189,0.0311847869921875,0.20181189259657653,0.20420707855791934,-0.2813449676197,0.4914890195921413,3.8289074095407756,6.548291385180423,IR_014_1
0.5622199999999999,-0.72828,0.0290399653515625,0.1634469013496598,0.16600665392816452,-0.46542355168485744,2.0322676517355456,4.387053039019105,5.7164891969384986,IR_014_1
1.0316,-1.1188,0.03190409831054687,0.25939102683947307,0.2613457026504268,-0.08714629834980815,1.1308565649137101,4.280919809940686,8.191602593339189,IR_014_1
0.7289,-0.60624,0.029872887060546874,0.19595076956154228,0.1982147660319302,0.0075902599545852574,0.1055407047404171,3.6773244037997546,6.635272948172442,IR_014_1
0.7871100000000001,-0.8263299999999999,0.027797131855468747,0.2159014963160465,0.21768357000678334,0.007341159919864902,0.945820124662919,3.7960145369640697,7.831151908314773,IR_014_1
0.7722899999999999,-0.58746,0.03054908088867188,0.21948344259302568,0.22159925071089165,0.13604854023089583,0.33281327184868337,3.4850749451427037,7.253875959953626,IR_014_1
0.52154,-0.41368,0.035340291171875,0.13934729536964174,0.14375884288261048,0.0573126577941987,0.19581130660550317,3.6278811509215756,4.067845341613181,IR_014_1
0.93919,-0.6563,0.029993899404296875,0.20281623596186457,0.2050220953244157,0.3262271494339847,1.4451773992231702,4.580920870664971,6.835459628819885,IR_014_1
0.65213,-0.67445,0.02673901580078125,0.1915898162278003,0.19344671785325465,0.04169098383384125,0.9020733927763418,3.4864897373194847,7.234623445376743,IR_014_1
0.557,-0.46584,0.03460975125,0.15854373165994415,0.1622773851473065,-0.07200479231771333,0.09316886031616312,3.4323944526342447,4.688776272511644,IR_014_1
0.84635,-0.8730600000000001,0.029192884130859374,0.23204052322332683,0.23386968358817492,0.0840178821393302,0.5644108951410423,3.7331046199398874,8.011187744542408,IR_014_1
0.48231999999999997,-0.41181,0.03012607833984375,0.14966923501843152,0.15267108602201296,-0.03805724985343592,0.007102400357894112,3.1592098373574586,5.067738297432393,IR_014_1
0.81193,-0.9444,0.03562017461914062,0.2193128097218196,0.22218664529619486,-0.05618092219313225,1.3365667821391867,4.250480466503957,6.237662825469118,IR_014_1
0.80672,-0.74392,0.031150206171875,0.22875469621999364,0.23086586232540293,-0.34987799008625853,0.8993579793931121,3.4943234499027556,7.411374860256077,IR_014_1
0.6231300000000001,-0.78252,0.030029339921875002,0.15374778961689795,0.1566529414604955,-0.28104368204691765,2.0711582002567157,4.995246100770401,5.216662658965685,IR_014_1
0.9642200000000001,-0.86972,0.03228413965820312,0.2134810660005189,0.21590838615993652,0.13862474556006352,1.5917390010309207,4.465875609018113,6.687753855547525,IR_014_1
0.71096,-0.72744,0.037018652968749996,0.1868514204381421,0.19048315932746412,0.0381823356406239,0.5375703637632276,3.8189202591422813,5.145599283222564,IR_014_1
0.59873,-0.72264,0.028868637871093752,0.17103096256319283,0.17345024764417205,-0.43924415681144663,1.5748594415501849,4.166266728636833,6.008258595726461,IR_014_1
0.82925,-0.75748,0.03587371602539063,0.2261094123810548,0.22893752394218006,-0.13603778010012788,0.7276968690819676,3.622167227541372,6.381761995283152,IR_014_1
0.6412800000000001,-0.55471,0.031408605078125,0.1768210454006859,0.17958892663398,0.12441094110320931,0.33913512091397546,3.570821477964344,5.717825432535111,IR_014_1
0.81089,-1.1317,0.030093337480468753,0.24252006192863537,0.24438001022706934,-0.0722314210030728,0.940637371361098,4.630902479779592,8.120734440470187,IR_014_1
0.75832,-0.77584,0.03522826805664062,0.1767117613053808,0.18018900480861866,-0.20294300397982035,2.229273490960117,4.30570109712482,5.114898053007023,IR_014_1
0.68906,-0.6661100000000001,0.034780738193359376,0.1562760991356419,0.16009971552232058,-0.024092481957984337,1.618568236092349,4.303942661284685,4.603114230329186,IR_014_1
1.2905,-1.055,0.03383769821289063,0.24134042505183706,0.24370102704861143,0.1088540326059928,2.894672615946325,5.295422880787282,7.202056662167279,IR_014_1
0.72014,-0.54782,0.03413921375976563,0.18253240937687001,0.1856975131472154,0.19552073750535792,1.2981716991470211,3.8780271416508825,5.439419578158167,IR_014_1
0.70804,-0.925,0.037515360791015626,0.20963969385735842,0.21296995923342577,-0.335466782605778,1.5774654700701713,4.343335552986692,5.676873394419161,IR_014_1
1.205,-0.78961,0.03612087478515626,0.20820004832812605,0.21131014580251217,0.3034230076062692,2.8117020294490285,5.702518398826243,5.850083676247665,IR_014_1
0.73495,-0.4456,0.0377759031640625,0.1797636454258014,0.18368992099904086,0.3020319664478369,0.7718946588867102,4.001036050327451,4.8626214266445364,IR_014_1
0.96505,-0.6291800000000001,0.038995572353515626,0.22006317325487815,0.22349150965122766,0.07400829751796506,0.6898865977048674,4.31806110750229,5.731202042476929,IR_014_1
0.60832,-0.71785,0.03494610545898437,0.1954798467632036,0.19857895351047658,-0.01355199942648962,0.6551344328078539,3.6149349349209503,5.682434286164188,IR_014_1
0.7266100000000001,-0.69615,0.03731392099609375,0.18864201259676872,0.19229700366012512,0.027758589647271157,1.8151250204214415,3.7785819975940096,5.153492138410321,IR_014_1
1.051,-0.63356,0.03450401005859375,0.20177228604557737,0.2047012020633534,0.29154643308428085,1.812651371931504,5.1343127654932434,5.932678427320683,IR_014_1
0.67278,-0.7491399999999999,0.03560166005859375,0.2029087058455118,0.20600830349000038,-0.07043339253300887,0.49638973321903235,3.636455345111406,5.786480106951999,IR_014_1
0.79983,-0.6540100000000001,0.03709384344726563,0.20822611788837153,0.21150430112069174,0.06556391128170735,0.3632502157639501,3.7816252056357187,5.7018706006970055,IR_014_1
0.6139600000000001,-0.6029,0.03497324295898438,0.17493008789451184,0.17839188146843954,-0.2845351752767618,1.0947593381906442,3.44163642148134,5.1008102559102735,IR_014_1
1.1282,-1.0431,0.03141902014648437,0.2419259700601275,0.2439576393895032,0.15626037306726137,2.7926489532451164,4.624573340677972,7.7646479898945175,IR_014_1
0.9439799999999999,-0.84114,0.03379121807617187,0.21826758297796445,0.2208677980107422,-0.026328433384318693,1.1110301470199104,4.273959374014898,6.5362482931694155,IR_014_1
0.72118,-0.8200700000000001,0.0350522474609375,0.1972670158472309,0.2003570203245557,-0.1643995785950916,1.7774170822179647,4.093043480974791,5.715953444408428,IR_014_1
0.53489,-0.76958,0.032342947890625,0.17743965540059756,0.18036323790323378,-0.48747868565483266,0.988368434874153,4.266833999432032,5.5765860593965275,IR_014_1
0.7370399999999999,-0.81214,0.03263477958007813,0.17726820344692765,0.1802471769308513,0.18915673047429857,1.4662857130320175,4.505701611104078,5.523161906621889,IR_014_1
0.5826600000000001,-0.45603,0.032356963828125,0.16597763861621417,0.1691021869426566,-0.10705092344737671,0.07371364046750273,3.445608877618916,5.226144907005347,IR_014_1
0.6281399999999999,-0.9172799999999999,0.03050902057617188,0.21717100130765551,0.21930354339473632,-0.26043785899320326,0.4638309230386284,4.182695735865253,7.188153931688735,IR_014_1
0.53447,-0.51257,0.03340523643554688,0.1545220693910437,0.1580916814706116,0.024402787490041652,0.5362685687205477,3.3807597695682388,4.732541769105478,IR_014_1
1.0518,-1.0754,0.032082163955078125,0.23414595578354436,0.23633364943196308,-0.0836641726848203,2.507669044817078,4.55034650391266,7.3665118848082916,IR_014_1
0.8670100000000001,-1.0014,0.032414790947265626,0.23013036361747183,0.23240202867200782,-0.07820980828028204,1.4016618497578053,4.3089124540490875,7.16962888579059,IR_014_1
0.8595,-0.67404,0.030043081552734375,0.18271982517318375,0.18517321960937838,0.06360131973391787,1.7117480063950152,4.6415998877781,6.163589215066242,IR_014_1
0.61312,-0.6402399999999999,0.0335846458203125,0.173238352729382,0.1764637506437671,0.055668430784351325,0.5335800269823121,3.6281672243513925,5.2542982389512325,IR_014_1
0.67174,-0.60665,0.03285621123046875,0.17442068224486224,0.1774883235911151,0.38513837437156356,0.9808179805573896,3.784699650230552,5.401971546389142,IR_014_1
0.84614,-0.76103,0.03013176762695313,0.20035527140591014,0.20260838630338235,-0.01609863921648468,1.1282200510367204,4.176233823592922,6.724078789127147,IR_014_1
0.73349,-0.6533800000000001,0.03192228090820312,0.21906942971220594,0.22138303244109148,-0.007179777370392644,0.41994136080201594,3.3132168649011517,6.935062884217006,IR_014_1
0.52842,-0.66173,0.03347919443359375,0.15190262746349872,0.15554827125441428,-0.3818560586057217,1.2482854661879532,4.254177757228164,4.64611736452704,IR_014_1
1.3637,-1.0566,0.0318795948828125,0.26120242031082597,0.2631406714024376,0.1644302740128895,2.5130987076973295,5.182399161443229,8.25420348393772,IR_014_1
0.84406,-0.77146,0.027680776435546874,0.21644263094939326,0.21820549460627695,0.22649407041024947,1.3745816414009902,3.8681885515981462,7.882925077316059,IR_014_1
0.59706,-0.59664,0.03221575043945313,0.16395650351577729,0.16709156059327535,0.02795108608834992,0.46332606995517356,3.573250464037969,5.186641724229537,IR_014_1
0.8668,-0.78669,0.030531583662109375,0.21458894321220018,0.2167500683964027,0.00719325538442815,1.168010048760748,3.999075997594056,7.099207944663158,IR_014_1
0.46792,-0.42954,0.0298431677734375,0.13743717477474937,0.1406399362656943,0.18450843898329786,0.4377196138331212,3.3270777070670507,4.712634148652259,IR_014_1
0.62397,-0.60206,0.033873955820312496,0.18554098503541708,0.18860779944326098,0.08434593283541036,0.132702562496406,3.308293710724384,5.567929381375442,IR_014_1
0.73537,-0.79357,0.02965501227539062,0.2053552953538652,0.20748546234116447,0.13064279862886974,1.089106740517459,3.824701678956408,6.996640345912353,IR_014_1
0.52905,-0.55533,0.029413024492187502,0.15926276367356454,0.16195602459531935,-0.19045651252464268,0.5817695685225939,3.4288937256808643,5.50626880047879,IR_014_1
1.1096,-0.88849,0.031821677304687504,0.23306361028363456,0.2352259883280875,0.3252841188900209,2.2172768299740504,4.717165833458806,7.392004471789203,IR_014_1
0.8926700000000001,-0.56806,0.03285927401367188,0.1849834765077939,0.18787926567243954,0.14460044782065992,0.8628187785083075,4.75129595622883,5.7176935764489,IR_014_1
0.6673600000000001,-0.62376,0.029917973671875,0.17960451114386877,0.18207928375259796,-0.0530059592525572,0.5436239003893233,3.6652165066815927,6.085949525312129,IR_014_1
0.8052600000000001,-0.75102,0.03277399466796875,0.21004654595108127,0.2125880669098709,0.006976088166867156,0.8117570684195399,3.7878889813392496,6.4864860868228265,IR_014_1
0.50276,-0.48378000000000004,0.028481831152343748,0.1625254879793141,0.16500226952592134,-0.07985236963234994,0.25714706279392274,3.046988374144936,5.793246327811936,IR_014_1
0.99364,-0.8065100000000001,0.0297986136328125,0.24460349420037236,0.24641190464234725,0.0333960338753726,0.5536091233510305,4.032435029507915,8.269240287802265,IR_014_1
0.66423,-0.50422,0.032223608359375,0.18877925949077987,0.19150971189364152,0.11211644919785353,0.462346248320503,3.46838805177935,5.9431490047505955,IR_014_1
0.48336,-0.60227,0.029716303867187502,0.15425051157775305,0.15708685189259333,-0.17070343079854727,0.5188040302227472,3.8339936723526855,5.286217535951024,IR_014_1
1.037,-1.0053,0.02962374587890625,0.2547449429596654,0.25646160001727586,0.05843836572580606,1.6694298988743679,4.043490315457186,8.657297845057228,IR_014_1
0.51027,-0.42118999999999995,0.030200700810546873,0.16854564420688103,0.171230010543014,0.08171780679372488,-0.10455353049649396,2.980026663560769,5.669736141138814,IR_014_1
0.82278,-1.0366,0.028398017666015622,0.2205039295115259,0.22232505557715107,-0.1559760272468294,1.4733647247416197,4.662542387075835,7.828893212300446,IR_014_1
0.87931,-1.1019,0.02651431374023438,0.20609213596651046,0.20779070561590143,-0.14912812211054946,3.2420772910786164,5.302932060560575,7.836925360948047,IR_014_1
0.4406,-0.61333,0.030162161806640626,0.14783980951633505,0.15088527192100692,-0.12052930046534759,0.20439743223515272,4.06487649938571,5.002468585833221,IR_014_1
0.93606,-0.63795,0.02841111783203125,0.21584657184823738,0.21770836960278275,0.18231189348416527,0.9019085222545731,4.299605005578207,7.662787618111473,IR_014_1
0.82257,-0.7320300000000001,0.02859202831054688,0.2052830072507168,0.20726460659941187,0.14776281520799817,1.4786205880422552,3.968694942794151,7.249034489586131,IR_014_1
0.63461,-0.86513,0.030959379316406247,0.1834599466865594,0.18605385028505145,-0.15576940376779091,1.3474663356583338,4.649890308771636,6.009611574378195,IR_014_1
1.0623,-0.81318,0.029410719003906252,0.20566898407664588,0.20776121246143697,0.17035375818045645,2.4800743775179663,5.113081418333051,7.06413214072429,IR_014_1
0.54094,-0.46897,0.029276503105468747,0.17120953306927159,0.17369461087748958,0.09266968685864727,0.15753538997529626,3.1143165245766875,5.932901355016771,IR_014_1
0.6223,-0.60665,0.029231983085937503,0.18175990822683108,0.1840955541933661,-0.11418936137047193,0.33772977404979665,3.380309749175436,6.297744061852035,IR_014_1
0.7095,-0.7804300000000001,0.02801654752929688,0.1829482754989195,0.18508105911597195,-0.24529947695051355,1.9470725966604139,4.216692942600297,6.606133475807445,IR_014_1
0.8359200000000001,-0.64358,0.026927190390624998,0.18514104822221103,0.18708896632124525,0.21242877069755003,1.2534600156973674,4.468034710805075,6.9479569408929285,IR_014_1
0.9112299999999999,-0.67779,0.031292316064453124,0.21008562031965755,0.21240333544879408,0.2717748341591395,0.7962356444080845,4.290092685147995,6.7877151765816715,IR_014_1
0.70262,-0.63649,0.026698953134765627,0.19583798562538624,0.19764956542401352,-0.02520691454828773,0.8017668948363661,3.5548775173768097,7.40289542527987,IR_014_1
0.6160399999999999,-0.66715,0.028406125146484374,0.16914105457848383,0.1715097789916347,-0.05908582795286759,0.5946177165951236,3.889865639338701,6.03777432048267,IR_014_1
1.3291,-0.96672,0.03312354079101563,0.25956533904007806,0.26167027761196865,0.21181799265046974,3.350720086104049,5.079292944732653,7.899827840359259,IR_014_1
0.6590199999999999,-0.67779,0.02743802649414062,0.18414126362973035,0.18617424706185068,-0.11404826192016977,0.8467996550260386,3.640621659848601,6.785263521643752,IR_014_1
0.6561,-0.62021,0.030566103515625002,0.21062337072034115,0.2128297229658634,0.16406046467410124,0.10894564873590706,3.0827460928588835,6.9629325142517775,IR_014_1
0.60707,-0.58892,0.029140704072265627,0.17637273330725045,0.1787638713165998,0.24827934048761038,0.582166289152982,3.395932254839773,6.134507414054868,IR_014_1
0.72223,-0.89225,0.03139501453125,0.17701622738311906,0.17977872981632034,-0.18837457458499676,2.3878935289302765,4.96304538333631,5.726346261474915,IR_014_1
1.0769,-0.8841100000000001,0.02967277369140625,0.22339256275712155,0.22535463295378666,0.010201285146761552,1.8497776835444606,4.778690285201054,7.594659929765626,IR_014_1
0.76374,-0.8236100000000001,0.030909037441406252,0.16865611315080378,0.17146502004400485,-0.24828828733606845,2.7557809565735916,4.803370360819123,5.547407123940404,IR_014_1
0.73975,-0.7362,0.03161517737304687,0.2005673614382716,0.2030438029456686,-0.17881200516845033,0.6913247880384663,3.6433025072656036,6.422351964927424,IR_014_1
1.1828,-0.7702100000000001,0.03137613698242188,0.17179042835545347,0.17463222281838447,0.5176923035621956,4.47475318681024,6.773091323798858,5.56576538885124,IR_014_1
1.1234,-0.9688100000000001,0.03331534907226563,0.24821378682991052,0.25043960640491986,0.1489246872064646,2.084340900134271,4.485712190818307,7.517243728842155,IR_014_1
0.69552,-0.6423300000000001,0.031880213398437496,0.17901654454892255,0.18183308617676344,-0.06197561113893261,0.55970612700373,3.8250464247129656,5.703634357793886,IR_014_1
0.63064,-0.44893999999999995,0.03126539999023437,0.14792983391847248,0.1511977546119525,0.12584506384700495,0.9591401279103304,4.170961383967438,4.835944840725968,IR_014_1
0.85887,-0.7168,0.032828197578124996,0.20840759386969138,0.21097728725809,-0.042728799268100595,1.2576055049379224,4.070912120878805,6.426709243761986,IR_014_1
0.8613700000000001,-1.1203,0.029754508457031252,0.2244376610764624,0.22640140123902183,0.09226455741404099,1.4555110695139613,4.9482909068613035,7.608977777501931,IR_014_1
0.52947,-0.43183,0.0288683485546875,0.1554523911741514,0.15811017509963207,-0.16463887620504397,0.06991471968301832,3.3487408151791445,5.47693849972656,IR_014_1
0.77605,-0.68155,0.030179293369140624,0.196549626034069,0.19885307451078807,-0.0350968156005208,0.8275384199973557,3.9026301102287864,6.589056459654081,IR_014_1
0.48107,-0.52237,0.03198944405273437,0.1495798609679499,0.15296228076880342,-0.3548547099992497,0.5116931809678933,3.4150248934540746,4.781648463005413,IR_014_1
1.3055,-1.0045,0.030772104765625,0.2531682984328341,0.25503158581454793,0.281364416277789,2.507941895827461,5.118973756569708,8.287752153102224,IR_014_1
0.73433,-0.68718,0.030259866904296877,0.1972335073077183,0.1995412637776195,0.13612088551766227,0.7479151709251104,3.6800909366710717,6.594254291152566,IR_014_1
0.5017199999999999,-0.5232100000000001,0.032634600937499994,0.14462467120332004,0.14826096148014928,-0.0834271974645317,0.6796030408104246,3.5289801930838864,4.543060208428176,IR_014_1
0.7864800000000001,-0.8480200000000001,0.03068627408203125,0.2128411096326952,0.21504182236652133,0.06658661096141096,0.8517056391604685,3.9435119490901025,7.00775254708063,IR_014_1
0.87869,-0.54157,0.032555021074218746,0.17492553499321664,0.17792912125283447,0.15617029586559233,1.7716627418853177,4.938427104425297,5.46548919079805,IR_014_1
0.7264,-0.73975,0.03191030229492188,0.1896611124053205,0.19232681807635907,-0.10839693467523848,0.5797986478328903,3.846317448354921,6.027107179108682,IR_014_1
0.82758,-0.8676299999999999,0.0297077376953125,0.2251282142778,0.22707985939506947,-0.28203600681497193,1.4350107723691146,3.8208143975890807,7.643794828143543,IR_014_1
0.43309,-0.43141999999999997,0.03022827587890625,0.14098801055809096,0.1441921210875949,-0.21185280181263635,0.3597422396102883,3.0035621484015835,4.770107196821873,IR_014_1
0.95588,-0.8613700000000001,0.031061127587890626,0.2347737723151376,0.23681958916886772,0.1192457126021174,0.7100706932137824,4.036321485559516,7.624307291306644,IR_014_1
0.6344,-0.59622,0.03402751572265625,0.19141638352715445,0.1944173441565086,-0.2562022007340382,0.5853439545069161,3.2630833400656685,5.713533130881143,IR_014_1
0.5444899999999999,-0.42286,0.02937276173828125,0.14000374527525278,0.14305176623597382,0.17772550113507385,0.8235673800431478,3.8062444842210574,4.870218287282039,IR_014_1
0.7289,-0.75456,0.032051162158203125,0.19910715944394133,0.20167036950808243,-0.02106214283473321,0.7670907700159759,3.7415511168000717,6.292138869115183,IR_014_1
0.59956,-0.5252899999999999,0.03286653618164062,0.1580550204788861,0.16143605142334283,0.10370414463532139,0.43809076284863524,3.713916383607672,4.911866757703993,IR_014_1
0.8054600000000001,-0.92145,0.0293539155859375,0.21564510857118302,0.21763378692405197,-0.11704810830130377,1.1439954564840864,4.233947351601305,7.414131136024049,IR_014_1
0.95191,-0.9266700000000001,0.030400622949218747,0.20585598917053513,0.2080886497459197,0.11122888061911036,2.7111543507160123,4.57454069017104,6.844880884468402,IR_014_1
0.58016,-0.63169,0.03561112342773438,0.16922699247523001,0.1729333024434475,0.02025445032114551,0.03256082541573724,3.6527955426848977,4.856159563126992,IR_014_1
1.1851,-0.95942,0.027836290820312498,0.2467406857202251,0.24830591027263102,0.1289718686945821,1.5967227313637915,4.772741792275749,8.920222272258226,IR_014_1
0.74038,-0.62543,0.03099550178710938,0.1885517363446993,0.19108238644531236,0.008257173566472162,0.8951258832003628,3.8746637505348116,6.164842292049575,IR_014_1
0.6358600000000001,-0.6271,0.0324984732421875,0.17813715903019256,0.18107732654979555,-0.10176921681111714,1.0510310652132722,3.5115384604135,5.57187162696802,IR_014_1
0.96631,-0.67237,0.030271789697265628,0.19764659452293143,0.19995138803716153,0.2072936763575727,1.3980514609112173,4.832724616983824,6.60520515739502,IR_014_1
0.56535,-0.68176,0.03040649723632812,0.16274575903122707,0.16556188316406967,-0.300722525468721,0.6936109229986638,4.1178560116191045,5.44495067722941,IR_014_1
0.7138800000000001,-0.83655,0.03643658130859376,0.2093490879193012,0.2124962707204554,-0.0718078004891102,0.622395521647209,3.93677495245895,5.8319484775150565,IR_014_1
0.78857,-0.74976,0.030615254921875,0.1899163214052247,0.19236814437433242,-0.044044838387817045,0.8967276664796326,4.099275368411481,6.28340801282941,IR_014_1
0.78627,-0.75248,0.03127271004882813,0.17606439518444514,0.17882017124883465,-0.041001254851993685,2.2590547746171126,4.3969871525784985,5.71808983780239,IR_014_1
0.82862,-0.49588000000000004,0.03321459041992188,0.19000288166063045,0.19288417264282393,0.3400495033996438,0.6274955331294452,4.295946029944422,5.807211963087204,IR_014_1
0.63231,-0.48983000000000004,0.030547434345703124,0.1753432008158195,0.1779842235071464,-0.061526740854543086,0.15679840577455062,3.5526182264238346,5.826486626222849,IR_014_1
0.52404,-0.55742,0.029907569638671874,0.16094388879479882,0.16369910831181878,-0.0732316065230138,0.5130323226029132,3.4051498651602947,5.473500682805318,IR_014_1
0.9494100000000001,-0.89079,0.033989704462890624,0.2082545762901398,0.21101011481741888,0.07086343494688799,1.8528067176097807,4.499357750324624,6.208059526958717,IR_014_1
0.66778,-0.58663,0.0272209748828125,0.1727173806621274,0.17484929241022665,0.1988623670772815,0.8028633690076465,3.819174713124364,6.423329316441871,IR_014_1
0.93063,-0.86075,0.03163592769531251,0.23477357484508204,0.23689546928272476,0.02025611409118839,0.705298829821754,3.9284415142650566,7.488178126973257,IR_014_1
0.6006,-0.5207,0.028354376611328128,0.1765727298957547,0.17883483893206095,0.009638638977111693,0.6068414159079101,3.358406003148866,6.307133289380083,IR_014_1
0.6423300000000001,-0.78857,0.030271398046875,0.1857119382531283,0.1881629122580911,-0.10577183843228051,0.8872915892866371,4.190889619775225,6.2158644193062385,IR_014_1
0.8038,-0.58892,0.0281567415625,0.21524325113254272,0.21707708136402673,0.30264599114195995,0.82903003639818,3.702832151816331,7.70959498891525,IR_014_1
0.59664,-0.75185,0.0303350280078125,0.1708216114985175,0.17349419840209415,0.02123844434709969,1.6259441416541867,4.333574278512304,5.719269243402152,IR_014_1
0.59956,-0.70262,0.029952355927734372,0.18969555199226612,0.19204568745814687,-0.06708142360961361,0.29328414040273776,3.6586085615409387,6.41170535999864,IR_014_1
0.74935,-0.7067899999999999,0.03057414267578125,0.14898925041253283,0.15209396746369477,-0.1184966087127445,2.055723936234231,4.926888341261684,4.974594516090184,IR_014_1
0.9325100000000001,-0.77751,0.030614782119140625,0.1941534406757277,0.19655234267346133,0.14783032553855385,1.6762856222598108,4.7443341685572,6.4201775302002755,IR_014_1
0.6821699999999999,-0.89454,0.029910940966796876,0.22776454447125485,0.22972016042941773,-0.04535161257999771,0.2538091762124317,3.894042187824469,7.680137946990179,IR_014_1
0.76207,-0.61229,0.030295872089843745,0.17238737810682564,0.17502927754015854,0.25135301412163774,1.8371196570262498,4.353957271355326,5.7773306952105825,IR_014_1
0.9525399999999999,-1.0345,0.03297038208984375,0.2060904842431307,0.2087111252202872,-0.03282411603245575,2.8748379749373907,4.956611651398603,6.330260848093661,IR_014_1
0.67779,-0.81965,0.031131384501953123,0.2123675031816788,0.21463718109551475,-0.06450375969614455,0.8183609658311166,3.8187698515127315,6.894559224871275,IR_014_1
0.69803,-0.61854,0.02972575821289062,0.16646961255450712,0.16910278710115614,0.06660277288513163,0.8620544949794806,4.127844418404522,5.688762594424316,IR_014_1
0.7506,-0.72431,0.03185921904296875,0.2116188700096086,0.21400363544148376,-0.11079867150376672,0.6641060425115497,3.5074170349681926,6.71716492597294,IR_014_1
0.49733999999999995,-0.58725,0.03742727694335937,0.15659773587506906,0.16100823562971187,-0.48478999234820974,1.2349340429545617,3.647328933553646,4.301895421659409,IR_014_1
0.74038,-0.7380800000000001,0.032048946650390625,0.22020675212257995,0.22252673695934821,0.005585968181133472,0.45460549597052147,3.3271507360848234,6.9433398995438145,IR_014_1
0.6281399999999999,-0.60895,0.03280491891601563,0.17657222404877176,0.17959374435268063,-0.031201635908660024,0.8909035415444566,3.497560556836086,5.4745978594814835,IR_014_1
0.7843899999999999,-0.8004600000000001,0.034693838779296875,0.16975475576135884,0.1732637860397909,0.05633126045624917,1.783902649926529,4.619892094452319,4.994079270037557,IR_014_1
0.84719,-0.7426699999999999,0.03283935330078125,0.1987436106061399,0.20143844191707425,0.024615304417136767,1.1509429007993726,4.205701690956581,6.134056110606354,IR_014_1
0.6102,-0.60957,0.032764376962890626,0.16495746829786773,0.16817987615945149,-0.13844539422404747,0.7245200791889537,3.6282580907195503,5.133009891105953,IR_014_1
0.70303,-0.61187,0.03677339094726563,0.19716784294218037,0.20056779545139528,0.025830803837387884,0.5582656317983554,3.5051988027917,5.454155432248859,IR_014_1
0.75373,-0.66235,0.03200529543945312,0.22443267009271506,0.22670324731047006,0.0836402404309257,0.2784274915406555,3.324742832832139,7.083304094350196,IR_014_1
0.50631,-0.50798,0.02965445194335937,0.1514663740287279,0.15434198709836383,-0.2108505212367636,0.07879324428143297,3.291262515526616,5.2046816507848,IR_014_1
0.8676299999999999,-0.73307,0.031941108769531254,0.22273115628896528,0.22500978292342427,0.12125122590669288,0.3359776924620932,3.855965660121132,7.044519885093722,IR_014_1
0.6110300000000001,-0.54595,0.034355863740234374,0.187232172401337,0.1903581144985985,0.047252952261985025,0.2006059798625186,3.209897294893628,5.540774943023596,IR_014_1
0.51278,-0.4408,0.030161007333984375,0.1588773234901402,0.16171484249379,0.15523672492694687,-0.04856672603017165,3.170890123142538,5.3617187032694575,IR_014_1
0.6821699999999999,-0.7138800000000001,0.033928578916015625,0.21195359159884758,0.21465198219189907,-0.11892999767702297,0.45921705946875413,3.3257554362392763,6.326583155653234,IR_014_1
0.70116,-0.55721,0.035880884082031245,0.1752568279794451,0.17889212837887802,0.09356129889724446,0.626138515057606,3.9194569511496167,4.985722285553799,IR_014_1
1.0285,-0.71159,0.031189335410156248,0.2239073620852541,0.22606919613097295,0.19323271312201487,1.7964975162966752,4.5494919832184815,7.248284899622218,IR_014_1
0.6825899999999999,-0.7612399999999999,0.03244550072265625,0.22874631806621198,0.2310359031535846,-0.07289005566905433,0.4672151569234346,3.2948991317555305,7.120737571835895,IR_014_1
0.61917,-0.48607,0.03855219752929688,0.15710051603109942,0.16176168913428066,0.12202452184915243,0.19498140175524314,3.8276677221041537,4.195913470702676,IR_014_1
0.92584,-0.63461,0.029209156298828122,0.22085505890926913,0.22277821225942654,0.1670465564947968,0.43529163200284726,4.155882150476958,7.626998957219641,IR_014_1
0.53698,-0.63732,0.030298229580078124,0.17240450145919922,0.17504655049181103,-0.058750299044546934,0.5100293781992931,3.6408600716125212,5.7774512616888165,IR_014_1
0.4988,-0.5413600000000001,0.0342447130078125,0.14501533734215505,0.1490038537536747,0.11089698391223196,0.603819466162741,3.633194596844141,4.351149018785246,IR_014_1
1.0162,-0.6110300000000001,0.029632835693359373,0.20297583301020009,0.20512750604785862,0.1938762211736818,1.1769134946488924,4.953991859136224,6.922304069992295,IR_014_1
0.4867,-0.62626,0.03150890213867187,0.14760221697876563,0.15092788135739205,-0.16649916248237012,0.7907434324024996,4.149398972663234,4.790007468465428,IR_014_1
0.9590000000000001,-0.91353,0.035873304833984376,0.24583830285383199,0.24844187479119617,-0.0544140644616885,0.7843092255751314,3.8600577980098447,6.925536105898447,IR_014_1
0.56618,-0.42662,0.03148196219726562,0.16141258666073632,0.1644540576462003,0.23411084005186036,0.37323081242412925,3.4427852049432017,5.2237548406918926,IR_014_1
0.61145,-0.59101,0.031440735996093754,0.16263946003499016,0.16565057754336152,-0.13950833641101748,0.9811544231864717,3.691203528395428,5.268660768478239,IR_014_1
0.8313299999999999,-0.71492,0.03479907458984374,0.20396837030222453,0.20691561486764334,0.15310377044141568,1.0843712078886991,4.0177247933368765,5.946008948813357,IR_014_1
0.73558,-0.6402399999999999,0.03227288663085937,0.1831513645666786,0.18597301297264804,-0.08143373352054618,1.0021316997474337,3.9553050428498477,5.762515430903693,IR_014_1
0.56347,-0.50902,0.030667042822265626,0.17719897402218796,0.17983310015116435,-0.06598263417187089,0.23378800574441083,3.13329412879533,5.8640507116828005,IR_014_1
0.76103,-0.8419700000000001,0.036688688320312496,0.19622209808515298,0.199622572941049,0.05633534126344544,1.8628459882719666,4.217809556190996,5.440984037293723,IR_014_1
0.65714,-0.5826600000000001,0.03077586875,0.1681683854972583,0.17096128210232778,0.06300895675572253,0.5486242576581262,3.8437942677739088,5.555043074041077,IR_014_1
0.95442,-0.71534,0.0348697474609375,0.21547632124919897,0.21827950959051917,0.1116462951077972,0.6891603680000391,4.372467197759305,6.259853289020558,IR_014_1
0.57098,-0.52112,0.03391186298828125,0.16648563672568434,0.1699043309845058,0.057738362491803925,0.54847037410903,3.360597068543666,5.010173756394481,IR_014_1
0.55492,-0.6942699999999999,0.03532423131835938,0.1644628593517297,0.16821365409615174,-0.24104987079250734,1.0311606057714418,4.127310589637636,4.761990369107741,IR_014_1
0.8432200000000001,-0.8751399999999999,0.0325326713671875,0.222534924937031,0.22490035020652022,0.0015796481626135616,1.0740101683810668,3.8912344747580287,6.913061050384383,IR_014_1
0.64712,-0.56931,0.0319789137109375,0.1803790491063869,0.18319184555720794,0.10590196173647985,0.859625317245464,3.5324716255748565,5.7285197828978305,IR_014_1
0.55513,-0.48168999999999995,0.03204450772460937,0.18747562159725423,0.19019452980721976,-0.021657296101192686,-0.05816644860361997,2.9187484921039974,5.935323628823655,IR_014_1
0.8503200000000001,-0.6771699999999999,0.03175871797851562,0.16313070023561455,0.16619338593036975,0.1019915303376488,2.316982905947997,5.116449069999757,5.233000299627876,IR_014_1
0.80296,-0.75957,0.034411315791015626,0.20126631082426522,0.20418684219919442,-0.01653654110558321,0.8320694418934589,3.932476683704212,5.93371196572475,IR_014_1
0.85845,-1.0454,0.029397403369140623,0.22675620681828562,0.22865385335800723,-0.1415649629652071,1.5760489399172108,4.571976286755261,7.778028647931664,IR_014_1
0.70116,-0.6828,0.029722990380859377,0.17377894121639093,0.17630251435379618,-0.21097541700428207,1.2639935928145007,3.9770277729330337,5.9315198828651265,IR_014_1
0.74351,-0.55283,0.032048492109375,0.16791647454698136,0.17094750150491148,0.10975393892251273,1.0987160595732917,4.34934695801501,5.3340261871752395,IR_014_1
0.76541,-0.8782700000000001,0.03080113291015625,0.19920801571634836,0.20157515549837485,-0.03516725262656929,1.908134895939325,4.357034940499133,6.544406971715682,IR_014_1
0.51966,-0.5292600000000001,0.027393284658203124,0.165989025246649,0.1682342074213744,-0.10876750199589685,0.20240900644927562,3.145971351286465,6.141439530858008,IR_014_1
0.70429,-0.69365,0.0280413582421875,0.1984735974380318,0.20044472218559561,-0.04430664899592281,0.3892913057113425,3.5136370207555143,7.148181386444053,IR_014_1
0.45895,-0.39783,0.03223470423828125,0.14694398708174705,0.15043806531862244,0.14351503117844672,-0.07671173735153136,3.0507571071005417,4.6669595458240885,IR_014_1
0.94315,-0.8930799999999999,0.026775277060546873,0.215098520814627,0.21675859641156006,0.08171934930606499,1.3998733572579933,4.351153823943781,8.095475084195368,IR_014_1
0.91332,-0.70345,0.028283662470703127,0.20953791757364595,0.21143818118744945,0.16208006772612651,0.7068440121893347,4.319560405557691,7.475629223437127,IR_014_1
0.48336,-0.62856,0.030616685615234375,0.15949462684457838,0.16240664219899814,-0.46609151181905056,1.0572394099245548,3.8702850303347534,5.304513980888682,IR_014_1
0.79775,-0.7245199999999999,0.02666275358398438,0.20314947631556654,0.20489170836314777,0.0739728629289846,0.8226909330404597,3.8935201550106493,7.684566413337535,IR_014_1
0.79566,-0.57912,0.02828440920898437,0.17228578178996398,0.17459209149122523,0.11102221564131513,0.8288135852420431,4.557251068171881,6.172732264919815,IR_014_1
0.84093,-0.7547699999999999,0.03234274364257812,0.19602345197775795,0.19867371942862977,0.03482218585235616,1.1412038388193242,4.232718842661881,6.142760041678176,IR_014_1
0.82132,-0.5157,0.029603617900390625,0.21027298466923638,0.21234665590609442,0.28647923137071946,0.438579447691398,3.867826373942918,7.172996538720219,IR_014_1
0.50422,-0.45228,0.0257848831640625,0.14872501328983376,0.15094366425208305,-0.04697753786078858,0.3230599633348832,3.3404515463297435,5.853959369825664,IR_014_1
0.7622800000000001,-0.6765399999999999,0.030430116181640626,0.21023255016460618,0.2124234382537431,0.1883334459608768,0.7068997279781968,3.5884928832615537,6.980697346177304,IR_014_1
0.82299,-0.7672899999999999,0.030552567861328126,0.20997765416618924,0.21218877126760696,0.035379137539229825,0.9822373333047927,3.8785746823685203,6.9450386391628305,IR_014_1
0.59664,-0.48231999999999997,0.027224702783203124,0.1615824179835283,0.16385988600947274,-0.00041234740221556465,0.5785746607883104,3.641159596097538,6.018794081813653,IR_014_1
0.6227199999999999,-0.62,0.029755744189453124,0.20696017084593826,0.20908829864162204,-0.04658611026367748,0.2947654309059793,2.9782632556070516,7.026821116741282,IR_014_1
0.50151,-0.45582,0.033307826689453125,0.16182256072411585,0.16521486760605056,0.022582526385651693,-0.10175347565344017,3.0355016121208447,4.960241452743122,IR_014_1
0.9174899999999999,-0.7487199999999999,0.029096632265625,0.21773098030809893,0.2196665513798739,0.25209629950043005,0.8396633723165632,4.176739654079723,7.549552189578915,IR_014_1
0.5787,-0.5924699999999999,0.03222592250976562,0.19418084873756095,0.19683676510765194,-0.37249993336887993,0.7219970386931798,3.0099559737532586,6.108025579096384,IR_014_1
0.7752100000000001,-0.5232100000000001,0.031335617724609376,0.1441754761093172,0.14754148179251536,0.24566316421229795,1.8377428216531824,5.254183334256999,4.7084272721458635,IR_014_1
0.7964899999999999,-0.72306,0.028394482128906252,0.21391506821761022,0.21579134140626124,-0.06713370003214196,0.7799126968124193,3.6910192555384445,7.599762968975497,IR_014_1
0.74768,-0.68113,0.0273576177734375,0.20134974836958766,0.2031998041798608,0.06244984454852901,0.7038211251727935,3.679531086844284,7.4275398697036765,IR_014_1
0.615,-0.72348,0.02895344077148437,0.1851051384797437,0.18735584865200483,-0.12703897095225078,0.7679346806135823,3.8615287504702596,6.47093530816525,IR_014_1
0.7975399999999999,-0.7975399999999999,0.026293058525390628,0.20156885662985763,0.2032764838580393,-0.02121440244990201,1.3605123205357108,3.9234247904127826,7.731184104373234,IR_014_1
0.51152,-0.44456,0.027934380322265626,0.16362253535258092,0.1659899505367586,-0.12750445400458432,-0.24966353869030433,3.081632323307977,5.942138063550138,IR_014_1
0.75164,-0.92479,0.02776037659179688,0.2141634795843422,0.21595516779227894,-0.17121113116206446,1.0027726190041397,4.282323989612533,7.779259020457025,IR_014_1
0.73036,-0.8444799999999999,0.027440128125,0.17948534791300852,0.18157078715192632,-0.10708434260050262,2.1007531959325894,4.6509684106971845,6.616980055917514,IR_014_1
0.74997,-0.76458,0.025802093222656253,0.1731328373417668,0.17504492960574816,0.22444863973555207,1.3123322570883342,4.367907127353807,6.784136516021442,IR_014_1
0.80108,-0.8542799999999999,0.029657602529296875,0.21343682509977746,0.21548747456977344,-0.3035642813875288,1.1549296257440105,3.9644067375200636,7.265842445998948,IR_014_1
0.62752,-0.5776600000000001,0.027396101708984377,0.17305891844281568,0.17521397102242203,-0.023426837303352384,0.8739611756633656,3.5814495428463697,6.395580162756571,IR_014_1
0.65109,-0.73182,0.028574782666015625,0.19890971777099778,0.20095172063992886,-0.2075162175503195,0.3253851826896246,3.6417702422639424,7.03248440963434,IR_014_1
1.0114,-0.61041,0.03273478705078125,0.20271034028445092,0.20533642721518724,0.47674902791459645,1.726037433761209,4.925575110033955,6.272728172140607,IR_014_1
0.5764,-0.43413,0.025963742880859376,0.15289664903162575,0.1550854642752941,-0.0059467033890751855,0.2170884418448047,3.7166603522569015,5.973154911207702,IR_014_1
1.0285,-0.89892,0.029082226484375,0.22682604320657382,0.22868281477635996,0.0948795236453189,1.0537610786632916,4.497495784754636,7.86331840981659,IR_014_1
0.65756,-0.6561,0.0291322548828125,0.19065080439541687,0.1928637277747598,-0.22658760005009407,0.28847148485386054,3.4094539402374933,6.620281263166643,IR_014_1
0.7003199999999999,-0.8916200000000001,0.029425492363281246,0.1945705846427079,0.19678305823679712,-0.29121325661112757,2.2884081893958736,4.530979462653222,6.6875024254428945,IR_014_1
1.031,-0.98341,0.028789156650390627,0.26457411399615505,0.26613582497944765,0.08891393011038713,1.7681309056623995,3.873961711865199,9.244307465030557,IR_014_1
0.7184699999999999,-0.5522,0.029407793486328125,0.18245503741863742,0.1848097913996196,0.1361983829759732,0.40438983067489964,3.887618673616771,6.284381220276103,IR_014_1
0.5981,-0.44893999999999995,0.03183037727539063,0.18239493455092462,0.18515151921420944,0.002951304696583173,-0.20986229560352276,3.2303272439137056,5.816818060166055,IR_014_1
0.6842600000000001,-0.62084,0.0289680087890625,0.1667976544429953,0.1692944271406713,-0.012409514034152119,1.1105441593526857,4.041834143716945,5.844185650772325,IR_014_1
0.61875,-0.55429,0.03197654838867187,0.18203715515739236,0.18482430983138995,-0.023123489616919658,0.4526191543793683,3.3477738789702203,5.7799954455644444,IR_014_1
0.8722200000000001,-0.73433,0.027801611513671876,0.21372580649389838,0.2155264484099908,0.11035595909646397,0.4817436838806408,4.046927893943991,7.752300277690811,IR_014_1
0.64859,-0.69928,0.0281879707421875,0.20374896074995727,0.205689573632817,0.003754938150899646,0.4972559290926153,3.3996861593413614,7.297068959558091,IR_014_1
0.57557,-0.59956,0.029215944218750005,0.17202279168939036,0.1744861377221827,-0.11557229194304999,0.6483824885124752,3.436146873274679,5.972291377730343,IR_014_1
0.9690200000000001,-0.75769,0.030395660869140625,0.19448471791423516,0.1968456291154351,0.24333735337557036,2.171417991806525,4.922740725469715,6.47610931990541,IR_014_1
0.49838000000000005,-0.48148,0.029889516054687502,0.15358229469419787,0.15646374792110426,-0.32684129815082363,0.3714399885551689,3.1852745663872892,5.2347365678351245,IR_014_1
0.7259800000000001,-0.73516,0.030004333759765626,0.21046741148732123,0.21259536999318876,-0.13067354279975713,0.1486424482057198,3.458024493033545,7.085488536751995,IR_014_1
0.58621,-0.5878800000000001,0.03230203280273437,0.1448655645526452,0.14842322296846117,-0.004580768032190417,1.1637937916263486,3.960835671679792,4.594856902041169,IR_014_1
0.78919,-0.60311,0.029157274804687498,0.18950345407318414,0.1917334237416718,0.3611833066783966,1.5270041611946947,4.116079400674657,6.575834622754694,IR_014_1
0.9460700000000001,-1.0823,0.029555064423828124,0.24417406828388244,0.24595625110047256,0.048826596985408484,1.081252444248693,4.4003760455655465,8.321966051280526,IR_014_1
0.65505,-0.8716,0.03407162797851562,0.177569419162381,0.18080866808527662,-0.2622250056629243,2.154656573900721,4.8205653213946205,5.30672214701822,IR_014_1
0.61437,-0.53155,0.02827026818359375,0.17893380881631366,0.18115329420323936,-0.02174957419666567,0.26901327089948746,3.3914370661087148,6.4079083586642716,IR_014_1
1.0606,-0.75769,0.0316285784375,0.1937637293210482,0.19632816857083327,0.19328772014318665,3.0299454966784367,5.402179434150666,6.207302764222772,IR_014_1
0.9220799999999999,-1.0308,0.031725275205078125,0.228640700946515,0.2308312440207167,0.00858415155275751,1.5582721819312004,4.465599966362818,7.275941193658341,IR_014_1
0.8795200000000001,-0.69114,0.0338696759765625,0.23146722131756994,0.23393210445604565,0.001417413162084291,0.5071372792382935,3.7597233534293832,6.906830101093804,IR_014_1
0.47272,-0.5440699999999999,0.02844109518554687,0.1547859474513588,0.15737720744684772,-0.38019203133260043,0.6445018022710247,3.4571079597192953,5.533443803295574,IR_014_1
0.73328,-0.70554,0.0340783333203125,0.20553841489038985,0.20834436108890578,-0.06931423170674585,0.8754485098256999,3.5195576815613134,6.113689687137128,IR_014_1
0.81423,-0.8096399999999999,0.030227087744140624,0.20548120840343237,0.20769257049886689,-0.11516841070693797,1.2063817425297705,3.92036168710272,6.871074229374044,IR_014_1
0.47272,-0.5505399999999999,0.03494819408203125,0.15189472805518725,0.15586335258987152,-0.10292477806613733,0.14257543019042584,3.532196551144757,4.459839835047998,IR_014_1
0.8434299999999999,-1.1213,0.0319072384765625,0.24159448414691684,0.2436923606464,-0.3089666304706629,1.4903978420408386,4.601293173181263,7.637525672673893,IR_014_1
0.59935,-0.40909,0.032657048564453124,0.16300256707322472,0.16624175075293862,0.0424520866645682,0.08707710919203393,3.605291653150578,5.09053184442881,IR_014_1
0.8209,-0.72285,0.030915185830078122,0.21703240511900082,0.2192232049456589,0.15074522866159518,0.9018268708893777,3.744585325531116,7.091116937141438,IR_014_1
0.8054600000000001,-0.8630399999999999,0.03337215938476562,0.23204954051318588,0.23443696439423306,-0.18074630426387067,0.7620854763035956,3.681330708869643,7.0249262166812985,IR_014_1
0.54115,-0.52008,0.03176631575195313,0.16713620798394965,0.170128218810716,0.10943300904748622,0.5980236225530748,3.180836198733411,5.355616772922086,IR_014_1
0.7003199999999999,-0.59914,0.0354473066015625,0.19327752014748142,0.1965011738887716,-0.02568352098316071,0.5941598167329962,3.5639481565258433,5.5434724718023425,IR_014_1
0.99593,-0.6836300000000001,0.03353538742187501,0.18113653539120653,0.18421472976682693,0.21328887343676614,1.9500037845653297,5.406353747359195,5.493144359904427,IR_014_1
0.61875,-0.68906,0.03225966172851563,0.1756272123027787,0.17856540391711817,-0.08032533723370404,0.8115623326572323,3.858866169064662,5.535253279609676,IR_014_1
0.8839,-0.8250700000000001,0.032846977099609376,0.22418857661704036,0.22658208620753062,-0.19388311358674032,1.2152313877653507,3.901014466295476,6.898110551308986,IR_014_1
0.65693,-0.57328,0.03461340634765625,0.17165175049067424,0.17510685693456052,0.045218622575050244,0.2924780343734805,3.75159492751279,5.058931505234124,IR_014_1
0.96193,-0.8325799999999999,0.031049448535156253,0.2411973616089315,0.24318765491168945,0.12300030078500422,0.6446754144671818,3.955505045656235,7.832269446076208,IR_014_1
0.7622800000000001,-0.7124199999999999,0.032338152832031244,0.2252370608728901,0.2275466759134174,0.009701452737055678,0.5980964799724107,3.349993989541105,7.0364770077885614,IR_014_1
0.7095,-0.5182,0.03153375310546875,0.16570981596231907,0.16868349264579008,-0.01730187725209826,0.6058988506028626,4.206102118621299,5.3492994231389694,IR_014_1
0.9846600000000001,-0.6181300000000001,0.03353842389648437,0.19280475909816988,0.19570002812560755,0.22548437099584595,1.3826206597736936,5.0314760013040605,5.835098956782601,IR_014_1
0.6513,-0.71346,0.030747427333984372,0.16365815447550502,0.16652145751820369,-0.02758303065132857,1.200426151794705,4.284492859651517,5.415784881565254,IR_014_1
0.67883,-0.9312600000000001,0.03307367389648438,0.19675110462484416,0.19951156627150055,-0.22078278523964268,1.2350014060268801,4.667699285489133,6.032337407195956,IR_014_1
0.7579,-0.6661100000000001,0.031142940166015622,0.19407634574797283,0.19655917862331113,0.06666451489011256,1.3127550865320075,3.855836198810204,6.3115162301306365,IR_014_1
0.59539,-0.56055,0.029995139091796876,0.16489718104773862,0.16760306884608928,-0.023597473815288466,0.15562886330302073,3.552381233510517,5.587674147650528,IR_014_1
0.8257,-0.8063,0.031331827304687504,0.21624158856432857,0.2184996751189235,-0.042325896050540594,1.4611349084084075,3.778952969937556,6.9737288547005765,IR_014_1
0.90894,-0.78335,0.028580602734375002,0.20637373201381312,0.20834338990706985,0.04169488406894374,1.3407573729123703,4.362701384683839,7.289677707419706,IR_014_1
0.65881,-0.59643,0.030922693427734377,0.17951529933633756,0.1821591492751339,-0.07774494991694904,0.6068068342708091,3.616672558062171,5.890791622341825,IR_014_1
0.89392,-0.60519,0.030793704062500003,0.21401161890300366,0.21621569146427208,0.19559050000056147,0.7432073349062898,4.134390014950988,7.021425029090621,IR_014_1
0.7095,-0.65484,0.028328810039062503,0.17611066616728685,0.17837457278467367,0.024328460688158873,0.6737891357767092,3.977584837043416,6.296578156376333,IR_014_1
0.9323,-0.65964,0.029790791093749998,0.2023682535687313,0.2045492637152473,-0.008532154957015804,0.816418920460265,4.557826210218127,6.866190837475617,IR_014_1
0.62397,-0.61145,0.02873533568359375,0.17131558905523217,0.1737088097080571,-0.16234551716273207,1.4808465162112059,3.5920457773939414,6.045128742383416,IR_014_1
0.61124,-0.7483,0.031198974228515627,0.18749115680748285,0.1900692238999247,-0.1142265232151239,0.9059248438114214,3.9369866447027135,6.092162403020304,IR_014_1
0.78815,-0.77188,0.02699063341796875,0.23005004237309837,0.2316279695722594,0.01893377015112559,0.35949060456582504,3.4026546882606574,8.581790482777809,IR_014_1
0.74017,-0.62105,0.027426236572265627,0.1996654936858276,0.20154033795080115,0.15891458146532655,0.8048856025426696,3.672565025211583,7.348450089800353,IR_014_1
0.7722899999999999,-0.72828,0.027840621093750004,0.19628537675605043,0.19824996673682047,0.019815264245683764,0.9914181024344946,3.895536573429487,7.120888537233009,IR_014_1
0.89079,-0.5747399999999999,0.028607570976562503,0.1777335484371412,0.18002113030762992,0.26251014336119904,1.5722590578344953,4.948252427531796,6.292779074544212,IR_014_1
0.40763,-0.4408,0.029545550791015625,0.14210858578426377,0.1451474757794566,-0.17102422572791312,0.1932795573438595,3.036911214583294,4.9126676261160185,IR_014_1
0.7063699999999999,-0.86972,0.027421410908203124,0.23072587794829263,0.23234966006260255,-0.22089950040708908,0.46272701825620777,3.7431515760449905,8.473293090830785,IR_014_1
0.60707,-0.61166,0.03127788514648437,0.15934942072195324,0.1623900981699892,-0.29751569696017893,1.2942850327712323,3.7666089443034156,5.191850159229569,IR_014_1
0.84677,-0.81652,0.02912295869140625,0.20262904732123635,0.2047112052166495,0.043926082517965,1.6027856405362702,4.136412537689061,7.029203329119627,IR_014_1
0.92771,-1.1374,0.02905531646484375,0.25584067202018373,0.2574852634125135,-0.030425417173665648,0.7302395193418518,4.417340163504609,8.861898126704848,IR_014_1
0.8111,-0.78669,0.029946411601562504,0.2008132980737445,0.20303390911634628,0.0005090498457080405,1.8349347229202744,3.994899174897476,6.779907557466588,IR_014_1
0.74079,-0.6479600000000001,0.028574597783203124,0.21442394476359863,0.21631952229619644,0.025806864576767997,0.5005065009998142,3.4245175318071963,7.57034329466612,IR_014_1
1.0295,-0.5077699999999999,0.030753004394531252,0.16083059185749848,0.16374439396975798,0.6147997225925474,3.353940256807503,6.2872381078457,5.324500544550886,IR_014_1
0.75185,-0.65276,0.028910113125,0.1914174652947037,0.19358832780090174,-0.07414581080452025,0.4723868561261222,3.8837568600184014,6.696214583030524,IR_014_1
0.6684,-0.6018600000000001,0.03322452715820312,0.19830301174193612,0.2010670377531052,-0.2255909155555788,0.27365105696924585,3.324264405270043,6.051765033221754,IR_014_1
0.51695,-0.64358,0.028651118037109378,0.15735087259456673,0.15993806198353144,-0.4708355240460608,0.9966387372914882,4.02393268990802,5.58226231151311,IR_014_1
1.0399,-0.94899,0.030633197421875,0.22135467997936153,0.22346428603482285,-0.10287763164211604,1.8673563105043556,4.653540007661047,7.294840158618507,IR_014_1
0.81798,-0.80588,0.029953662890624996,0.23422667250545756,0.23613419073387928,-0.011500058570425043,0.3015118805585857,3.4640472605587536,7.883315763845017,IR_014_1
0.5424,-0.60019,0.03343608895507813,0.1759206028556354,0.17906990409809823,-0.052694487527200164,0.4921761308144821,3.351707813053251,5.355587460695351,IR_014_1
0.74622,-0.6319,0.030897654892578123,0.23287424373851692,0.2349150452283698,0.05539643414715236,0.14264978866917888,3.176552596271638,7.603005420382017,IR_014_1
0.5593,-0.49191999999999997,0.029578978300781253,0.14295582146959515,0.14598384448069882,-0.024839985757014998,0.1274302081136489,3.831245835169807,4.935391549391396,IR_014_1
0.91228,-0.75248,0.03330198412109375,0.19928578439391267,0.2020491178102459,-0.06193388975462481,1.4045633970277374,4.515139711432082,6.067179391124835,IR_014_1
0.64566,-0.70262,0.03244794756835938,0.2039797781389097,0.2065444726711364,-0.06908415655879149,0.7349701109962505,3.4017855211111745,6.365409271898992,IR_014_1
0.57411,-0.62355,0.0313141001953125,0.17480057236478172,0.1775832564463704,-0.09838849530896644,0.8698976548298782,3.5113107449800567,5.671031569411718,IR_014_1
0.86826,-0.88307,0.03404247943359375,0.20255165165691305,0.20539245846654183,-0.06610130965318896,2.058579739300429,4.299427555877975,6.033416362453329,IR_014_1
1.0099,-0.88182,0.030872239277343755,0.18804832357047,0.19056565051357433,0.07192570895779182,2.442625756226443,5.299485988051016,6.17271855886095,IR_014_1
0.57786,-0.67508,0.03204644192382812,0.1868761599802228,0.1896039915427181,-0.3203208464560647,0.46251938372060586,3.5604735477703793,5.916537819607371,IR_014_1
0.8745200000000001,-0.91394,0.032727801953124996,0.2350032744311024,0.23727125408279653,-0.0042909274555632355,0.6754938035987554,3.851878305617247,7.249837528740707,IR_014_1
0.49546,-0.50151,0.034073112714843756,0.151620461389976,0.15540187039475312,0.03505137669168166,0.17280698874990819,3.2271812140927194,4.5608356106020675,IR_014_1
0.8031699999999999,-0.73725,0.030018441796874996,0.20890984659769465,0.211055516045861,-0.02322883946064709,0.6402062145225429,3.8054916130217826,7.030861576465002,IR_014_1
0.7168,-0.6765399999999999,0.03256383219726562,0.19825528600185274,0.20091182542361238,0.000761112534565555,0.6663473126667996,3.5677342282910893,6.169784257477493,IR_014_1
0.48399,-0.51236,0.03374557569335937,0.14932457379375197,0.15309014409021215,-0.026639864675544037,0.7151245211632746,3.3467862983478085,4.536598840236683,IR_014_1
1.3099,-1.055,0.0312460314453125,0.26512267503453185,0.2669575758403336,0.09314466786715457,1.8914561619682564,4.906772137744742,8.543727153441598,IR_014_1
0.60352,-0.6725800000000001,0.030995995830078123,0.2016737343607644,0.2040417773116927,-0.041978350930876845,-0.19438010270723227,3.2962857193519057,6.5828428887208155,IR_014_1
0.8734700000000001,-0.71117,0.0334146484375,0.2191926245133759,0.22172493177643218,0.06279034750281069,0.5563774559734678,3.9394306678208806,6.635560615147399,IR_014_1
0.76249,-0.74246,0.03183784228515625,0.21506348112799598,0.2174073345503007,-0.04208648768057191,0.6245074495815621,3.5071953670283844,6.828582344698658,IR_014_1
0.47189,-0.49317,0.029937377421875,0.15691841930490003,0.15974866786314124,-0.0739789264575182,0.005954753779350064,3.0871618743972458,5.336094083188466,IR_014_1
0.86951,-0.8282,0.03561928991210937,0.19337361901259573,0.19662677931520778,0.16103227848243842,1.744161950899521,4.422134149814735,5.520232836762093,IR_014_1
0.75227,-0.68739,0.031709487773437496,0.19183715103043472,0.1944401813677605,-0.07011540654488134,1.295327221364194,3.8689019462919996,6.131924193323475,IR_014_1
0.61124,-0.5766100000000001,0.034688229736328124,0.17243144605341254,0.17588597690069324,-0.35480201255768046,0.6840945383728836,3.475205967499646,5.070479905349921,IR_014_1
1.0702,-0.8156899999999999,0.03186653180664063,0.21539867380562247,0.21774311591093895,0.42042771143255736,1.702798409631856,4.914965924905594,6.8329716706915695,IR_014_1
0.5645100000000001,-0.52383,0.0293445930078125,0.1767398901714684,0.17915940923271897,-0.16736136937635293,-0.1772987546295166,3.150881102291698,6.1053633655664425,IR_014_1
0.9266700000000001,-0.64879,0.030325796777343754,0.19957856662640933,0.2018694087939846,0.04712491813300259,0.6852436685224164,4.590442905369873,6.6566891422325645,IR_014_1
0.69865,-0.77688,0.032159685751953125,0.20773068398675815,0.21020533403620079,-0.2974145503825584,0.9799758554903728,3.695814855822801,6.5362991765905365,IR_014_1
0.8553200000000001,-0.90289,0.03072717607421875,0.1939210738185286,0.19634037338364022,-0.08989078801717577,1.7462621945197911,4.598595692986679,6.389795356384272,IR_014_1
0.7964899999999999,-0.69052,0.02955887181640625,0.1941348076430182,0.19637222421119135,0.012924359569818142,0.8528215825235588,4.056021665708596,6.643427353637032,IR_014_1
0.78272,-0.45666,0.033039133173828124,0.17216188767018606,0.1753034508703115,0.037826027235972164,0.6584915525074915,4.464943454616352,5.305933561938731,IR_014_1
0.55179,-0.61875,0.030788519765625,0.17637465249196294,0.17904175767406602,-0.26701892332277216,0.6484784080094359,3.45589768879781,5.815211423666834,IR_014_1
0.93627,-1.0270000000000001,0.02865443033203125,0.2413052382903315,0.24300060576880644,-0.2534191869753152,1.3686513987370317,4.2263268954595645,8.480384864492812,IR_014_1
0.6248,-0.46146000000000004,0.032476372900390627,0.17193532335607487,0.1749756274865824,0.28837276659862116,0.4953426949612121,3.5707830022048546,5.387782146592351,IR_014_1
0.85178,-0.8580399999999999,0.0294291113671875,0.20834582566861182,0.21041401015473737,0.0913613998195301,0.7223607007419623,4.077865325085228,7.149859211837532,IR_014_1
0.78189,-1.1324,0.0301554959375,0.19412188573326064,0.1964501475078949,-0.6303670351005172,4.052422302738532,5.764312262428711,6.5145717185512035,IR_014_1
0.94294,-0.5736899999999999,0.0278384409375,0.1921995405142012,0.19420515484327583,0.2900086277457815,1.2393731648256887,4.855380877534248,6.976150291718381,IR_014_1
0.8964200000000001,-0.8811899999999999,0.030227599101562502,0.24033630638797002,0.24222974201294312,0.03804565279833361,0.6743457768176278,3.700701610173865,8.013528735297182,IR_014_1
0.77355,-0.64671,0.028445491708984375,0.19473988544420648,0.1968064251527083,0.19134378139588554,1.2188353106884797,3.9305119000523803,6.918720908305727,IR_014_1
0.71409,-0.93147,0.030750399111328125,0.2303424927588905,0.23238599573960023,-0.1720152770578735,0.8635158704292398,4.008287990965984,7.557169822125068,IR_014_1
0.8811899999999999,-0.45103000000000004,0.0292975879296875,0.15748835561512042,0.16019029562633438,0.7423977385278415,2.645294319301885,5.500894989011071,5.4676955162003855,IR_014_1
0.6594300000000001,-0.86513,0.026861243193359377,0.19998726576184936,0.20178313322176697,-0.09511767693788632,1.3401558850548279,4.2874247311928,7.5120546080904065,IR_014_1
0.70804,-0.71221,0.032699861455078125,0.21921919091831335,0.2216446133026048,-0.13454817974650457,0.42572485097529134,3.2132971163812756,6.7781512416785255,IR_014_1
0.67028,-0.75227,0.032765444345703124,0.1846179440355252,0.18750295891818794,-0.3968988362124588,1.1620812031763466,4.012043331626517,5.722582340629689,IR_014_1
0.78606,-0.80505,0.030750912373046876,0.23325632545097338,0.235274588459241,-0.021155190965758977,0.4419971377030558,3.4217464871592815,7.650978870288087,IR_014_1
0.97757,-0.86054,0.0350023684375,0.20071003777076948,0.20373925752828836,0.2323594168242522,1.9186795749163226,4.798142523249973,5.820727590801641,IR_014_1
0.5576300000000001,-0.58225,0.033660443271484375,0.16149833137411676,0.16496889548595772,-0.03668696730155507,0.8243969614189472,3.5294532024075314,4.900972017939526,IR_014_1
0.7420399999999999,-0.63273,0.03149047167968751,0.20171423904020255,0.20415749811892084,-0.07945070700829218,0.34898709902764,3.6346448364738486,6.483151275484341,IR_014_1
0.77375,-0.67195,0.030561335966796877,0.19106543267556164,0.19349417257265142,-0.111570238021075,1.2224162884567686,3.9988284180013283,6.331338605469768,IR_014_1
0.8563700000000001,-0.9400200000000001,0.03647691489257813,0.23189146370515393,0.23474287264877527,-0.15349602644169158,1.1601507892640672,4.004466612292,6.435381580506313,IR_014_1
0.81986,-0.78001,0.03289480130859375,0.21896293810120818,0.2214200447453784,0.2225078181825784,0.8371279839849568,3.7027361151519074,6.731155964039114,IR_014_1
0.6402399999999999,-0.67362,0.032314975546875,0.18666613181654604,0.18944260981085345,-0.18179829899395594,0.9250802089404915,3.555799812496077,5.862378069068207,IR_014_1
0.7967,-0.63461,0.03555149228515625,0.20060397515142314,0.20372987863898195,0.04294718879346322,0.7471676164484071,3.910570218820069,5.73055756068747,IR_014_1
1.0581,-0.96777,0.031235439462890622,0.20154949985553527,0.203955518607505,0.09317920955075767,2.1503914314589094,5.18789588061271,6.529618778701555,IR_014_1
0.61333,-0.57015,0.03277120908203125,0.17346632723334007,0.17653475246682288,-0.01603661962358096,0.6235538544430468,3.4742734105059174,5.386885379725983,IR_014_1
0.78752,-0.8357100000000001,0.03519525754882812,0.24870713456198082,0.2511850810377869,-0.40411444365199556,0.650544985437159,3.327068603040209,7.136901145059225,IR_014_1
0.52258,-0.50297,0.03511713413085937,0.1532361217040825,0.1572085306351826,-0.2067779572625577,0.7155279226863906,3.3241198461970045,4.476690084466336,IR_014_1
1.0189,-0.8901600000000001,0.031178335048828124,0.2345711617688772,0.23663414485238124,0.006151040587285786,1.4228930324056108,4.3058029361308545,7.589697682448176,IR_014_1
0.79524,-0.8085899999999999,0.032512480332031246,0.20841792109745857,0.21093859583283284,0.1745450843083349,0.9628420784507608,3.833295623184604,6.487926703552351,IR_014_1
1.6416,-1.2753,0.010024301162109376,0.5630666680923399,0.563155892564748,0.026752720414801676,-0.5490252216971596,2.9150010126126107,56.179061989313105,IR_021_1
2.445,-1.9631,0.00782598193359375,0.6189628023325978,0.6190122750516726,0.11697824007228538,0.6336549062149235,3.949840891032509,79.09706426709744,IR_021_1
2.1742,-2.1836,0.018248293847656253,0.6065134371471268,0.6067878951234708,0.0032983309471860513,0.9100708476123263,3.5986215512045674,33.25175859931946,IR_021_1
1.8946,-1.7298,0.003457279619140626,0.6204714060207064,0.6204810379630284,-0.0011166289955558243,-0.5019294528390188,3.0534373833023616,179.47083454199358,IR_021_1
1.5506,-1.3274,0.007312221328125003,0.4989631709640417,0.49901674777430366,0.08794948621669449,0.18318440481732035,3.10731053378192,68.24419791708677,IR_021_1
2.3294,-2.5332,0.012783655859375,0.6084330605132121,0.6085673430135773,-0.034748834120753455,2.3671904002909283,4.162563149204213,47.60510624683104,IR_021_1
1.6111,-1.5175,0.009265127636718749,0.5893367141594074,0.5894095394938326,0.013887981765613922,-0.16161138759160254,2.73341350845823,63.615904603627,IR_021_1
1.7542,-1.5546,0.011449531250000002,0.5869463737067449,0.5870580357795492,0.037330254789452955,0.045193802316068066,2.988120237009435,51.273538775311025,IR_021_1
1.8832,-1.7985,0.005078509228515625,0.6366000377008381,0.6366202944115845,0.057264137427412355,-0.1869775444698205,2.9581212122407803,125.35571767424783,IR_021_1
1.9779,-1.7380000000000002,0.0116960533984375,0.5962362130872306,0.5963509197290641,0.07318247021721604,0.342591462100692,3.3166713276503943,50.98735859237555,IR_021_1
1.8579,-2.0924,0.009345487841796873,0.5719777125701205,0.5720540549807759,-0.061916479899292255,0.8349660759471584,3.657696293076045,61.21178513662279,IR_021_1
1.9535,-1.7265,0.0075449981542968746,0.597760249447345,0.597807864465248,0.01287020669484545,-0.40365662693899607,3.2677723276184656,79.23233021501356,IR_021_1
1.7593,-1.4493,0.014343827060546877,0.5797269749021366,0.5799043979863624,0.024447797480907685,-0.014690872296584612,3.033775917332494,40.428844764348966,IR_021_1
2.0914,-2.15,0.005623632324218752,0.569777307125684,0.5698050587314174,0.03872710292048251,1.586535786485352,3.773220267670879,101.32329507997856,IR_021_1
1.5244,-1.2383,0.011670336455078124,0.5260377003761244,0.5261671397664206,0.030094236824204344,-0.36244194150385844,2.897178257425089,45.08585478284255,IR_021_1
1.5285,-1.4563,0.005867843359374999,0.49878206592791413,0.49881658039504684,0.07740029609428169,0.0019838913281389203,3.0642525870435664,85.00848861099942,IR_021_1
2.3142,-2.0595,0.006574451562500001,0.6682763851475579,0.6683087238389417,0.03841798935898302,0.45797962049699326,3.4627708931343193,101.65237599414827,IR_021_1
1.8755,-1.7607,0.009098210742187501,0.599440869241,0.5995099108064144,0.050596080549109974,0.44511135201695673,3.1283886438988704,65.8931587650952,IR_021_1
1.5419,-1.6522,0.0016253529394531232,0.535631486857939,0.53563395288744,-0.009109517084275428,-0.13909751732033815,3.0845692062814956,329.5491153561684,IR_021_1
1.7868,-1.4876,0.014633205791015624,0.48835371500777314,0.4885729031307564,0.11685259799327209,0.07377217303996808,3.6571819372156584,33.387958641487,IR_021_1
1.5241,-1.4641,0.00517384091796875,0.5596592026881423,0.5596831172935016,-0.015567036284010006,-0.1610119207157661,2.72314806393848,108.17553496362585,IR_021_1
2.3496,-2.3891,0.005680272050781246,0.5882088551851489,0.5882362814454701,0.04845262650008957,2.7311144113266392,4.061463176103,103.55774734536152,IR_021_1
1.6088,-1.4607,0.011199796923828123,0.5577774708434243,0.5578899017114597,0.027233161448900575,-0.28135091571853854,2.883723100527364,49.812497109838155,IR_021_1
1.578,-2.0634,-0.004708741064453123,0.49700581831694973,0.4970281236341792,-0.1653496249141219,0.9064509743791809,4.151475334557166,-105.55437693116842,IR_021_1
2.4619,-2.2568,0.0163454265625,0.657674239868032,0.6578773280449051,0.12732548660715384,1.03250169739625,3.7421870177136882,40.24840130546478,IR_021_1
1.9793,-1.6823,0.005129892734375002,0.598049137235018,0.5980711381993078,0.08875499638804032,0.516023715039958,3.3094725196903316,116.5854828905483,IR_021_1
1.7444,-1.899,0.006523639150390625,0.6014194663569513,0.6014548465020833,0.0068129378627640865,-0.015802446436941953,3.157344242692171,92.19620221787817,IR_021_1
1.7472,-1.5212,0.008176594335937502,0.5241389909525781,0.524202764712016,0.053440745950392526,0.18725482773058966,3.3330613920489474,64.11015137413702,IR_021_1
1.3846,-1.5064,0.0027723226269531255,0.5073495758329047,0.507357150211344,-0.0041922222472155464,-0.09353315134460694,2.969111594078027,183.0079090618097,IR_021_1
2.6306,-2.3836,0.00798564716796875,0.6577651771849681,0.6578136505712417,0.07754690743387133,1.6105261093073562,3.9990048757981786,82.37448441690675,IR_021_1
1.7288,-1.676,0.003642875683593752,0.6025225616131491,0.6025335739990902,0.03542221139873749,-0.1612411300357568,2.8692177029348285,165.40048602597273,IR_021_1
2.2551,-1.8358,0.010575747509765625,0.5422080999407404,0.5423112299010028,0.119335849173802,1.158817731204401,4.15831329226457,51.27875624124701,IR_021_1
1.4165,-1.3101,0.009210603378906248,0.4050289154167788,0.405133629236448,0.024498599466439973,0.6861083986405712,3.4963772303308627,43.98556409221838,IR_021_1
1.7154,-1.9049,-0.0015870812499999996,0.601254358637493,0.6012564532771995,-0.07241161510307585,0.26795979908722645,3.1681988383641984,-378.8443925738472,IR_021_1
1.788,-1.5736,0.017384303388671876,0.569553005754895,0.5698182520494977,0.14087897701238758,-0.03348455276343687,3.137842619872488,32.77774245720226,IR_021_1
1.6581,-1.3623,0.0043425581933593735,0.4700530005207918,0.47007305933254906,0.12296505729902378,0.27286742293313626,3.527324026667241,108.2479336266465,IR_021_1
1.6983,-1.6656,0.007336077558593749,0.5815709787971045,0.5816172464885888,0.027411396323244713,-0.08041069283171254,2.919961550888018,79.28176366204,IR_021_1
2.2944,-2.2072,0.0114117029296875,0.6303277333793993,0.630431025910818,0.010337025158709117,0.9780978924532895,3.639414784584469,55.24425009579458,IR_021_1
1.7835,-1.5552,0.008544103564453122,0.5134568135951384,0.5135278971321742,0.03837876258943423,-0.10475416947297944,3.4730342917824393,60.1031849807474,IR_021_1
2.3528,-2.0632,0.011720205761718748,0.6302976644539766,0.6304066219823795,0.012672853386427103,0.5648844758854232,3.732194292104959,53.788012003461574,IR_021_1
2.4168,-2.7466,0.003896055253906251,0.6234537329595997,0.6234659063555933,-0.01970491695283876,3.743271588983209,4.405373200997627,160.02487277500063,IR_021_1
1.899,-1.9624,0.01126985537109375,0.6995079728457678,0.6995987519391961,0.01610827738878667,-0.021989724765333563,2.805036446613788,62.07698917384689,IR_021_1
1.6873,-1.6848,0.010415636474609372,0.6233424488596172,0.62342946195498,0.022393304527760765,-0.14711508806547302,2.70648100589023,59.855142181622554,IR_021_1
2.2443,-2.1404,0.006876324541015623,0.5281988395923334,0.52824359720292,0.1480429343402549,1.4656244432925796,4.248608043022364,76.82062084642071,IR_021_1
1.8725,-1.7947,0.010699121777343749,0.5389850636318967,0.5390912446192074,0.0008875971594806929,0.20917436911778164,3.473437966608457,50.38649016728515,IR_021_1
2.5478,-2.6273,0.008141108662109375,0.671559839864535,0.6716091841012363,-0.044092144176367296,1.937324443772014,3.911947689643299,82.49602474059061,IR_021_1
1.8259999999999998,-1.5321,0.010980266796874999,0.5356322819069715,0.5357448158216744,-0.0027493129338441802,-0.1691903738402334,3.408339087315508,48.791598322779365,IR_021_1
1.8268,-1.6944,0.01155268478515625,0.6290841585899576,0.629190228082557,-0.0044257533368059114,0.023265578033371703,2.9034144453637136,54.4626799156078,IR_021_1
2.0713,-2.295,0.00730997822265625,0.6547370963296498,0.6547779021101712,0.002341995670506253,0.6008434685120059,3.505005268349518,89.57315502084867,IR_021_1
1.8166,-1.6798,0.010953970019531247,0.6323520581288626,0.6324469265313868,0.0016874076136902086,-0.28321914791640523,2.872335876609736,57.73677193446246,IR_021_1
1.9449,-1.4457,0.007389621826171875,0.5516533606268987,0.5517028519064271,0.027295163091027058,-0.33059944640061056,3.5252672516628616,74.65913550451553,IR_021_1
1.8702,-1.7819999999999998,0.014128442167968748,0.542988390560698,0.5431721689867687,0.05940345858360606,-0.14494302499634104,3.443107182839572,38.44529524797323,IR_021_1
1.8404,-1.6380000000000001,0.0063326030468749996,0.5589980995122193,0.5590339677690636,0.06185500113477103,0.19989878829758023,3.2921076407080867,88.2786865610103,IR_021_1
2.1583,-2.3371,0.008898212675781253,0.6607822380010093,0.6608421477527338,-0.06806876435062893,0.6494383119052105,3.536548031040419,74.26683285336061,IR_021_1
1.855,-1.6648,0.012692887880859375,0.5001377780132525,0.500298817107126,0.01653937302606409,0.4145682093206169,3.7077840939508278,39.41567769190564,IR_021_1
2.3653,-2.0676,0.007404693945312499,0.7229031533501932,0.7229410754799291,0.05941922324535437,0.3911619521084675,3.2717742523593722,97.63279659989004,IR_021_1
2.4026,-2.7043,0.015550015869140628,0.6974952074255134,0.6976685225628934,-0.012762132075762888,1.7106254278958097,3.876196085484159,44.866094257906106,IR_021_1
2.1809,-1.9355,0.00979464150390625,0.6958817963106234,0.6959507234270902,0.026621316287025444,-0.1687291151767898,3.1336988718494787,71.05422409746295,IR_021_1
2.2768,-1.8673,0.00839551048828125,0.5257598154160456,0.5258268423185272,0.17467229920841884,1.3459926846805983,4.3299425066072486,62.631900754646665,IR_021_1
1.9065,-1.9007,0.014304657001953125,0.5295981818192094,0.5297913338269661,0.03866302489712936,0.815803741756898,3.5985866032004425,37.03628103199878,IR_021_1
2.2468,-2.406,0.008787719287109374,0.6034988251979572,0.6035628020559116,-0.1230433057289409,1.5712270534778892,3.9863291571616584,68.68252315009074,IR_021_1
2.2614,-2.1091,0.012578878173828127,0.6114614464517872,0.6115908180090867,0.0527948550887507,0.8961368403356533,3.6975702213188417,48.62045414042731,IR_021_1
1.6136,-1.294,0.008011858730468748,0.44994824643742914,0.4500195710771193,0.04438198716497751,0.11750748384491772,3.585621826517979,56.169177471457076,IR_021_1
2.3094,-2.228,0.016539838427734373,0.7234039369336306,0.723592994870937,0.009828477075187804,0.06670097231014216,3.191573181578881,43.748489701635194,IR_021_1
2.1358,-2.2482,0.010998524072265625,0.6045758110540522,0.6046758460889878,0.03389188928553642,1.2329507410757161,3.7180251383004905,54.97790313846405,IR_021_1
1.9213,-1.7407,0.011318197119140623,0.571048005558564,0.5711601581329369,0.0035483604143927254,-0.2079477319943126,3.3638550751100618,50.463877034192116,IR_021_1
1.5421,-1.2246,0.013299216396484376,0.4212022687813394,0.4214121739856458,0.10891774155229168,0.857986778821334,3.659362713126471,31.686990401182957,IR_021_1
1.6241,-1.6579,0.011345579912109374,0.4975816602992613,0.49771099128883173,0.022818668959903393,0.42711449907231147,3.331049596425001,43.86826863643575,IR_021_1
1.8106,-1.8855,0.014778194365234375,0.6014861867525572,0.6016677055342332,-0.015744837528845163,0.6695533610554398,3.133789597685048,40.713205548063954,IR_021_1
1.3643,-1.6341,0.015479398017578125,0.4821361541305109,0.48238457985589295,0.003827528666460272,0.13177642370345977,3.387546088435545,31.163004410449386,IR_021_1
1.5857,-1.3053,0.010245142988281249,0.48274683127295537,0.4828555333212301,0.04607887456237857,0.031203040021277495,3.284005022804769,47.130185175878154,IR_021_1
2.2401,-2.2249,0.017571168554687502,0.7032377527008102,0.7034572359341136,0.025810538200326177,0.07125018250373172,3.1844153167903366,40.034741782253796,IR_021_1
2.5549,-2.7189,0.010468169189453123,0.702610992103979,0.7026889701649776,0.05187078603813997,1.6411477845148577,3.8692794558770096,67.1262462730067,IR_021_1
1.9028,-1.796,0.0157902502734375,0.5118677416462678,0.5121112349302133,0.013827432926997141,0.4952919795165802,3.715599007593928,32.43211435094078,IR_021_1
1.6403,-1.3764,0.014668938837890624,0.4419867357527347,0.4422300898265376,0.09620807637457672,0.6448772193776482,3.709155107320363,30.147379068542815,IR_021_1
2.0868,-2.2785,0.010181084394531248,0.6258868567381647,0.6259696573453291,0.026606683279282305,0.7270636028134647,3.639952783051697,61.48358775986375,IR_021_1
2.1675,-2.3025,0.017962093359375,0.6713115755137231,0.6715518358373894,-0.0502954924672242,0.9988834531070268,3.4286258687689823,37.38716779910939,IR_021_1
1.8523,-1.4812,0.011329028779296875,0.481839751168372,0.4819729169767538,0.006008650131169737,0.4439465435423,3.8431619929511034,42.54317680915011,IR_021_1
1.5523,-1.5531,0.0093179025390625,0.5799530210208629,0.5800278699329481,0.02256317117883894,-0.3813543310670062,2.677629951646824,62.248752361661204,IR_021_1
1.7747,-1.9249,0.010329568847656252,0.5437519696840158,0.5438500754140109,-0.038907532868261055,0.3459872263587007,3.5393945564781943,52.64982796330177,IR_021_1
2.6344,-2.4546,0.014773221318359375,0.7207069994640607,0.7208583960422538,0.012871023618732868,1.0498551781217698,3.654531889770831,48.794933191143365,IR_021_1
1.9414,-1.7697,0.012009379394531252,0.545492275507188,0.5456244567754013,-0.0041944176558373555,0.33541984673588887,3.5581249563397512,45.43318962765672,IR_021_1
1.7194,-1.4480000000000002,0.010020319013671872,0.49990607540854215,0.500006490981374,0.07105076743643683,0.02464739283588635,3.4387553513286195,49.89925374630329,IR_021_1
1.8725,-1.7930000000000001,0.014680782958984374,0.572879100456437,0.5730671768022185,0.016487331054774,0.5477265154505853,3.2675052289353976,39.03518902010078,IR_021_1
1.9806,-1.9531,0.01283427478515625,0.6713347282832783,0.6714573970167013,-0.006582064531639128,0.4002363599043215,2.9497031469906245,52.3175135283667,IR_021_1
1.7384,-1.5771,0.004055851464843751,0.5486509111371366,0.5486659021870368,0.01037355112777744,-0.004470064375368121,3.1684126713582024,135.2775789905794,IR_021_1
1.3696,-1.0861,0.014896897333984374,0.4491797391686636,0.4494266966144846,0.04734170617926408,-0.3508052660657497,3.047438007732318,30.169145720032542,IR_021_1
2.437,-2.2278,0.010924447763671876,0.6685082898760517,0.6685975450089122,-0.08333031148327406,0.8317093881132922,3.6449430820488167,61.201947985903345,IR_021_1
2.0926,-2.006,0.01208366689453125,0.6165365737573938,0.6166549779140069,-0.00046739465847032573,0.1431452563853206,3.3934697222185486,51.03210244573908,IR_021_1
2.1696,-1.8888,0.00835948587890625,0.5345237216901767,0.5345890852362,0.07564312341073474,0.6191101704712931,4.058444244111253,63.949987957412205,IR_021_1
1.8867,-1.6877,0.01114945556640625,0.6078134486489492,0.6079157003384236,0.06300958319614869,-0.27856474323523894,3.103555305194665,54.52424490087682,IR_021_1
1.8485,-1.9399,0.01247392880859375,0.524489329410329,0.5246376421542953,-0.03127735352773085,1.065222976388573,3.697599715370553,42.058729703036576,IR_021_1
1.8721,-1.8506,0.009059104443359375,0.6011885500620411,0.601256800459683,-0.03266660869719531,0.32307370173320704,3.113644611512196,66.37043847418998,IR_021_1
2.5699,-2.1721,0.009714678857421874,0.6020372475870653,0.6021156221752698,0.04967828946088715,1.3205196574469404,4.26811712084064,61.979975769892434,IR_021_1
1.2035,-1.1505,0.013527111142578123,0.45000430561385796,0.4502075719119728,-0.007479808395429246,-0.40103892428951005,2.673211363850859,33.281868825119986,IR_021_1
2.3186,-2.1598,0.01190585123046875,0.7050571555272043,0.7051576716264487,0.028126786213809887,0.32458541191418755,3.2880589547640913,59.22781989699579,IR_021_1
1.4791,-1.3182,0.011160497070312497,0.5500754564732964,0.5501886626505147,-0.018262879826958695,-0.30060367608897387,2.6883505563094245,49.29785921598294,IR_021_1
1.875,-1.7678,0.008046164082031251,0.546856589183835,0.546915779522051,0.044663193359458425,0.3424182627850034,3.4283157787296696,67.9722294964376,IR_021_1
2.3244,-1.899,0.013401243261718751,0.6549345989029739,0.6550716923827186,0.07085996846130065,-0.29237634427258863,3.548313907439738,48.881408292359836,IR_021_1
1.9522,-2.1254,0.008051080605468747,0.5569318574783035,0.5569900481814278,-0.035092334512680526,1.179381270654381,3.8158670933593206,69.1820149733781,IR_021_1
1.6829,-1.6335,0.014326850976562496,0.5849727426356449,0.5851481592601767,0.006300284598620858,-0.02880220511937237,2.876023739443572,40.842758773345956,IR_021_1
1.8721,-1.482,0.012502197929687498,0.43656377998614543,0.43674276061414535,0.028813032935937073,1.4019028364320452,4.286504928166314,34.93327558379061,IR_021_1
1.2258,-1.1534,0.010414394990234374,0.4576169490399876,0.45773543851408227,0.08243601930733832,-0.3123969690552837,2.6779661223113314,43.952183011218594,IR_021_1
2.0951,-2.097,0.019480009785156245,0.6383396988298982,0.6386368622961526,-0.028332426472795963,0.40375831599048206,3.2835561498547046,32.78421502634862,IR_021_1
2.2291,-1.6948,0.009155327050781249,0.517178419582515,0.5172594491116375,0.07625874661531525,0.6244659584038272,4.309442774837472,56.498188403800384,IR_021_1
1.7488,-1.8669,0.006669624902343751,0.5684785571185947,0.5685176811674174,-0.021268347387672287,-0.2222211012815083,3.283802876425283,85.23981546965572,IR_021_1
2.3213,-1.8289,0.0128063668359375,0.5866706721825308,0.5868104298925156,0.13212615587858437,0.3557731270198645,3.9557919862968247,45.8217690925444,IR_021_1
2.513,-2.5368,0.013834634482421877,0.7183715870461187,0.7185047906495972,0.004565961664581699,0.7558144969980138,3.530665389406554,51.93521662081526,IR_021_1
1.5621,-1.5145,0.011363090498046876,0.5056238173750335,0.5057514849435125,-0.07391552762620829,-0.07422781441625892,3.0886711031324015,44.50826476495791,IR_021_1
1.6197,-1.7006,0.0089505251953125,0.5246298672119274,0.5247062125342871,0.010437171197618195,0.3229190262341626,3.2410517659876614,58.62294585642151,IR_021_1
1.5206,-1.2961,0.013390635585937501,0.516987540628749,0.5171609288091644,0.05436346487624643,-0.38422165219390303,2.9402839858013072,38.62108612164663,IR_021_1
3.187,-2.6369,0.00946757890625,0.7680634992960605,0.7681218484076962,0.0433244045205596,1.455642568891803,4.149081298048632,81.13180517236749,IR_021_1
1.9357,-1.6558,0.004359919980468752,0.5334069959003256,0.5334248139875442,0.08005977240827632,0.6325919018530106,3.628815056242181,122.34735821523847,IR_021_1
1.4851,-1.568,0.014676228466796875,0.5378754342564686,0.5380756215055595,0.0466136024958738,-0.090026828686951,2.9140885303418465,36.66306953859559,IR_021_1
2.135,-2.3649,0.011566009912109373,0.6322881413201283,0.6323939169847774,-0.08592549460474605,0.3843398226123571,3.7395995324182203,54.676925500967165,IR_021_1
2.3663,-2.154,0.01377576337890625,0.6008366148909436,0.6009945169885327,0.13393967507139204,0.9487891779030817,3.9373071287235106,43.62694515222608,IR_021_1
1.7015,-1.7319,0.00951904294921875,0.6067801558649558,0.6068548176707252,-0.0066806127806677265,-0.10402245504319119,2.853895110849759,63.7516562491059,IR_021_1
1.5888,-1.4622,0.006808183115234377,0.49555555031337795,0.49560231517187797,-0.021918449837879682,-0.0777207824713142,3.205796155821423,72.79508115282755,IR_021_1
1.3798,-1.2738,0.013417406318359375,0.49930233501902765,0.4994825808251628,0.07276360999662579,-0.29452372316582354,2.7624586926696484,37.22646029696872,IR_021_1
2.6012,-2.4777,0.010187833330078125,0.758753138530171,0.758821531835613,0.026071433126119162,0.5426299769163685,3.4279470039281423,74.48310477480979,IR_021_1
2.2866,-1.9858,0.010057382226562502,0.5637342669534954,0.563823974902492,0.0462736953342624,1.026114887381711,4.055521045091998,56.06070308759634,IR_021_1
1.6564,-1.3821,0.011486987392578127,0.5845583770627087,0.5846712299006556,0.03670531415966682,-0.5656124910890661,2.8330451584703464,50.898565395819354,IR_021_1
2.6146,-2.5877,0.010095435742187497,0.7253556676863554,0.7254259179733952,0.04554627853341323,1.3509933864163655,3.6042274360697193,71.85681377626152,IR_021_1
1.7937,-1.5435,0.011912770048828125,0.5766149226071146,0.5767379674197329,0.02021442220488986,-0.09950747226256951,3.110077883227896,48.413418259764796,IR_021_1
1.9036,-1.7874,0.006726339111328125,0.5383497842512637,0.5383918032819804,-0.007648056550075247,0.7038320057511234,3.535715040348195,80.04231043494977,IR_021_1
1.7079,-1.7207,0.013933619667968751,0.6143683308148121,0.6145263148679884,0.008762108995918092,-0.40924802470341604,2.800042822526803,44.10384992614947,IR_021_1
1.7653,-1.5517,0.012249294824218751,0.5247185530493322,0.5248615104366823,-0.019586531222416406,0.3388699020963921,3.3633634045062966,42.848300667124875,IR_021_1
2.2574,-2.2574,0.01061467921875,0.6750482748527806,0.675131724033638,-0.014166383984486669,0.7979044577425984,3.3436437902359377,63.603585800076274,IR_021_1
2.3188,-2.2188,0.012616508408203124,0.648983325072099,0.6491059485985721,-0.008452564619690973,0.45139207764112754,3.5722981763362673,51.44893310795854,IR_021_1
1.5753,-1.4947,0.00641044521484375,0.551766893116778,0.5518041302378901,0.02908785596618115,-0.241103782076308,2.8548173361189773,86.0788955627077,IR_021_1
2.1934,-2.4727,0.015232397382812499,0.6784122795515335,0.6785832645861052,-0.04838287621474842,1.0822358755959876,3.64391538282967,44.548681536046594,IR_021_1
1.8694,-1.8832,0.0100550880078125,0.5958079754352931,0.5958928161902505,-0.03360216425661939,0.48996309013170025,3.1602998822500514,59.26280868595591,IR_021_1
1.3237,-1.5398,0.015262782519531254,0.450300600302794,0.45055918941166334,-0.02357494523119805,0.2598446229818081,3.4175309987420914,29.520119238741636,IR_021_1
1.9393,-1.5967,0.0163377017578125,0.5465889016904198,0.5468330165140604,0.04328577398252008,-0.030034783469148785,3.54642082297113,33.47061852086709,IR_021_1
1.9345,-1.9852,0.0031310532519531267,0.5968441105703245,0.5968523232902325,-0.03245506573224349,1.2107128546379506,3.3261158903264203,190.6234371116121,IR_021_1
1.6844,-1.8064,0.020207359472656252,0.5557926970502621,0.5561599225683757,0.009685821437837725,-0.059683567208552724,3.247986637386534,27.522640738801478,IR_021_1
2.3115,-1.9122,0.009869545664062502,0.583796209293386,0.583879629647192,0.0031006092583679683,0.5835774842271464,3.958863914190422,59.1597212639203,IR_021_1
1.7668,-1.5579,0.0176320170703125,0.6480611874829013,0.648301003198141,0.04623049684963673,-0.5871325209259806,2.7252772840993638,36.76839489460953,IR_021_1
2.6649,-2.8553,0.010444700820312505,0.7970494525174894,0.7971178843393588,0.007507137716246702,1.1653010227527512,3.582029775664119,76.31791678237772,IR_021_1
1.8214,-1.4159,0.013859058525390624,0.5063634194710168,0.5065530436998589,0.015143264635641049,0.25292774948245,3.595674765076597,36.55031878402885,IR_021_1
1.2728,-1.3251,0.016342397265625003,0.4844277363752367,0.48470331721376053,0.05102880756332014,-0.32662954632060126,2.733837277787344,29.65925253659356,IR_021_1
2.2115,-1.7563,0.004161052109375001,0.6232013597901802,0.6232152510962697,0.005786100243162012,0.04040122510815802,3.548533179445332,149.77344309596612,IR_021_1
1.7747,-1.8611,0.017476068007812498,0.5915103277188309,0.5917684350749476,0.07416016104107663,0.5021105991699599,3.1449801755974214,33.861644447066645,IR_021_1
1.7743,-1.9015,0.013509285595703125,0.5832744984276004,0.5834309224863514,-0.014176516671833849,0.2697636978004234,3.2591690351916753,43.187396932708666,IR_021_1
2.4629,-1.9983,0.011287146416015626,0.6036019301822486,0.6037074538167908,0.0776428317020881,0.4989099434502431,4.079624957997951,53.4862735078816,IR_021_1
1.6545,-1.4714,0.012514365332031253,0.6192061577997,0.6193326046614457,0.036244787921549636,-0.580770416623118,2.671424021399613,49.48972950202262,IR_021_1
2.3553,-2.3246,0.008565991855468746,0.7175958967321734,0.7176470213296506,0.035834514769838045,0.29107944221519055,3.281975576731502,83.77861544344934,IR_021_1
1.3299,-1.2909,0.014254462431640627,0.5147810934164795,0.5149784110409691,-0.04662335228772048,-0.1884095435171318,2.582438348685964,36.12751988250022,IR_021_1
1.4438,-1.5225,0.007901756738281248,0.5301794756588782,0.5302383559961256,0.03196839707563956,-0.15903982974253728,2.8713501765982667,67.1038487332137,IR_021_1
2.2954,-2.5937,0.00686730765625,0.669393504592764,0.6694287295190045,0.005859604411765713,1.789486284567543,3.8744975854100536,97.48050699741758,IR_021_1
2.0177,-1.9303,0.017381076855468747,0.5894694029500185,0.5897255962283704,0.015268143653379123,1.1334194185769224,3.421421775623975,33.92917292772038,IR_021_1
1.5352,-1.6072,0.006279615722656253,0.5203146856834178,0.5203525782692521,0.031621127938031714,0.22678532586527655,3.088674994668121,82.8637480997638,IR_021_1
2.0574,-1.7294,0.015088744248046872,0.5909671524883594,0.5911597461965613,0.02225592766592401,-0.06650131621912259,3.480277555697499,39.17885393903662,IR_021_1
2.5545,-1.5917,0.011612383349609377,0.5632617417902414,0.5633814313692233,0.26291391287290145,0.8067181122636224,4.5342282390411786,48.51556875898399,IR_021_1
2.4364,-2.2727,0.0048309335937500005,0.682273779835795,0.682290882667217,-0.010224306421944825,0.7383072091824432,3.570910968214458,141.2337239154361,IR_021_1
1.7342,-1.4962,0.010064446650390626,0.4824757805816004,0.4825807413627311,0.011657821491900923,0.2686452957806895,3.593595532862128,47.949053751002516,IR_021_1
1.4943,-1.3614,0.013522838984374999,0.5373271942858155,0.5374973310568749,0.02822806636959471,-0.49027898248418866,2.780106822636064,39.7473704989431,IR_021_1
2.8933,-3.1142,0.010865936992187502,0.766556407228568,0.766633415688286,-0.03543295455181478,2.245668910230287,4.062176174699983,70.55381838544336,IR_021_1
1.8039,-1.9439,0.012730131249999999,0.6068317589231791,0.6069652707358484,-0.02437668070805109,0.8112183351848916,3.2026544030116875,47.67941595703756,IR_021_1
1.7751,-1.8638,0.010724644677734374,0.5625496068434854,0.5626518267660949,0.015573882177536202,0.6894238967283846,3.3125281177879993,52.463442026269114,IR_021_1
2.2119,-1.8237,0.011098492294921877,0.5435848766678542,0.5436981650449325,0.10963536889784688,0.6707168706377065,4.068249882265013,48.98846632575811,IR_021_1
2.5601,-2.1335,0.0055017940429687474,0.7138906553432953,0.7139118555705396,0.09713977867063651,0.03338927102086142,3.586016924131367,129.75980566250163,IR_021_1
2.4612,-2.5144,0.017911081328125,0.6460774735117348,0.6463256985558049,-0.06910246659813248,1.7809947108448254,3.890298655504573,36.08523966979413,IR_021_1
1.7668,-1.5377,0.01310345580078125,0.5615535513970442,0.5617064105389539,-0.007326343754087384,-0.1672265319272892,3.145415405103443,42.86704028401605,IR_021_1
1.5575,-1.2999,0.009088537373046875,0.5176152177503991,0.5176950020604548,0.060658902263733945,-0.21217698569955168,3.0085281696607766,56.96130453668326,IR_021_1
2.8497,-2.8449,0.012061368398437498,0.8100602914353219,0.8101500801505368,-0.002879429782804477,1.1841939836817312,3.517496407521173,67.16899660294698,IR_021_1
1.9791,-1.7278,0.008669411435546875,0.620367876673337,0.6204284496239865,0.04952157855284181,0.550140035241927,3.1898924009844336,71.56522477579523,IR_021_1
1.4276,-1.6095,0.008355595273437499,0.5427319613166472,0.5427962765227744,0.005310248936163257,-0.1437979727769707,2.96520088042142,64.96200375888526,IR_021_1
2.2927,-2.1104,0.013521448339843749,0.6994192864160382,0.6995499751811354,-0.0006976067452101,-0.13468149484521819,3.2773927211261147,51.736315952445025,IR_021_1
2.698,-2.4212,0.008611789062500002,0.6450194147312883,0.6450769010677337,0.1485771764996358,1.377981182238126,4.182447071584509,74.90625019724041,IR_021_1
2.1898,-2.2449,0.011229062304687499,0.5539914099199486,0.5541052012978538,-0.04979385547221992,2.21618846087598,4.051396721580095,49.34562984131956,IR_021_1
1.6418,-1.3931,0.012087745214843749,0.5294103216367384,0.5295483001954531,-0.08302612387039826,-0.46434221484732996,3.1003781832434236,43.80868780527241,IR_021_1
1.797,-1.4926,0.01172148109375,0.597811655689048,0.5979265580292551,0.05156159403268203,-0.16552279648495505,3.0053858168091128,51.011173608163,IR_021_1
2.6843,-3.0779,0.010407746884765624,0.7829689483938045,0.7830381187043945,-0.01685992613587816,1.9240890690529566,3.930715405224386,75.23607675494996,IR_021_1
1.6629,-1.6758,0.009164943076171876,0.5377093329199822,0.5377874328122979,-0.012839374598822754,0.5775908720196843,3.1161010738397037,58.67874679241114,IR_021_1
1.7094,-1.9397,0.019266814550781247,0.5652697009219786,0.5655979534292511,-0.014597552121810518,0.580302137504193,3.4294678486900914,29.3560683102256,IR_021_1
2.286,-1.859,0.008553396503906251,0.6424508202363386,0.6425077563843858,0.05147179005618746,-0.1667965147727073,3.557933696094475,75.11725674984227,IR_021_1
2.271,-2.0832,0.013076414306640622,0.6039251609237647,0.6040667120508413,0.09700237621821993,1.4743388502214918,3.7595185282272974,46.19513053734818,IR_021_1
2.116,-2.3695,0.006036506738281248,0.6233690077143528,0.6233982348325812,-0.03318641296655802,1.2394898306180595,3.800941138107983,103.27133863827017,IR_021_1
1.7225,-1.5225,0.013982814648437505,0.568012688485421,0.5681847704628562,-0.006358606999293516,-0.41643362282291463,3.031584242508345,40.63450343252916,IR_021_1
2.6365,-2.1352,0.016329585878906254,0.6867395943419768,0.6869337128223942,0.0880085924105119,0.4327033685893449,3.8380704672789774,42.06681515683296,IR_021_1
2.2451,-2.5276,0.008051267773437499,0.6764358954937104,0.676483808841821,-0.030820318629390484,1.3482983919678135,3.736379146444047,84.0220129122575,IR_021_1
2.1608,-1.9533,0.01330612765625,0.5926475484555986,0.5927969042797335,0.07016436573695987,0.7341721539921138,3.645093253279292,44.55066680880858,IR_021_1
1.3825,-1.3652,0.007688235214843751,0.4840107676488191,0.4840718254151113,0.013530720694942534,-0.3190389274004386,2.855981126268749,62.96266294218551,IR_021_1
2.5382,-2.0576,0.014345891162109374,0.7069782083314696,0.7071237456406126,0.05735013190430291,0.49735954648656655,3.589470742650664,49.29102614532964,IR_021_1
2.8278,-2.4792,0.007919482060546875,0.6392108422722863,0.6392598994732526,0.15357504527872792,1.9186794690262374,4.423552920973992,80.71990237063642,IR_021_1
1.9203,-2.0809,0.009233158671874998,0.6171750500335803,0.6172441118415083,-0.01910630575447468,0.5655631611551146,3.371275572674955,66.85080013526542,IR_021_1
1.6708,-1.3783,0.0173298384375,0.5339173413028889,0.5341985123942367,0.03419138911194205,-0.35508889712878533,3.1276762441436365,30.825358441480173,IR_021_1
1.9236,-1.8379,0.005514924707031248,0.6830922237034747,0.6831144856308364,0.04231487825111837,-0.5548794959535264,2.8159262285408646,123.86648921850396,IR_021_1
2.8480000000000003,-2.8624,0.014669471650390628,0.6931042561004893,0.6932594775573676,0.014309756998334323,3.285248322328872,4.128901354448823,47.25865026503915,IR_021_1
2.3565,-2.0649,0.007049435673828123,0.6492370911407348,0.6492753615040403,0.015214570507678049,0.2199336001360428,3.6294308025361675,92.10315540737498,IR_021_1
1.4094,-1.3666,0.012114810634765627,0.525661440255972,0.5258010254922474,0.08194592580294083,-0.4759046423112059,2.6804816441733985,43.4015023381269,IR_021_1
2.479,-2.0642,0.012574333281249999,0.657009519526987,0.6571298369474258,0.03650020891985569,0.8627768734044516,3.772466043762777,52.25961249712389,IR_021_1
2.6807,-2.2779,0.009586661132812502,0.6463032641572093,0.6463743600514634,0.1412538259673463,1.4706029617243983,4.147287023636395,67.42433926393444,IR_021_1
1.9099,-2.0928,0.015423609765624999,0.5994161178107518,0.5996145178608631,-0.040672585333823924,0.6728515260281824,3.4902423710084007,38.87640364973677,IR_021_1
1.6898,-1.4123,0.008986602490234374,0.5277150229546756,0.5277915350556234,0.006365335618970239,-0.2858913171756954,3.20164285435209,58.730924940570446,IR_021_1
2.5428,-1.9047,0.01489759794921875,0.6672775925512966,0.6674438732550557,0.12065386668724713,0.20867563312394566,3.809758540129023,44.80211042934924,IR_021_1
2.6465,-2.8564,0.010330456640625001,0.6988683592600744,0.6989447059026002,-0.02998152497545343,2.266878231525191,4.086732429319401,67.65863916366763,IR_021_1
1.6531,-1.6393,0.009129574218750002,0.5987163482960018,0.5987859507723232,-0.03018801514276931,-0.2545734978722769,2.7607528117636257,65.58749300214512,IR_021_1
1.4478,-1.2855,0.020313933154296873,0.48009198725178825,0.48052156257921297,0.1368787055917806,-0.06062979746033781,3.0129761278888645,23.65477602365721,IR_021_1
2.0505,-2.2036,0.01166647232421875,0.6469388443041695,0.6470440285220985,0.0029079477795545625,0.6607575346594219,3.405641501131787,55.46183585564647,IR_021_1
3.0272,-2.6311,0.0133792590234375,0.6933930195852622,0.6935220862968852,0.12506374915882681,1.6250858937662382,4.364965522293606,51.83560862723261,IR_021_1
1.7261,-1.8054,0.01831894208984375,0.5863463194732929,0.5866324147191049,0.006665814114254642,0.08627513506654338,3.0775660390108297,32.023267491034524,IR_021_1
1.85,-1.5477,0.010811659326171875,0.543194134751939,0.543301720967542,0.03316352289879701,-0.030900864370323244,3.4051060859890354,50.25146042114985,IR_021_1
2.125,-1.7818,0.015793297324218747,0.5953391516613324,0.5955485989751014,0.10647102786716481,0.2918521719038605,3.5681386877390726,37.70894380319772,IR_021_1
2.682,-3.0009,0.012807711455078127,0.7315013213976219,0.7316134366447787,-0.03701361802625997,2.3584555972311776,4.101756263062286,57.122881171079186,IR_021_1
1.9873,-1.7545,0.015786536650390624,0.7211623696430861,0.7213351357924035,0.009068183951891217,-0.535034325589161,2.7550300805212746,45.69305516935531,IR_021_1
2.2493,-1.8671,0.020253015810546875,0.5996351872218028,0.5999771182336446,0.10920956489021444,0.4304653537916594,3.7489762990846187,29.62408631988115,IR_021_1
2.0,-2.2288,0.007978335234375,0.6363301550549828,0.6363801694470143,-0.07672681016916591,0.5034663827228867,3.502309002548615,79.76351845202304,IR_021_1
2.5787,-2.261,0.016144957490234375,0.6947383320914651,0.6949259023303077,0.07611896556969187,0.7743165607931286,3.7107553303770127,43.04290424473055,IR_021_1
1.9929,-2.0234,0.014010696845703125,0.6587879523614716,0.6589369209588447,-0.023364217661065834,0.14590486042489914,3.0707036327315955,47.030985052677515,IR_021_1
1.7684,-1.6867,0.011779391748046876,0.5693573078662998,0.5694791463176809,0.05170747214067432,-0.27895052951926047,3.1052936851672066,48.34537386590709,IR_021_1
2.2343,-1.8821,0.018060071845703123,0.6248012848150449,0.6250622462616046,0.05470306183717664,0.14238008160722337,3.5745239930718267,34.610173037608774,IR_021_1
2.5614,-2.7212,0.010598476708984377,0.7065750797057209,0.7066545626893643,-0.0646520740612165,1.377840383724915,3.85082066942711,66.67510015049898,IR_021_1
2.4019999999999997,-2.0307,0.013699118232421877,0.6914199390804694,0.6915556362277628,0.03525787304364588,-0.05363000994873124,3.4733286386456057,50.481759045577874,IR_021_1
2.4035,-2.0494,0.00992684884765625,0.714879141658523,0.7149480607054409,0.057995411436430236,-0.1250441305220127,3.361782664696899,72.02164550461512,IR_021_1
2.1174,-2.2881,0.01407902861328125,0.619848705042844,0.6200085775132342,-0.030540086327285415,0.9832397282513949,3.6904328089892067,44.03773516665936,IR_021_1
2.5633,-2.1827,0.015626505859375,0.6629694929685501,0.6631536294798887,0.07377591835331657,0.5717512985002458,3.8653185056757926,42.43773963354035,IR_021_1
1.5306,-1.3956,0.014043699365234377,0.5236736093157935,0.5238618850285744,0.0438555869955062,-0.08340081070608996,2.921762473700009,37.30226873291964,IR_021_1
1.8611,-1.7549,0.015107641669921873,0.588202749371542,0.588396732830042,0.036051857722727315,0.010932237883167772,3.1630019219949945,38.94695854843678,IR_021_1
1.7868,-1.6633,0.014588017207031252,0.5667658673381651,0.5669535771345087,0.05659923717804415,0.2635677853820959,3.1515807799983317,38.86433161025558,IR_021_1
2.0703,-2.1673,0.015008327988281254,0.6226934048387541,0.6228742460069161,-0.043094958953774215,0.8620525396951728,3.4795145415217905,41.50190514168942,IR_021_1
2.1752,-1.7645,0.011168974951171876,0.6380566323777899,0.6381543795373859,0.04642899258821457,0.2152177760248981,3.4085795950633098,57.13633750553731,IR_021_1
2.2866,-1.9856,0.009550462919921877,0.6445012860903684,0.6445720433854728,0.11419608545736613,0.5458328089091422,3.547470015054744,67.49117621824861,IR_021_1
2.3999,-2.4763,0.019857962470703126,0.6143903927471536,0.6147112276292742,0.009435763607296383,2.4138356296286476,4.028395585878309,30.955401269428798,IR_021_1
1.9939,-1.8487,0.012559692578125,0.5871285968136453,0.5872629181840252,0.01788825674714196,-0.10122262979630703,3.3952424627293554,46.75774249834016,IR_021_1
1.21,-1.2771,0.015545929785156249,0.4189116960384734,0.41920005368644137,0.021649228938032002,-0.05816428028566545,3.0465167781413136,26.965259235986498,IR_021_1
2.082,-2.1508,0.007866730322265626,0.6379697602933749,0.6380182603145066,0.06292243079535004,0.4604453637435193,3.3710633855035983,81.1033495587538,IR_021_1
2.552,-2.2735,0.009220963037109377,0.6474057525542108,0.6474714160483194,0.09179445545455601,0.9750474792999357,3.9414867325479945,70.21732363802725,IR_021_1
2.146,-2.2355,0.013240266142578123,0.662787446850751,0.6629196816737782,-0.017050726195215873,0.6846419289058776,3.3722033881743805,50.06845213431967,IR_021_1
2.282,-1.8944,0.009777592871093749,0.5458605107791447,0.5459480731263932,0.09370570025385987,1.0545538780092594,4.179884696271849,55.83664859924499,IR_021_1
2.2937,-1.8598,0.010882939404296875,0.6513836898716168,0.6514745964355327,0.07367011908490838,0.13840442865594493,3.5207819445745545,59.86200164969324,IR_021_1
2.4965,-2.6056,0.01051270728515625,0.6798840612446363,0.6799653327552543,0.03938403915390161,1.5939212765356245,3.8319600583312323,64.68031969605327,IR_021_1
2.2606,-2.0442,0.010211944814453124,0.6038820155472907,0.6039683539046989,0.036046003355283074,0.4263471656426092,3.7429113324268517,59.143317530131554,IR_021_1
2.4721,-1.8946,0.012261623291015624,0.5136238810009641,0.5137702195925952,0.24525867347366964,2.807208864294733,4.8116840971215105,41.90066563767139,IR_021_1
2.2432,-2.4423,0.0086463890234375,0.6750763153449625,0.6751316846237301,-0.05009941120747865,0.6973284282759842,3.6175164816085417,78.08249255396434,IR_021_1
2.5904,-2.2787,0.014900730937499999,0.7102497169185041,0.7104060051585199,0.10270639818343254,0.7522372815917264,3.646365567779249,47.67591338051477,IR_021_1
2.0073,-2.1729,0.0077270739062500005,0.634342932012353,0.6343899928791291,0.003860967717720888,0.4504472170249336,3.42518012731141,82.09963027095885,IR_021_1
2.6719,-2.2918,0.010366168359374999,0.6065077163132437,0.6065962968844774,0.11157298537850009,1.9584977602861215,4.404741686222502,58.51691939953512,IR_021_1
2.3281,-1.8652,0.009642880322265627,0.6466327250774343,0.6467046205818993,0.10080903852454672,0.7291877719043778,3.599943347096009,67.06549619029781,IR_021_1
2.9012,-2.7009,0.007697353808593745,0.7419077926225087,0.7419477218845396,0.01852624172853031,1.6739852032761844,3.9102485397768096,96.38995997120841,IR_021_1
2.3682,-1.9535,0.0116879041015625,0.6461449998531,0.6462507005314966,0.09932779346497612,0.04748822576123679,3.6645221341931187,55.292261095198526,IR_021_1
1.6449,-1.4209,0.012622949365234375,0.46777953411668066,0.46794981716963635,0.0647025566201553,0.8917757096767667,3.515120502523003,37.071350487002235,IR_021_1
2.2107,-2.4204,0.010787520341796877,0.6150721668238673,0.615166758689489,-0.058139950744878134,1.7156332845214202,3.934542889186208,57.02577442938534,IR_021_1
2.224,-2.2122,0.008523490341796877,0.6984559561007704,0.6985079616584537,0.013570318959291105,0.4552417027107065,3.183929344965047,81.95092053806182,IR_021_1
1.7449,-1.7538,0.012608090673828122,0.5759456340039794,0.5760836200402554,0.024496108536913842,0.08538658914577146,3.044349701928861,45.69157926064972,IR_021_1
1.8771,-1.6264,0.011715654296875001,0.6629902309538692,0.6630937361307743,-0.03216320574732911,-0.3929561849470775,2.8308214885609777,56.5989455414966,IR_021_1
2.0759,-1.6606,0.014502785126953126,0.6434652545938017,0.643628669844581,0.09339097420030625,-0.11750314402203443,3.225306910700493,44.37965672322855,IR_021_1
2.3536,-2.2447,0.010867487548828124,0.6733698442707695,0.6734575335229863,0.015509390160345308,0.782658632713936,3.49480090332209,61.9699326571278,IR_021_1
1.9193,-1.6318,0.013537609765625002,0.622335359686918,0.622482583527292,0.04009354948994002,-0.3099374835416415,3.083299111825755,45.98171673748469,IR_021_1
1.9862,-1.7280000000000002,0.011255891455078125,0.522740983221525,0.5228621526098969,0.16817872129814637,0.8258021647149092,3.7987067648462607,46.45230528779673,IR_021_1
2.4535,-2.5391,0.011575482548828122,0.672870610770317,0.6729701706871246,0.01099439858216018,1.553668907261926,3.7729755445691153,58.13754283770329,IR_021_1
2.0325,-2.0146,0.009411240986328126,0.6845874663562971,0.6846521529572787,0.01902185620172315,0.13131099012987768,2.9686607838041295,72.74833161785497,IR_021_1
1.5244,-1.5586,0.008324126308593749,0.5348232615213472,0.5348880370162832,-0.07933383289021939,-0.01286157655280551,2.9138808296785146,64.25755123471862,IR_021_1
2.9315,-2.4314,0.018557254345703128,0.7567750990109583,0.7570025905978769,0.1049957002074488,0.3309387668178645,3.8725098599889947,40.79280995468753,IR_021_1
2.7047,-2.267,0.006442777197265623,0.6733641037471081,0.6733949254287263,0.09250322026587164,0.6325820248814389,4.01651377794613,104.51934007514359,IR_021_1
2.2833,-2.4521,0.01247239515625,0.6890975767161691,0.6892104401973539,-0.004473604297824513,0.8226559781627989,3.5578393091956175,55.258863779113206,IR_021_1
1.7943,-1.5467,0.0059853011718750005,0.6040679088661547,0.6040975602930764,0.07090402362198506,0.07354437513116308,2.97021559921428,100.9301690951774,IR_021_1
2.1319999999999997,-1.7179,0.014310809355468749,0.5581847481334904,0.5583681691440306,0.05952903149893428,0.6203974598102757,3.818269224497614,39.017229302508035,IR_021_1
1.8487,-1.9581,0.010146559208984376,0.5439496920476651,0.5440443181787041,0.005679812339114207,0.8783053997622701,3.599155309545317,53.61859654634233,IR_021_1
1.5707,-1.6255,0.009786822587890619,0.6502779701011062,0.6503516128181601,-0.007194932494943397,-0.6242859103631146,2.499417185200518,66.4517559734958,IR_021_1
3.2154,-2.6165,0.024781366005859375,0.6270603461679658,0.6275498337482096,0.29059824092497083,3.7437324971283887,5.123736509770746,25.32345506201615,IR_021_1
1.7361,-2.0148,0.005879824609375,0.6218401421120945,0.6218679399031816,-0.091411603778982,-0.18931774592221773,3.2399161742825457,105.76299047231154,IR_021_1
2.5839,-2.2587,0.012682653369140626,0.6525990129754342,0.652722239113233,0.12254556967584884,0.9292303306537346,3.9586516916472005,51.46574369332603,IR_021_1
2.3135,-2.2727,0.008833214550781253,0.6640383932670734,0.6640971415478436,0.007479361229130681,0.9115472479506335,3.4836770884514507,75.18181094189507,IR_021_1
1.5590000000000002,-1.6612,0.008724832666015623,0.5326022098494466,0.5326736680572487,0.06643338164056245,0.29804966085232554,3.1186073134421517,61.05258718364831,IR_021_1
2.1562,-1.9806,0.012454351914062498,0.5199552778294512,0.520104414348024,0.04340640639165162,1.4336039554347515,4.145706008969747,41.76085405133831,IR_021_1
2.2879,-2.5545,0.006814740146484374,0.659052019047958,0.6590872510483373,0.01445474704287025,1.4552800544497346,3.8758146088564516,96.71493559052509,IR_021_1
1.5335,-1.5957,0.010827042460937502,0.6336975347727641,0.6337900207683373,0.018069794449116498,-0.6411359940978114,2.5177108272355535,58.53768141367174,IR_021_1
2.9321,-2.3238,0.010885423896484375,0.6061682770808088,0.6062660081123816,0.15963281907958862,2.9676270914476586,4.83632589643746,55.695208398175176,IR_021_1
1.9937,-1.9996,0.00432604666015625,0.5834350834682803,0.5834511216043252,0.04345971718370965,0.6822165201726809,3.4271936800369383,134.8693235578574,IR_021_1
2.7431,-2.2293,0.017144135507812498,0.7725241764487915,0.772714387455154,0.09914339874558999,0.6562759188422982,3.54995330873045,45.07164225524172,IR_021_1
1.8125,-1.5135,0.0016571181250000008,0.5354637333603982,0.5354662975246303,-0.006693222955505649,0.08606197634453272,3.3849002355404614,323.130841619265,IR_021_1
1.903,-1.6219999999999999,0.013517568632812501,0.5527458393668083,0.5529111027995913,0.04936944362706288,0.42410894837912405,3.4417829320529676,40.903144412695084,IR_021_1
1.8696,-2.0092,0.012097884912109376,0.5538854288617319,0.5540175332285896,0.015419829993475265,0.32534818825502443,3.6266000187116765,45.794574130844296,IR_021_1
2.5564,-2.702,0.005084040400390624,0.7051530609296918,0.7051713882492017,0.03450309829056876,1.4080777176555284,3.831692608625016,138.70292012079622,IR_021_1
1.5563,-1.6191,0.007108695556640626,0.5597039167108808,0.5597490580019029,0.027363435835703814,-0.3849754061208639,2.8925461757578335,78.741447681996,IR_021_1
2.7598,-2.154,0.0035817738378906222,0.6028985838798128,0.6029092233065516,0.097921794225516,2.1758013599587205,4.577471846071422,168.3269470008385,IR_021_1
1.8122,-1.9443,0.01764036376953125,0.5826769820245261,0.5829439491195798,0.07424093746608763,0.4177342355612286,3.335312082064089,33.04602579003643,IR_021_1
2.3574,-2.2218,0.004501816767578126,0.7090621953190918,0.709076486131742,0.07662177827485507,0.5014194045222822,3.3246060795723578,157.50892700243813,IR_021_1
1.5953,-1.3447,0.0064343026074218735,0.48006326023597595,0.48010637787727656,0.04615844720807864,0.32731267553089527,3.3228052577234886,74.61668071172161,IR_021_1
1.9299,-1.7121,0.013798300507812502,0.5792514691886579,0.5794157899592679,0.05327297908117006,-0.03779012268724857,3.3307687331146094,41.99181976355617,IR_021_1
1.6099,-1.3276,0.006050756298828127,0.5102886428833466,0.5103245150955571,0.03134935950492764,-0.07449772324356596,3.154659337782138,84.34060232334778,IR_021_1
2.842,-2.8587,0.009530297851562503,0.7775618815301156,0.7776202840627249,0.02170699407181354,1.4975803620741823,3.6762158278438037,81.59453299150563,IR_021_1
1.8654,-1.7803,0.005139825517578127,0.5742012622372353,0.5742242657369901,0.02217580524135852,0.22812398192279515,3.248556544989072,111.72055394732722,IR_021_1
2.8217,-2.3179,0.008914263740234372,0.6908878199108177,0.6909453262011062,0.06491607503309463,1.067177443679575,4.08382528821809,77.51007473252808,IR_021_1
2.1147,-2.1925,0.011177836005859376,0.613798964273422,0.6139007351037293,-0.0022277491024928786,0.9884565034289823,3.5714242890719365,54.92124592458497,IR_021_1
2.5197,-2.2566,0.00741730650390625,0.756384682945965,0.7564210500977884,0.08433061824359005,0.45593835532895843,3.331081275888842,101.98054343836046,IR_021_1
1.9618,-1.8289,0.014118380712890628,0.5080103763343966,0.5082065240995726,0.13527619786183215,1.3563872594946105,3.8602416598559532,35.99608895937134,IR_021_1
1.6278,-1.4611,0.004924531582031252,0.6061636214375943,0.6061836247917305,-2.4474889251136302e-05,-0.38082576764657583,2.6853249258818996,123.09465206984054,IR_021_1
2.2769999999999997,-1.8669,0.013553858486328126,0.539615228829286,0.5397854224266807,0.08777922657009675,0.9075048528823264,4.218342884372619,39.825219006524755,IR_021_1
2.4984,-2.5779,0.006515151757812498,0.7574258274086885,0.7574538475895173,-0.02097890567737177,0.6282295397974873,3.403375670742716,116.26033582731174,IR_021_1
1.6485,-1.4515,0.00670549056640625,0.45299534943522235,0.45304497592808085,0.07422313107147693,0.6634269968168729,3.6387115715923564,67.5632757779884,IR_021_1
3.2742,-2.7821,0.014706422812500002,0.7694629093724162,0.7696034353950113,0.07447087328102668,1.3883357098369542,4.2543988828026285,52.331106814756176,IR_021_1
2.1262,-2.2151,0.005894472265624999,0.6460447433226953,0.6460716331632101,0.04155771401359946,0.7103250969385417,3.428567178729322,109.60633869203006,IR_021_1
2.0108,-1.9533,0.01417671865234375,0.6534786940978073,0.6536324525232231,0.022100752283281254,0.10020390764683862,3.0763466366477745,46.10604346790212,IR_021_1
1.9891,-1.7728,0.012530603203124997,0.5483719741636037,0.5485151210903144,0.06650015800561099,0.7205640245273739,3.626335756104259,43.77403612776475,IR_021_1
1.4561,-1.3906,0.0077407478515625,0.5383171367546539,0.5383727880391339,0.053688938737711196,-0.36908954396921967,2.704631492610889,69.55047868921122,IR_021_1
2.6757,-2.7971,0.021610426484375,0.8088478436581114,0.8091364808999858,0.015029363522176405,0.6287092432534798,3.456895174757104,37.441947017707825,IR_021_1
1.6791,-1.5333,0.005826920156249996,0.6435219725236143,0.6435483525883589,-0.010557120608739909,-0.4567054617716493,2.609127955401506,110.44397810292737,IR_021_1
1.8162,-1.9447,0.009138594980468748,0.5626692070571532,0.5627434144337387,0.03922721341040284,0.9456455103780712,3.4557490086331946,61.57876063636569,IR_021_1
2.8762,-2.4204,0.015786006787109376,0.6949026518891985,0.6950819330215131,0.11325542538888839,0.8876176797841597,4.1379294428777085,44.03152097702036,IR_021_1
2.2113,-2.2107,0.008162285185546878,0.6158244398897641,0.6158785299594328,0.059116809415129465,1.1264162769951156,3.590480734172005,75.45417006450731,IR_021_1
2.0574,-2.0415,0.013355597607421874,0.7155217490751451,0.7156463829203682,0.020097792960275196,-0.14123735517868585,2.8748835265950734,53.583999037128486,IR_021_1
1.9741,-1.6581,0.0090421522265625,0.4822678040595464,0.48235256332822085,0.1840986740289894,1.0216754653283324,4.092649538930837,53.34487828753527,IR_021_1
1.3319999999999999,-1.2796,0.016796815624999996,0.5072146355869919,0.5074926793253132,0.04609823349150269,-0.3708551215852718,2.6246683974755274,30.213622655734227,IR_021_1
2.407,-2.4468,0.015205862988281253,0.7235703079437903,0.7237300662588848,0.045494019818853725,0.776246093568072,3.380818499454103,47.59545835847565,IR_021_1
1.2529,-1.375,0.009063923740234374,0.47484480806903323,0.4749313070999698,-0.08875644278382978,0.36466293755681933,2.8951555236501103,52.39797556921121,IR_021_1
1.6318,-1.6426,0.011511519941406251,0.5329173527861476,0.533041668157337,0.11968811798053632,0.29900278185945783,3.0815602138510427,46.305060023825185,IR_021_1
2.6482,-2.097,0.010947746689453128,0.5484726895402463,0.5485819394849668,0.15671597914453572,2.9021411296432174,4.827355413229413,50.10911422570153,IR_021_1
2.5704,-2.7932,0.0177602190625,0.7298293797621095,0.7300454430685076,0.021773896799471063,1.5773800823522226,3.8260631892086514,41.10565299863427,IR_021_1
1.5742,-1.6585,0.008478089550781248,0.5689332280724912,0.5689963936681993,-0.01014356133125143,-0.3200734430647154,2.9147812104629005,67.1137433906939,IR_021_1
1.7607,-1.5164,0.010555988818359376,0.506236089736801,0.5063461340347527,0.08445082118295405,0.45160637331312037,3.477265605827436,47.967660328176564,IR_021_1
1.3145,-1.0735,0.012839940537109375,0.4984388786927701,0.49860423169634505,0.07572318292419858,-0.7653728824895771,2.6363594887501556,38.832282082850874,IR_021_1
2.3507,-2.2132,0.0074058088671875,0.7243897119113667,0.7244275676201246,0.06288654228741827,0.2751198502779033,3.244906877960991,97.81881801068167,IR_021_1
1.7676,-1.4949,0.008708667363281247,0.5562803997600404,0.5563485634424112,0.07045553557798112,0.2637784664437497,3.177144892557673,63.884458591645185,IR_021_1
1.7597,-1.7599,0.011220303974609377,0.5641222678531703,0.5642338418679677,0.07051219688071976,0.318963412343539,3.119096846538895,50.28685433638232,IR_021_1
2.596,-2.0332,0.016010446894531252,0.5853703788353417,0.5855892885184923,0.14233456328929378,1.4767045368740366,4.433141190363286,36.57544700660837,IR_021_1
2.6738,-2.7026,0.004054334472656251,0.7774712822012797,0.7774818533417472,0.05761420841669854,0.8271070081391745,3.476093988441889,191.76554544766614,IR_021_1
1.6264,-1.7545,0.008093699150390625,0.5556163136243402,0.5556752612195708,0.021141370544777938,-0.0802681928313631,3.1574196644851233,68.65528137865996,IR_021_1
1.5458,-1.52,0.008780953642578124,0.5348159753244442,0.5348880561473679,0.042185924522725175,-0.1989701606047669,2.889950484675178,60.91456771154926,IR_021_1
1.1261,-1.1440000000000001,0.009486748115234377,0.4362709493317578,0.4363740822054343,0.08601942971807475,-0.496683833601105,2.621603903688828,45.99827368731395,IR_021_1
2.4809,-2.2443,0.009244553857421876,0.7421247485788635,0.742182325462729,0.12028878355048188,0.4679058225010788,3.3427096166841777,80.28318690400513,IR_021_1
1.8135,-1.5632,0.011240890830078124,0.5721570146777037,0.5722674261842586,0.04062741879136086,0.1319947525744194,3.168972955394313,50.909432706486726,IR_021_1
1.5112,-1.6775,0.010798767480468749,0.5471436746913191,0.547250229907505,0.04423759493470685,-0.038443727714351006,3.06532533977775,50.67709627234737,IR_021_1
3.1071,-2.9736,0.014686180634765626,0.7838698758873458,0.7840074401593904,0.06333811711023704,2.690548276967718,3.963100140229817,53.38402177346503,IR_021_1
1.6681,-1.7682,0.0026125036132812513,0.6058673044295605,0.6058729369693543,-0.001062321097709802,-0.02646257091079418,2.9184336998551297,231.91267639845066,IR_021_1
1.565,-1.7323,0.008338781816406248,0.4969691582387607,0.4970391126689367,0.016066041249142436,0.7060374037711088,3.485238791798254,59.605715080027096,IR_021_1
2.0924,-1.8008,0.004982079619140625,0.5671010202481446,0.5671229040374035,0.1338404070462403,0.27396336615415073,3.6895000738190955,113.83254254428911,IR_021_1
1.3258,-1.1468,0.0075886283398437495,0.3939562347690817,0.3940293164137817,0.04839301782645651,0.16502907411866286,3.3647242512356987,51.9236477060421,IR_021_1
2.7012,-2.7785,0.011019151660156249,0.8133238523615604,0.8133984942963436,0.026178797341951967,0.6982450824464324,3.4159148511674045,73.8167914886488,IR_021_1
1.9967,-1.7424,0.009043885771484376,0.6030841964257729,0.6031520039329786,0.030514586255291954,0.1379913889612343,3.3104424484535544,66.69168015622813,IR_021_1
1.9099,-1.8677,0.00793498240234375,0.5835821741034096,0.5836361176940542,0.0062110139612573554,0.012487245677498926,3.2724157035955854,73.55227958279863,IR_021_1
2.3480000000000003,-2.6415,0.014408048984375003,0.7354421810828509,0.7355833015991029,-0.04029680725064274,0.7029732251453233,3.5910276792126057,51.05363337834168,IR_021_1
1.9779,-1.6197,0.009715813818359374,0.6118125055336612,0.6118896460682507,0.030333520835070987,-0.029722340105910128,3.2324456043286895,62.978726695366895,IR_021_1
1.7451,-1.6708,0.011187316220703125,0.5502485496769132,0.55036226475456,0.10053681776994002,0.4068287596923956,3.170820582343933,49.195196122271895,IR_021_1
1.6804,-1.521,0.007299436601562499,0.6092054965199919,0.6092492254938616,0.007651242510989603,-0.4740011505425308,2.758148762322525,83.46522824764571,IR_021_1
2.5278,-2.2637,0.020552863652343753,0.5210435307956569,0.5214487330393243,0.2855194749902228,3.415705989875109,4.847648167479049,25.37109750196602,IR_021_1
2.3692,-2.5791,0.004036162402343749,0.6976965767123771,0.697708251178892,-0.03976186522500869,0.9744172037492462,3.6965307375190974,172.86422318128686,IR_021_1
2.3788,-2.0434,0.01227761323242188,0.6323960491997268,0.6325152194454361,0.02321107118965194,0.5863047411295033,3.7608581155166165,51.5177629359891,IR_021_1
1.6345,-1.4695,0.011744869248046876,0.5820465135269894,0.5821649988298658,0.06237164840663988,-0.2475407945160093,2.8076232691379124,49.56759730288868,IR_021_1
3.3026,-2.7821,0.011588631513671874,0.8331561444884146,0.833236735555484,0.04489617469597985,1.1946280682940777,3.9635794428035096,71.90121307000284,IR_021_1
1.5306,-1.3808,0.01191320982421875,0.5149706106070732,0.5151083908822858,0.06465772534788154,-0.03632915616851573,2.9714134425318735,43.238418129485744,IR_021_1
1.3619999999999999,-1.5506,0.014911342578124999,0.500034880616641,0.5002571638375413,0.00970222242359009,0.08688384174678054,3.099605780765895,33.5487651542964,IR_021_1
2.1590000000000003,-1.6927,0.01323023008789063,0.6016345746861601,0.6017800266259884,0.038284310322507585,-0.07008450439242386,3.5876896887342995,45.485224152795475,IR_021_1
2.5253,-2.2057,0.014462704960937496,0.5862957895019666,0.58647414488835,0.12069547295357194,1.758978369330201,4.305901662851399,40.5507894907333,IR_021_1
2.0797,-2.3267,0.009454807109374998,0.630571882610461,0.6306427614080546,0.015332083065211022,0.7271994898796033,3.689410453416921,66.70074676425588,IR_021_1
2.0572,-1.7457,0.012399866679687496,0.5802175504931963,0.5803500345429462,0.0057918307867502366,0.06267349323287563,3.5447572568430834,46.80292157420605,IR_021_1
1.739,-1.5456,0.013451820312500001,0.5802192591066924,0.5803751718569969,0.10936897811781192,-0.1398174498472602,2.9963376817782756,43.14472801669524,IR_021_1
3.4177,-3.0055,0.012812897978515623,0.9044792967271609,0.9045700462444395,0.08478327340704227,1.2570941579918955,3.7782590860831857,70.59839055636058,IR_021_1
1.4707,-1.3016,0.016493425146484372,0.4954445933521141,0.4957190516360092,-0.020937613958871167,0.1398293464340652,2.966801441621991,30.055553481328886,IR_021_1
1.4376,-1.6739,0.01168872462890625,0.5504580381490415,0.5505821265227758,0.024748221176668143,-0.2518755708889775,3.0402367173292526,47.10369154026379,IR_021_1
2.2685,-1.796,0.01380170712890625,0.6554300494265047,0.655575347927988,0.09073797162641868,0.00908902799591349,3.4603192504256053,47.49958061748555,IR_021_1
2.4535,-2.156,0.010024676025390623,0.5707495144574662,0.5708375446507067,0.06907055845270409,1.7699596383581566,4.298070473278377,56.943235498249216,IR_021_1
1.9766,-2.2124,0.014687009375000002,0.6538272084774226,0.653992145816569,0.006550249806948319,0.5128568869217549,3.3829152395319695,44.528609234850414,IR_021_1
2.4187,-2.0075,0.007577935527343748,0.5878124968178289,0.5878613412379374,0.07585438193500944,0.8639483031675512,4.114405602505206,77.57538468641637,IR_021_1
1.4678,-1.2978,0.008892143720703127,0.5296095443825676,0.5296841886643969,0.06051788321660171,-0.09085490711356359,2.7710851647846706,59.56765272062658,IR_021_1
3.4177,-2.964,0.013968160888671872,0.8677824221377062,0.8678948333120758,0.08867715997712913,1.2918879688113751,3.9379195092329247,62.133789701845835,IR_021_1
1.5164,-1.2963,0.01282027443359375,0.488037405255219,0.48820576437072055,0.008437766490778086,0.001235803340520203,3.1060673747851317,38.080754731013435,IR_021_1
1.4676,-1.38,0.009374816914062504,0.540005248328566,0.5400866184368656,0.05985509046184195,-0.5278823897567055,2.717341898842502,57.610358237115165,IR_021_1
1.6869,-1.6806,0.010611961552734375,0.5546688282901794,0.5547703333856246,0.058848021425072644,0.359018230602727,3.040717744700863,52.277826144672694,IR_021_1
1.9489,-1.7613,0.011170448027343752,0.562757957864945,0.5628688106916697,0.02363481691191193,1.0685944498735207,3.462440908997416,50.389094414543486,IR_021_1
1.8752,-1.9443,0.014370109853515627,0.5900286376157404,0.5902036032284866,0.06098034901851893,0.5245436305948719,3.2942868970473103,41.071611015728124,IR_021_1
1.8229,-1.5319,0.006119269970703124,0.5729821307098417,0.5730148057229975,0.058122214909466584,0.022730661785984818,3.181244146944379,93.64102496300409,IR_021_1
3.2183,-2.6565,0.02343712783203125,0.609042754764209,0.6094935406481281,0.34331892902063726,4.3267362556369235,5.280285647157824,26.005469569938978,IR_021_1
2.7064,-2.7312,0.0025824893554687485,0.6823593637039919,0.6823642505918579,-0.06085531563362189,2.4513590344184664,4.002554344880322,264.22722127378546,IR_021_1
1.5736,-1.4624,0.00949986364257813,0.5271006443213483,0.5271862447496218,0.01290795286661952,0.0045298082528661965,2.9849033670490615,55.494079608964924,IR_021_1
1.4349,-1.5942,0.01508851755859375,0.5588232974138947,0.5590269591841294,0.03817404122147988,-0.366737672753497,2.8517408167128666,37.04982414365209,IR_021_1
1.8677,-1.8159999999999998,0.009945611386718749,0.6332477485278694,0.6333258452025081,0.009263336626316407,-0.11599463231209484,2.9490348628576206,63.6789189621188,IR_021_1
2.5447,-2.1604,0.01469408892578125,0.6354179556855282,0.6355878339434564,0.13580425822992745,1.2228639737100204,4.003695256732508,43.25465797159015,IR_021_1
1.8095,-1.9103,0.014577328417968747,0.5566964502817524,0.5568872742845798,-0.017250682283741436,0.7466618329189334,3.430317202029443,38.20228371858927,IR_021_1
2.3027,-1.932,0.0074937601171875005,0.5834830385957813,0.5835311583537421,0.06264783247191145,0.4709478802156992,3.9461474560334175,77.86892979753115,IR_021_1
2.7692,-2.1416,0.019546496406250002,0.6608262646179114,0.6611152830865592,0.098273408334407,0.8751700568255592,4.188679443141465,33.8226982229137,IR_021_1
2.677,-2.5489,0.011112031884765625,0.65229016048623,0.6523848026431637,0.04746404581682424,2.795561407691461,4.103406432906804,58.70976169784111,IR_021_1
1.5304,-1.3956,0.016250534990234374,0.5763974806651456,0.5766265130954314,-0.0724306169680622,-0.507965410798159,2.6540576310487163,35.48353810864764,IR_021_1
1.6669999999999998,-1.3625,0.008761198281249999,0.5257759954563909,0.5258489859203705,0.09438472075610564,-0.014901079746608925,3.1701116508044813,60.02020602884237,IR_021_1
1.6808,-1.7703,0.012701301376953127,0.5901134784018095,0.5902501507396258,0.0017627144245553757,-0.180734062539877,2.9992368401472667,46.47162418640245,IR_021_1
1.9469999999999998,-1.7313,0.01848895341796875,0.5732315211516521,0.5735296140918347,0.049552025943491756,0.5449478222796311,3.394768027259137,31.020121588619524,IR_021_1
1.7545,-1.9756,0.010074476777343752,0.6157026796968206,0.6157850963349006,-0.035482846663659494,0.07023318320859451,3.2082621170118233,61.123277051613016,IR_021_1
1.8419,-1.4755,0.013716014550781249,0.5380795357340679,0.5382543226309914,0.07203341261197566,-0.1769806416579751,3.421988303920701,39.242761182224896,IR_021_1
2.367,-2.0284,0.014444286552734376,0.6029837830476114,0.6031567624029647,0.08595314141455387,0.6032889893581674,3.924352910585908,41.757460186313175,IR_021_1
2.7014,-2.8935,0.017688363193359376,0.6704967837510893,0.6707300613607647,-0.04634344649663937,3.385082641583489,4.313956034437706,37.919281513469315,IR_021_1
1.5663,-1.6391,0.01551277673828125,0.6262532892791445,0.6264453915347128,-0.02608095291586077,-0.35794050876879124,2.6165089879069927,40.382541547592645,IR_021_1
1.8041,-1.7663,0.015102472998046873,0.574524023580089,0.5747224881291069,0.047059783354349155,0.49319631305342293,3.1390802241509697,38.054856985910575,IR_021_1
2.1099,-1.8884,0.01065030388671875,0.6654941514950323,0.6655793676542058,0.016298231671248366,-0.22843163829375612,3.170020134888188,62.49392620526791,IR_021_1
2.0257,-1.7403,0.01586814115234375,0.5902188792461026,0.5904321496346182,0.05546577734685545,0.053197234450490516,3.430876854898066,37.20865013472358,IR_021_1
1.3604,-1.405,0.013452997294921875,0.5086666255156118,0.5088444939759659,0.008599245323777161,-0.2196640338998006,2.761157905552977,37.82387262830772,IR_021_1
2.4715,-1.9758,0.01209359052734375,0.5915542828106091,0.5916778890945792,0.06868953361060118,0.9763965147669551,4.177103862381832,48.92491099577728,IR_021_1
2.3315,-2.1043,0.013932612597656251,0.5957871456936378,0.5959500320224577,0.09760194723844187,1.2251986545144433,3.9122407430291064,42.773742905114986,IR_021_1
2.4003,-2.4297,0.018021558984375,0.6767938856617342,0.6770337807357443,0.011604906506800823,1.1610625938249948,3.5887426381751006,37.56798974798764,IR_021_1
1.7165,-1.4549,0.011763316796874998,0.5517931147616214,0.5519184877501347,-0.005383804685145739,-0.3601644013881149,3.1100606973452853,46.91860725693864,IR_021_1
1.8629,-1.7469,0.013792371757812498,0.5300863756588807,0.5302657778679233,0.07684355746234103,0.364620659662219,3.5131439256313097,38.44630559071582,IR_021_1
2.2268,-2.3256,0.014921374970703123,0.6342990976734798,0.6344745800584977,-0.012395367131734177,0.9288815376420563,3.6653950677112834,42.52118446075185,IR_021_1
2.0065,-1.811,0.015194181591796876,0.6139118147021976,0.6140998122334755,0.02663780753993741,-0.02823371601614566,3.2673841560625028,40.41677191407581,IR_021_1
1.7361,-1.8709,0.0114057036328125,0.5479245706307159,0.5480432694379286,0.025639218667309442,0.5274862560483156,3.4137815404703495,48.04992651320203,IR_021_1
2.4131,-2.0357,0.01333558501953125,0.6374409659956254,0.6375804443027163,0.05783749763538327,0.8701969079037637,3.7847773057943868,47.810455676182386,IR_021_1
2.5424,-2.1343,0.0149795828125,0.5963236518010988,0.5965117648451157,0.11484147316843198,1.5556900370212707,4.262112074852409,39.82165140979051,IR_021_1
2.4014,-2.62,0.009727705664062499,0.7216946596193126,0.7217602164019031,0.02042725734624513,0.9524435263988433,3.6300144242240577,74.19633849243564,IR_021_1
1.6673,-1.3658,0.013293497470703125,0.5181103669720639,0.5182808789053772,-0.0010774427277159063,-0.1858303732012474,3.2169814952548506,38.98754568239433,IR_021_1
1.8185,-1.7576,0.014168493847656251,0.615957877279511,0.6161208102317208,0.06304703758130764,-0.16256207933936606,2.9515315289618886,43.485269032203476,IR_021_1
2.5891,-2.4994,0.01456247736328125,0.691768099064114,0.6919213601484882,0.06336756673589136,1.284410807689385,3.7418992177123616,47.513983738725564,IR_021_1
2.0232,-1.788,0.014304842285156251,0.6430863624257228,0.6432454415312644,0.020074732519837532,-0.24465280450689875,3.145300170395944,44.96696878872786,IR_021_1
1.5598,-1.3986,0.00871784794921875,0.4920036782523177,0.4920809082728935,0.11365235597207726,0.03247092194571444,3.169803929814682,56.44522073498319,IR_021_1
1.9641,-1.6549,0.012838073935546875,0.5404084558067953,0.5405609264919724,0.019977602812828846,0.7030318944904757,3.63344796138483,42.10607347330814,IR_021_1
2.6828,-2.2731,0.014403847050781248,0.5945835366108266,0.5947579783563232,0.11734141268941824,2.0274837279146913,4.510742340781136,41.29160320627405,IR_021_1
2.485,-2.4393,0.007210101220703127,0.6890555264029559,0.6890932477002422,0.03146309311980195,1.2499976943488305,3.6061882839327937,95.57329793765975,IR_021_1
1.4611,-1.5944,0.016387621181640624,0.5351624336393564,0.5354132838348257,0.03775111450965252,0.02879872853347587,2.9778865133909975,32.6718103395537,IR_021_1
1.6385,-1.4171,0.011261028222656252,0.515775837907701,0.5158987553057504,0.06751952651199067,0.31059462269225246,3.176010757872294,45.81275344422383,IR_021_1
2.5146,-2.4848,0.01044512943359375,0.6504758295485982,0.6505596863899742,-0.0018975197962620134,1.870447792221892,3.8652871500361474,62.28353877684826,IR_021_1
1.8398,-1.5775,0.017876423828124998,0.6227727124460787,0.6230292271605955,2.096628636560652e-05,-0.3119582473184126,2.952991475908355,34.85200386267297,IR_021_1
1.4849,-1.2116,0.010757023603515624,0.48913188689928977,0.4892501572186423,0.07062988515115663,-0.24527260503139603,3.0350526720451447,45.48192230207831,IR_021_1
1.8982,-2.0244,0.01095894365234375,0.5684104692057532,0.5685161035086691,-0.07294039960236923,1.1278019040926175,3.560848996088783,51.876902525197316,IR_021_1
2.5610000000000004,-2.2103,0.010561976835937497,0.6024920748792523,0.6025846460431841,0.11780932875599379,1.8629685504438829,4.250025307758077,57.052254360245755,IR_021_1
2.0903,-2.2286,0.013283665546874998,0.6089720707539406,0.6091169335428983,-0.04576483573598588,1.1391546973656386,3.658739190484691,45.854578733474305,IR_021_1
1.505,-1.347,0.013767035937500002,0.5505927186155671,0.5507648074005687,0.011072683963160478,-0.5333579751145958,2.7325638403995858,40.006052856613,IR_021_1
2.0534,-1.6364,0.010103760341796875,0.6172713305736286,0.6173540163643405,0.07318054297225335,0.041272187507093605,3.3261304571509025,61.10140525692078,IR_021_1
2.209,-2.3042,0.01495679853515625,0.6753127566256942,0.6754783675913059,-0.019909409686501643,0.5419015100306508,3.4112121233509733,45.1619590142651,IR_021_1
2.0909999999999997,-1.9195,0.013472611230468747,0.6517186750801915,0.6518579160381867,0.015253553335046124,0.1405343841214255,3.207754244208261,48.38392918071144,IR_021_1
2.1325,-1.7726,0.01290095021484375,0.5340706635369384,0.534226457756663,0.0987166412021329,1.2074995231244827,3.9917528700527,41.40985023972384,IR_021_1
1.5072,-1.7278,0.014821294482421875,0.5062929365302254,0.5065098304579423,-0.08874853493810272,0.4051617113693098,3.411187488753546,34.174464105291285,IR_021_1
2.401,-2.0163,0.018572097705078124,0.6527215068482042,0.6529856723660614,0.07086073246846897,0.872069332612964,3.676956628501722,35.15949827401666,IR_021_1
2.15,-2.2893,0.011987817363281254,0.6937389415336636,0.6938425086180461,-0.018131085325414985,0.36577701364543813,3.2994519192262213,57.878964094358416,IR_021_1
1.714,-1.486,0.012665906484375,0.5104289040290881,0.510586027281796,0.04681177185963532,-0.21554364114079894,3.356926952678054,40.311839314448534,IR_021_1
2.6386,-2.1951,0.014383279599609371,0.7123570580163594,0.7125022504089116,0.054763536610312434,0.484885573364902,3.7032865437019975,49.536838656145115,IR_021_1
1.9599,-2.275,0.014763173320312498,0.6723974839576085,0.6725595347023251,-0.051895714884586684,-0.003141982909485641,3.3826001702946864,45.556566637363176,IR_021_1
1.9211,-1.6917,0.014117028808593751,0.6660573404738738,0.6662069282899364,0.005290251132997115,-0.34643046911849895,2.883638574650622,47.191720731820126,IR_021_1
2.6308,-2.1794,0.019659452783203128,0.6149494318150377,0.6152636002343814,0.069720255119796,1.552691010196341,4.275890845357859,31.29606788770792,IR_021_1
2.2082,-2.4733,0.013646656318359374,0.58392154556622,0.5840809897652162,-0.03007476561330085,2.6354131335470274,4.234515485189272,42.80029725516955,IR_021_1
2.3653,-2.3584,0.012407158427734374,0.7223956466065345,0.7225021853367116,0.006587740688182961,1.0175538518320222,3.2737617196603006,58.23268327814541,IR_021_1
1.2502,-1.3122,0.012908928974609376,0.5028348720014002,0.5030005456735966,0.014678397166711413,-0.4930423774414936,2.6087446796583764,38.9653167739658,IR_021_1
2.1268,-2.2082,0.00992280828125,0.6724556233401262,0.6725288302265889,-0.028970810104055583,0.22735489633774408,3.283428007052997,67.77605123353423,IR_021_1
1.9326,-1.7599,0.014256449902343751,0.6571866855606119,0.6573413010316335,0.006128565608284713,-0.32719811488766526,2.940025210688795,46.10834109656051,IR_021_1
1.9739,-2.0782,0.012284488183593748,0.6381077557485305,0.6382259917900235,-0.008496756448728686,0.057848040244832255,3.256213353071203,51.953807948513706,IR_021_1
1.7707,-1.5523,0.015625234375,0.5577315404156895,0.5579503733520855,0.05192528341670164,-0.15880770239862052,3.173579732886116,35.708285984913395,IR_021_1
2.2664,-1.8946,0.010811305205078125,0.5767939068762615,0.5768952204081941,0.036082112640934624,0.9982661669676864,3.928616351627503,53.3603627041128,IR_021_1
2.3271,-2.4857,0.0105978773046875,0.6017911813512161,0.6018844913731018,-0.007447727967791703,2.3856629045605784,4.1298621770423365,56.79292345779108,IR_021_1
1.7213,-1.8077,0.012394898339843747,0.6708335205520979,0.6709480201932015,0.007366468810688206,-0.2086563279799747,2.694247457180394,54.13097773504466,IR_021_1
1.1146,-1.2897,0.010034337626953124,0.42921113727211696,0.42932841542347944,-0.03961735885080978,-0.14190265387310497,3.0039940303598964,42.785920565832335,IR_021_1
1.8089,-1.8744,0.012694688115234377,0.6080281334340083,0.6081606417334052,0.05528238002312757,-0.16712484331444832,3.082080404899971,47.90669832186568,IR_021_1
2.1364,-1.9322,0.012446310693359377,0.5964258624488901,0.5965557141187887,0.00463916177655415,0.312373244145824,3.5812245962216473,47.930320950991124,IR_021_1
2.4358,-2.3972,0.014450456630859376,0.7060960948427433,0.7062439457078642,0.029130057842943376,0.5491974471117618,3.4489499150462266,48.87346572330412,IR_021_1
1.8312,-1.5992,0.010634459423828124,0.4941495681027704,0.49426398552129164,0.03210422596110845,0.886172609352172,3.7049027441555595,46.4775800391168,IR_021_1
2.6632,-2.1001,0.013832806435546876,0.6294164737896487,0.6295684585584628,0.11717615558913881,1.3685835812202827,4.230199209578876,45.51270315096185,IR_021_1
2.5735,-2.7318,0.012954352041015627,0.6648380475948062,0.664964243224007,0.015379565427159838,2.873425512434988,4.108190814361646,51.331335584156164,IR_021_1
1.8225,-1.7899,0.007743472089843748,0.6966027455909406,0.6966457826792917,0.002529628179825551,-0.343644643847286,2.6161071274623655,89.96554576950805,IR_021_1
1.3404,-1.206,0.017002053515624997,0.4669759829382481,0.46728539295048716,0.009754213980986201,-0.07979755645646547,2.8684825533879765,27.484054501827934,IR_021_1
2.0505,-2.1537,0.0103795767578125,0.6192640474945559,0.6193510282004955,0.0074351234985727726,0.6650197986682,3.477349513377183,59.670156402491656,IR_021_1
2.432,-1.9036,0.013407363652343752,0.6195255319205367,0.6196705916061613,0.06062803411209938,0.8050967513230232,3.924665828939353,46.21867217565655,IR_021_1
2.6144,-2.2739,0.009995095576171877,0.67535207784733,0.6754260366526321,0.07112145781399927,1.0735728110783667,3.870742100920562,67.57573891410266,IR_021_1
1.9612,-1.7655,0.011103702734375,0.5292578891932725,0.5293743528805789,0.01578244254952068,0.6938696562914695,3.704750684696799,47.675475277833144,IR_021_1
3.2782,-2.5353,0.009445761162109375,0.7423544835531634,0.7424145753252798,0.14152690856290706,1.6147538479932075,4.415592183313622,78.59763591162536,IR_021_1
2.7683,-3.0410000000000004,0.011322663183593748,0.7308244264161285,0.7309121321663997,-0.03510203701198645,2.7254706768154433,4.160554821858026,64.55301687967332,IR_021_1
2.2589,-1.952,0.009796705566406253,0.6815436432258288,0.6816140499296436,0.019621420831668363,-0.18729131479599648,3.314045531953338,69.57583605361384,IR_021_1
1.6451,-1.7002,0.015173156103515625,0.5463720139860267,0.5465826582807842,0.02290167691805514,0.0948387922078906,3.110599963484375,36.02300131421831,IR_021_1
1.8884,-2.0661,0.0109717,0.6061719066908409,0.6062711923406054,-0.005623021945843998,0.277650374289899,3.4078808670021328,55.25772096237452,IR_021_1
2.2495,-2.3073,0.006577220146484375,0.7216542508482612,0.7216842229065425,-0.010034559521581735,0.4493702056526332,3.1971046665124185,109.72479210194928,IR_021_1
1.4935,-1.3032,0.008666307871093747,0.5462993809392218,0.5463681162976969,-0.001477728600069907,-0.40148126366515013,2.7335050357381014,63.04507771700751,IR_021_1
2.0471,-1.8435,0.0067800482421874995,0.5601545322906539,0.5601955632633372,0.02554743972081023,0.5442151256995151,3.654259566821021,82.62411425829069,IR_021_1
3.1246,-2.4377,0.010167743261718747,0.7263133414336912,0.7263845076456475,0.08150895837287299,1.1953651606157072,4.301578520480638,71.44008434402343,IR_021_1
2.7804,-2.9496,0.008413357646484376,0.7360260051824152,0.7360740892679706,-0.053784444832881036,2.2511096336142735,4.007205305822118,87.48873312033929,IR_021_1
4.7555,-4.985,0.010118478876953125,1.1849322882795337,1.1849754897980613,0.06721160492070138,3.579006115439862,4.2068380643406265,117.11003077617238,OR_007_6_1
3.2456,-3.0565,0.008570220507812499,0.8037875295751051,0.8038332173902762,0.07478879905614634,3.1175153697447993,4.037653490483395,93.79375044828336,OR_007_6_1
4.9721,-4.9275,0.005756214648437498,1.1821184890952092,1.182132503684684,0.05230977778389809,3.133987921640161,4.206042876154761,205.36626420616625,OR_007_6_1
4.4717,-4.69,0.008933715468749999,1.0786989853403248,1.0787359789338273,0.0652277803560569,3.5016354993174827,4.347681070476297,120.74884878059753,OR_007_6_1
4.0302,-3.7393,0.0071688501171874985,0.9567298951449197,0.956756753138441,0.10559387579618197,3.343749023559571,4.212355943731166,133.4602626695082,OR_007_6_1
5.3043,-5.2008,0.011403376367187499,1.245872529868313,1.245924715892996,0.09444262455042719,3.899254733696993,4.257319826857203,109.25927256236088,OR_007_6_1
4.2547,-4.1879,0.006993378486328125,0.9598317699956801,0.9598572466964518,0.12476300328023297,4.987361460754296,4.432638301383665,137.25227532310348,OR_007_6_1
4.2034,-4.1884,0.011814923828125002,1.094896269041588,1.0949600140581637,0.050185262029524044,2.268367417031981,3.8388616407848626,92.6760034436826,OR_007_6_1
4.8594,-5.0869,0.00888104130859375,1.2348077302109863,1.2348396671161537,0.07948629876594854,3.3848270919099885,4.119482173552515,139.04220070219233,OR_007_6_1
3.4564,-3.3441,0.012171017734375001,0.8040217897764902,0.8041139049339223,0.04652865411984017,3.702468190118781,4.29839600396617,66.06792105765457,OR_007_6_1
4.9855,-4.8966,0.012330443847656247,1.2539043170177946,1.2539649421261114,0.025801398992640362,2.7663648768395426,3.9757889782558355,101.69665065769816,OR_007_6_1
4.4972,-4.4571,0.007283328544921874,1.082088837844589,1.0821133488976773,0.08134226380760678,3.3861297127925702,4.155941704651594,148.57399246092808,OR_007_6_1
4.0536,-3.9292,0.009194530117187502,0.9544345495338803,0.9544788361865427,0.08732962118570343,3.842671418822893,4.246924962682821,103.80940844306006,OR_007_6_1
5.0072,-5.1407,0.0142430998046875,1.158252359746979,1.1583399305693867,0.08587596900037775,3.871937927493816,4.437989108287995,81.32638717182773,OR_007_6_1
3.968,-3.8286,0.012182057392578124,0.929473249452102,0.9295530775428402,0.0661748054356335,3.732823570720833,4.268718044826665,76.30509127334074,OR_007_6_1
4.3085,-4.1742,0.009253930996093751,1.0433960742648731,1.0434371102420257,0.06363374681024808,2.985913749024389,4.129141999628037,112.75608148865574,OR_007_6_1
4.8515,-4.7601,0.012000285908203123,1.088379089577045,1.088445244139748,0.08154758626193007,4.104133800283971,4.457275202095356,90.70160175884726,OR_007_6_1
3.9271,-3.9555,0.015121162001953122,0.9097620911792381,0.9098877469705313,0.07638537829846448,4.030816953518765,4.3472395455621715,60.17313263887215,OR_007_6_1
4.7664,-4.6846,0.007390802568359375,1.0339699824239823,1.0339963967618333,0.037687022499543206,3.521405325082025,4.609687239063161,139.90310893776896,OR_007_6_1
4.3895,-4.5147,0.015148614296874998,1.013583997187751,1.0136971933818373,0.07243628467790603,4.055233182338644,4.453696848547667,66.916822000949,OR_007_6_1
4.1579,-4.0623,0.008665440820312502,0.9538407230496782,0.9538800840842329,0.09007852829032806,3.902986563203932,4.358933649016096,110.0786438665205,OR_007_6_1
5.1624,-5.2146,0.010452386328125,1.1405820530643733,1.1406299453164,0.1020570870160751,3.8172443272568266,4.571684284495823,109.1262607774995,OR_007_6_1
4.3424,-4.1692,0.010911585966796875,0.9559140021625344,0.9559762770271575,0.11756292100001359,3.856554017243525,4.542372127644615,87.61111284143364,OR_007_6_1
4.0945,-4.1274,0.014855592089843748,0.9810673391061162,0.9811798063948804,0.004151839816943354,3.3963600242448253,4.206568428021988,66.04783804058816,OR_007_6_1
4.877,-4.768,0.008179624384765624,1.2100052811718418,1.210032927948171,0.09069521195812906,3.5890020223856514,4.030468827190814,147.93256060379383,OR_007_6_1
4.0331,-4.0853,0.006915310185546874,1.0476699790943076,1.0476928016410294,-0.0013243710079573108,2.393753619720763,3.8993300227907977,151.50334866068303,OR_007_6_1
4.7818,-4.7351,0.013567128544921871,1.0024954470621192,1.0025872472544386,0.08920208819296913,4.220902585248663,4.769460222365071,73.89825857671592,OR_007_6_1
4.8181,-5.0268,0.009905399902343754,1.144656162671235,1.1446990205676173,0.059220654730084664,3.802826674551395,4.391372671146349,115.56311873220254,OR_007_6_1
3.8219,-3.8608,0.01930563284179687,0.9609436649185131,0.9611375731946212,0.11853024636265026,3.417147424396542,4.016906740156456,49.78534147445342,OR_007_6_1
5.1274,-5.0284,0.0006013445605468695,1.2190174648153451,1.2190176131377723,0.049784355316446094,3.607332341983402,4.206173840750184,2027.1499336075346,OR_007_6_1
4.1704,-4.0231,0.009866056347656253,1.0444299602152287,1.0444765583118842,0.09660750551043847,3.635730966456183,3.9928133980790506,105.86564840513589,OR_007_6_1
4.0857,-3.8428,0.008040391826171875,0.9727056076201006,0.9727388380219572,0.01708068378765937,3.6734233861412697,4.2002023935920745,120.98150663182082,OR_007_6_1
4.9087,-5.0364,0.009521031640625,1.2703423948072026,1.27037807368043,0.07613982147019685,2.8219409182316744,3.964489076424695,133.42860187873876,OR_007_6_1
4.3645,-4.4943,0.010923055312499999,1.0327039710471095,1.0327617367785413,-0.005560143674358821,3.0593108784430774,4.351729770379746,94.5487881076546,OR_007_6_1
4.7793,-4.7609,0.007188093291015628,0.9864883212511405,0.986514509092519,0.10233594239452831,4.581434182832002,4.8446322391667405,137.24284478649088,OR_007_6_1
4.4321,-4.6211,0.011965578769531252,1.1029360248850113,1.103000929312591,0.078806878746302,3.4858980702561295,4.189570355747912,92.1811521512092,OR_007_6_1
4.2856,-3.8774,0.009684984248046875,1.0554154923256127,1.0554599283538906,0.1140600256047841,3.1167565210175896,4.060409950971297,108.9789918437656,OR_007_6_1
5.0835,-5.2217,0.013350361552734374,1.0473986457300988,1.0474837255207519,0.033025741382647016,5.089011707134826,4.9849939123579805,78.46106960639882,OR_007_6_1
4.0648,-3.9501,0.010986400390624998,1.0059605668423408,1.006020557958587,0.12153714096495363,3.6627918543912035,4.04047408753535,91.5696161271745,OR_007_6_1
4.1712,-4.0799,0.010958436201171876,1.0264384012136534,1.0264968966392523,0.018808853475501985,3.5114023043508977,4.0635290857604796,93.67183274358506,OR_007_6_1
4.6508,-4.8845,0.015094527705078126,1.2488140852287566,1.2489053063512763,0.06282518839843006,2.1321778300724166,3.9110250963375477,82.73894009894576,OR_007_6_1
4.296,-4.4129,0.011402542480468751,0.9949951804362739,0.9950605142735953,0.05382260289705803,3.341217620810233,4.43480565479644,87.26653978369123,OR_007_6_1
4.7918,-4.5631,0.008040656835937498,0.9153490547643822,0.9153843696614015,0.1179629542230896,6.037425102438698,5.234740895278488,113.84446252272001,OR_007_6_1
4.4033,-4.5961,0.009978635937499997,1.1140224152054616,1.1140671051401632,0.04242524179434274,3.251018272470983,4.125514499681992,111.64521889291991,OR_007_6_1
3.9584,-3.8979,0.020912878251953128,1.057714802865591,1.0579215248201432,0.1295327593634987,2.358392567109995,3.741676394126955,50.58708139011228,OR_007_6_1
5.2672,-5.1173,0.013487426142578123,1.0034832109870142,1.0035738465089452,0.13554979970992206,6.704213300342941,5.248442865539151,74.40810140436555,OR_007_6_1
4.4909,-4.3094,0.014787044951171877,0.9583295236604779,0.9584435990801473,0.11169016022588683,4.575292464384534,4.685617390135904,64.81643475275672,OR_007_6_1
4.8365,-4.773,0.007837229951171875,1.1309907014201936,1.1310178552402474,0.04864201178720582,3.372170166070429,4.276236642344084,144.31345232605787,OR_007_6_1
4.6733,-4.8502,0.0199218013671875,1.1397822785456146,1.1399563678739404,0.07956698535596807,2.7970603969927526,4.254724244219165,57.221547873174494,OR_007_6_1
3.839,-3.9885,0.014181953125,0.9084463236381015,0.9085570156715658,0.03815281042477568,3.6185454973080438,4.389928124281718,64.06430366813542,OR_007_6_1
4.8945,-4.6128,0.017090609375000003,0.9174128173239455,0.9175719951693534,0.1280214056747658,6.016442022628777,5.334186331354251,53.68866149517807,OR_007_6_1
4.6725,-4.8582,0.019819957910156248,1.2093013725433464,1.2094637821641383,0.06831871712075034,2.5923788108726926,4.016821394428382,61.022517132685806,OR_007_6_1
4.4676,-4.3398,0.00898111484375,1.052343412376291,1.052381735871358,0.10149842163671255,3.3279019845864095,4.245227604653989,117.17716976156314,OR_007_6_1
5.1044,-5.1607,0.022134123564453125,0.9541705695863149,0.9544272603455116,0.06551415539486333,7.899278904885891,5.407117136118536,43.120172092927454,OR_007_6_1
4.4454,-4.2351,0.018854828251953122,1.0336307286656696,1.0338026831994267,0.1255431767076013,3.769864301947109,4.300046873492597,54.82959667175654,OR_007_6_1
4.9876,-4.6695,0.016437586005859376,1.228786384974162,1.2288963235894108,0.06139954073095374,2.486542019623986,4.05860112053506,74.76135780460696,OR_007_6_1
5.0047,-5.0944,0.013189201533203123,1.0937306574650778,1.0938101782832683,0.07123384678240578,4.1571043406705215,4.657480883326725,82.93224518538243,OR_007_6_1
4.2334,-4.3273,0.016679281152343746,1.0217094856415634,1.0218456201744501,0.04525092150734338,3.4864212805452057,4.2347884164992085,61.26436442774979,OR_007_6_1
4.8845,-4.6074,0.02545072490234375,1.0626668602319789,1.062971587218279,0.1957477732563354,3.8177492023646904,4.59513692947076,41.76586519759699,OR_007_6_1
4.465,-4.609,0.005074260058593746,1.160257412928188,1.1602685087383668,0.01843854954356217,2.40963781386371,3.9723563651997242,228.65763021264766,OR_007_6_1
4.407,-4.3653,0.020128055302734378,1.0211436937396834,1.0213420494009802,0.08977031282275237,3.625418579480817,4.3149109529660565,50.742209483100055,OR_007_6_1
5.0472,-5.0422,0.015127802148437505,0.9138906120262605,0.9140158101190456,0.09979714006777245,8.320929448681314,5.522005132297028,60.41959967025688,OR_007_6_1
4.0256,-4.1512,0.015792088808593754,1.1333242484346104,1.1334342690067267,0.054122468005991006,2.5151373701307396,3.662497340913614,71.77227857391829,OR_007_6_1
4.0761,-4.102,0.017499827734374994,1.0969844930404813,1.0971240686185015,0.02730943919772295,2.4291581857939883,3.738866107847193,62.69341747690454,OR_007_6_1
4.8669,-4.9199,0.014458722236328124,1.084118055652716,1.0842144682861101,0.07024952691771849,4.160186359176034,4.537755342113685,74.98687474437422,OR_007_6_1
4.0794,-4.1867,0.016782171708984373,0.9324312664335316,0.9325822794317451,0.044436394927489825,3.813491559454026,4.489362587997855,55.56981778244274,OR_007_6_1
4.7338,-4.6929,0.010526418095703123,1.0812659826071926,1.0813172201631782,0.06215422603263308,3.8490635667214237,4.3778087570896425,102.72412777148224,OR_007_6_1
4.41,-4.6708,0.01921876025390625,1.082243006392344,1.0824136388787957,0.059645874481719895,3.0553802420838965,4.315171047292989,56.320676685589866,OR_007_6_1
3.6387,-3.3996,0.013303245546875005,0.8642906337971494,0.8643930101588968,0.06344766287723752,3.5296906893481452,4.2095435213220584,64.97609490383735,OR_007_6_1
5.0706,-5.1495,0.0115959894921875,0.9517491819405852,0.9518198213406126,0.10330901087614028,7.719744697918463,5.410162594992932,82.08180422206078,OR_007_6_1
4.3737,-4.3115,0.021302900136718747,1.1081797733874357,1.1083845107629677,0.017471404082939304,2.518766070856924,3.9460132775071948,52.02974485256849,OR_007_6_1
4.6428,-4.5022,0.012381396650390626,1.0617347401640145,1.0618069304040927,0.03317943216804177,3.5494326248835497,4.3725463289833115,85.75824477865739,OR_007_6_1
4.8089,-5.0693,0.015544252568359377,1.054204753707321,1.0543193475067325,0.026804847639713636,4.571908173616143,4.808125742148067,67.82695244066396,OR_007_6_1
4.7267,-4.5623,0.0058970835937500014,1.034614456609108,1.0346312625372729,-0.027469807138748085,3.8012006522966013,4.568487505239318,175.44792618946354,OR_007_6_1
4.1546,-3.8169,0.0264082689453125,1.008448942530687,1.0087946601563418,0.1476026189282895,2.7470930276186207,4.1183802412651005,38.199952599901536,OR_007_6_1
4.6791,-4.8719,0.012875499833984373,1.053124059875615,1.0532027648961395,0.09648499909802143,4.345712249587856,4.6257949160004745,81.79897453901387,OR_007_6_1
4.0243,-3.8173,0.017673475292968747,0.9400596026137359,0.9402257219387407,0.09209050451573945,3.672132813943067,4.280142418803191,53.19981798446761,OR_007_6_1
5.1854,-5.1536,0.01507147083007812,1.0343832815944314,1.0344930751218429,0.06721626634013154,5.613899935571379,5.012503340707967,68.63915394495885,OR_007_6_1
4.4158,-4.3949,0.013559060908203123,1.1068985591788274,1.1069816025774215,0.08082606861321741,2.638042191396649,3.989045514152631,81.64145942188719,OR_007_6_1
5.1006,-4.8778,0.017204844570312502,1.1294889368519059,1.1296199649207412,0.1022260231447764,3.9472664807408577,4.515323873407775,65.65708249482552,OR_007_6_1
5.1107,-5.0714,0.017820807353515628,1.0120141182532834,1.0121710115976952,0.10696125270619276,6.2986473929704765,5.049245568576004,56.79714362665359,OR_007_6_1
4.806,-4.4959,0.02135101787109375,1.2204876941536826,1.2206744355251753,0.10747184848233411,2.268149628736662,3.937167729735512,57.1717182629535,OR_007_6_1
4.0824,-3.9563,0.008195026015625,0.9748560285894529,0.9748904732987173,0.03668140183194435,2.731064695782825,4.1875473272386365,118.96122751516842,OR_007_6_1
4.7167,-4.8269,0.01651020546875,1.0297710541139302,1.029903398759095,0.08257068872785969,4.548374084937726,4.68675023417639,62.37980128888539,OR_007_6_1
4.6378,-4.503,0.022841084375,1.0468276594661647,1.0470768184612025,0.12066927190967286,3.718730472459889,4.429283423910088,45.84181536343487,OR_007_6_1
4.9095,-4.9621,0.007633918974609374,1.0844471065564179,1.0844739755464388,0.03200662651392927,4.213727885718484,4.575582362798648,142.05990882186723,OR_007_6_1
4.1166,-4.1266,0.01472322197265625,1.0288480384291343,1.0289533805983309,0.052062433778375744,3.0402026378240654,4.010482956564972,69.88642245718127,OR_007_6_1
4.5076,-4.4575,0.014935567568359374,1.1137390047462128,1.113839145420771,0.05997652376789239,3.6877184619003662,4.046903912907708,74.57628012772217,OR_007_6_1
4.8974,-5.1253,0.020557376591796874,1.1276117582355694,1.127799132400557,0.03762422125577033,3.9786194064381126,4.544514930195165,54.86104087763553,OR_007_6_1
4.7643,-4.5314,0.009084911718750002,1.23605353744604,1.2360869237451737,0.0884518287103253,2.2535805905669237,3.8543405844877676,136.05930645806444,OR_007_6_1
4.2497,-4.1925,0.017165967451171875,0.9038048528977685,0.9039678548267586,0.0026159572318303456,4.176437209894829,4.701162737820222,52.660463486116164,OR_007_6_1
4.5627,-4.541,0.013155548242187497,0.9969605236283138,0.9970473178955921,0.11071260735251795,4.210858888442469,4.576212094982619,75.78910614375867,OR_007_6_1
5.2292,-5.1461,0.012170743457031247,1.0761902452100378,1.0762590630891515,0.09775349247261224,4.577718097077949,4.8586814963788685,88.43001074329338,OR_007_6_1
3.4543,-3.3775,0.022693831865234375,0.7618677358001087,0.7622056526016531,0.07153958298567518,3.389300717571772,4.531978979265483,33.586466293638196,OR_007_6_1
4.3941,-4.5051,0.013670274970703127,1.0777490358103525,1.0778357298809123,0.048334572796451,3.3802744342480695,4.179764940913578,78.84520635800114,OR_007_6_1
4.3389999999999995,-4.2076,0.01701641923828125,1.0482426431190144,1.0483807501937599,0.10828471319502475,3.8789050998255963,4.138763512263373,61.60994706955192,OR_007_6_1
4.7789,-4.9734,0.009001165166015627,1.1497118819098757,1.1497471167083195,0.03306080339561421,3.0246569833673442,4.325646851729448,127.73312874161238,OR_007_6_1
4.7972,-4.5039,0.022785602929687496,1.0887571424382514,1.088995545863791,0.10170260233144883,3.290679217586396,4.405160345986265,47.79313944121237,OR_007_6_1
3.8599,-3.66,0.014374119921875001,0.7989083273406196,0.7990376279110484,0.047912915379663586,4.661058147888621,4.830686140852195,55.58862571519398,OR_007_6_1
4.8966,-4.8732,0.016511510908203124,1.064385314447843,1.064513375963264,0.12998522348381855,4.369549869840994,4.599848255517958,64.47098132996534,OR_007_6_1
5.0305,-5.1299,0.018187731416015627,1.1546272378721287,1.1547704758999868,0.0642747713567735,3.299795836367231,4.442354651957641,63.49172340379975,OR_007_6_1
2.6113,-2.4168,0.01284236953125,0.653596165195716,0.6537223214895777,0.040587599077648036,2.0912872863199032,3.994509457861801,50.903555531188076,OR_007_6_1
4.5857,-4.723,0.016359069853515627,1.083812613938745,1.0839360688247286,0.047965600343965964,3.7745193960027947,4.357268045119768,66.25902403202726,OR_007_6_1
4.9688,-5.1119,0.016836778740234374,1.2663776416994743,1.2664895611550337,0.07585685212542154,3.3571853485276444,4.036274875650528,75.22160298436046,OR_007_6_1
4.3361,-4.2614,0.014554644365234376,1.0413253171907664,1.041427027638062,-0.01009290281068763,3.30496688054083,4.163613849806245,71.5528961032361,OR_007_6_1
4.7551,-4.5427,0.01519704462890625,1.0957163049154035,1.0958216876038358,0.06939150162809855,3.412366616361978,4.339300863864427,72.10754737219958,OR_007_6_1
4.3912,-4.3732,0.013883409111328123,0.9817178794887853,0.9818160438475783,0.049011759878486806,3.9169804066511125,4.47252825317365,70.71865168388771,OR_007_6_1
4.6837,-4.6491,0.017499038544921873,1.0868234998548019,1.0869643674871026,0.0409770192878661,3.1958504431133594,4.3089728934896305,62.11565867353753,OR_007_6_1
4.854,-4.7568,0.01432464623046875,1.164526849990799,1.1646149491738123,0.023070424321495944,2.997931120658328,4.167901158469215,81.30147503365095,OR_007_6_1
3.5519,-3.3566,0.013882673408203126,0.7108014232960151,0.7109369817224307,0.07543286807460249,5.6714410405892135,4.996082756025029,51.210376388453334,OR_007_6_1
4.3436,-4.4221,0.015583364746093752,1.0465139170084103,1.0466299344797547,0.06338209805496943,3.621493997350864,4.22508457869877,67.16327855823516,OR_007_6_1
4.9137,-5.0889999999999995,0.018302280078125004,1.3552672359189846,1.3553908123532277,0.059212456589351925,2.2070777034119713,3.7546366331123697,74.05584072103444,OR_007_6_1
3.9960000000000004,-3.8336,0.012369572978515628,0.8749075331391212,0.8749949702022596,-0.016981750111679978,3.7766199902798476,4.566883389637567,70.73768035358488,OR_007_6_1
4.5427,-4.3478,0.011358727412109373,1.1228454352681736,1.1229028863579418,0.08275186302000336,3.110739102538896,4.045496766588995,98.85815080857392,OR_007_6_1
4.053999999999999,-3.8966,0.005362453291015627,0.9361371790129427,0.9361525376965064,-0.013643663596800039,3.84835759986621,4.33049084676389,174.57538785271453,OR_007_6_1
4.5147,-4.6044,0.024322395634765626,1.052672404030987,1.0529533556325235,0.1095206851047523,2.9017853882771787,4.372843270784042,43.291513227256026,OR_007_6_1
4.9429,-4.8361,0.010680509736328125,1.0397289734275972,1.039783829203471,0.059419701665924404,4.329654545470908,4.75377656049214,97.3533808328852,OR_007_6_1
2.6075,-2.32,0.012207705517578125,0.6020190656906954,0.6021428265196735,0.1311296043396274,3.2536113823268398,4.330367947320283,49.32481180249835,OR_007_6_1
4.5222,-4.6441,0.009320597031250002,1.1924302323044211,1.1924666588389776,0.07148304798963866,2.60951706201417,3.8945323642231693,127.93885701763858,OR_007_6_1
4.6775,-4.8907,0.01348675940429688,1.2209982005651094,1.2210726835297172,0.07222026646560734,2.653154111135759,4.005248878270993,90.53862061201025,OR_007_6_1
3.5569,-3.4551,0.015102951875,0.7929803248123631,0.7931241357409693,0.03057950567370837,3.631244887799787,4.484669971860493,52.51450774595424,OR_007_6_1
4.4997,-4.1833,0.011588788798828124,1.0747200397329741,1.0747825193170335,0.09589363254306643,3.4419502712203185,4.186614421932265,92.74329226557523,OR_007_6_1
4.9379,-4.7555,0.019417214423828127,1.1315363715864108,1.1317029594548742,0.09947349202778343,3.7317320503910105,4.363247400197019,58.2834837412417,OR_007_6_1
3.7685,-3.5903,0.006242324511718751,0.9236369238285741,0.9236580177072145,0.07129481063619707,2.603810663552097,4.079973240826221,147.96697416262998,OR_007_6_1
5.0589,-5.0138,0.0166831771484375,1.0576422329978379,1.0577738044688094,0.03150134953570461,4.493125320085549,4.782591489640714,63.4036150101219,OR_007_6_1
2.3596,-2.0996,0.01422210107421875,0.5793985649322207,0.5795730887510928,0.02613704349163672,2.785706293594121,4.071272530982018,40.751577068323776,OR_007_6_1
4.5468,-4.5877,0.011734574638671877,1.1972370730440238,1.1972945791712966,0.0663970249275894,2.1669128990594864,3.8317220139288017,102.03134872858571,OR_007_6_1
4.9283,-5.1211,0.01135803666015625,1.256582401493679,1.2566337321353407,0.08857267772588438,3.4155536694713193,4.075252688961878,110.63827834834399,OR_007_6_1
4.5473,-4.4033,0.015313766962890623,0.8610818394300642,0.8612180012371181,0.05317418256149841,6.62307205303259,5.280080058925658,56.23815140232508,OR_007_6_1
4.5811,-4.3298,0.016788383730468752,1.1169945587839907,1.1171207160290795,0.11893475469785128,2.849232792900536,4.10081017222846,66.54128636935808,OR_007_6_1
4.8139,-4.7835,0.003590846777343752,1.2348493579084956,1.2348545788503202,0.057978285518301524,2.4304499457242823,3.898353764524649,343.8894254001978,OR_007_6_1
3.0344,-2.7874,0.012685951142578127,0.7483136701021891,0.7484211930578929,0.07727406165885653,2.4761890972043252,4.054401484206605,58.99605994460212,OR_007_6_1
4.8786,-4.6904,0.014361029619140625,1.1125717451093906,1.1126644270342594,0.03997178106165617,3.784714021991472,4.384610379446574,77.47803458835897,OR_007_6_1
4.372,-4.5318,0.013662995566406254,0.9601819302996555,0.9602791347945763,0.1208670613800548,4.9312885554518315,4.719252799604142,70.28320106261698,OR_007_6_1
4.0548,-3.9012,0.008906771123046876,1.1008496261018295,1.1008856570327255,0.04184352685098755,2.0348780355012703,3.68321629990702,123.60096809753439,OR_007_6_1
4.94,-5.0209,0.012597353935546875,1.2101354296875297,1.210200996327139,0.08930510221107017,3.525333539118786,4.148814958084818,96.06786523988671,OR_007_6_1
4.705,-4.5606,0.009532073603515625,0.8603374840363602,0.8603902875237477,0.09297731181096175,8.178604553788505,5.468448520116156,90.26264725272063,OR_007_6_1
4.5314,-4.5172,0.011608222363281252,1.2119323256797665,1.211987917783838,0.06670323677322305,2.2067501047220786,3.7388161464076353,104.40770132125111,OR_007_6_1
4.6103,-4.4951,0.01609176005859375,1.1928145598324507,1.1929230984812333,0.06908565750234442,2.6445932639721272,3.864708464447441,74.13253864120465,OR_007_6_1
3.2222,-3.0603,0.011089112568359375,0.7378915286512102,0.7379748481301875,0.03233945378140068,3.501232172936108,4.366273462839335,66.54948960355632,OR_007_6_1
5.0297,-4.8369,0.010526327441406249,1.0976767549494046,1.097727225646544,0.044484893053140385,4.015106579234785,4.581921517393052,104.28396109402557,OR_007_6_1
4.5473,-4.6566,0.013006340332031251,1.0178660921324594,1.0179491865519796,0.029278192749385163,4.387801291026773,4.574491592452123,78.26560602750247,OR_007_6_1
3.8862,-3.7969,0.014493675126953121,0.9842417723891861,0.984348481552388,0.045835999864645004,2.506072010201356,3.9479920667152273,67.91572220396503,OR_007_6_1
4.9108,-5.1019,0.014053339521484375,1.141122072759484,1.1412086055102313,0.06461217001231193,4.059925098586192,4.470611219452155,81.2055043970209,OR_007_6_1
4.2651,-4.2422,0.004523637333984375,0.8739439868143012,0.873955694176544,-0.02983445122787231,5.567669641765727,4.880224505131723,193.19751705410377,OR_007_6_1
4.4041,-4.2964,0.01929242336914062,1.1068514076643654,1.1070195283950692,0.08945040911058276,2.10316700716523,3.9783399326357136,57.38104798097915,OR_007_6_1
4.7860000000000005,-4.8035,0.011949775390625004,1.1536569810858193,1.1537188683296866,0.07845022469525001,3.352115970902613,4.163492621725815,96.54731859541886,OR_007_6_1
3.0486,-2.9773,0.01464930171875,0.7618927589668996,0.7620335807607438,0.03516653208747905,3.595968488286365,4.000611092434993,52.01841994741486,OR_007_6_1
4.9183,-4.8548,0.011215313544921873,1.0521279943137114,1.0521877682602587,0.00684602812788026,3.8956524255698435,4.674355798165012,93.81705381920597,OR_007_6_1
4.3641,-4.6758,0.012379769531249998,0.9918261811062149,0.9919034389603584,0.001146179301274014,4.181507780040064,4.713966916161587,80.12292606365499,OR_007_6_1
3.7022,-3.4852,0.013042991279296874,0.9147895525146273,0.9148825307171539,0.02477856458326268,3.216519145430367,4.046639728765284,70.14360747336681,OR_007_6_1
4.8962,-4.9588,0.010566736162109375,1.203589441537123,1.2036358251949646,0.11143825229787205,3.7851220716359686,4.11985078217236,113.90799323664544,OR_007_6_1
4.6604,-4.4029,0.017276866406249994,1.0409933468686308,1.0411367049228324,0.10448614132824192,4.486483772483052,4.476261353084426,60.26189125849261,OR_007_6_1
4.3232,-4.1921,0.007163481767578128,1.073553914462422,1.073577814007268,0.05159422859707659,2.4137477236909337,4.02690884588625,149.86813660895137,OR_007_6_1
4.8824,-4.7618,0.015044459599609376,1.1817544839405254,1.1818502426611341,0.11243756771928444,3.473563959593127,4.131149463467814,78.5571695865135,OR_007_6_1
3.0661,-2.9130000000000003,0.008236838476562498,0.7291790257195335,0.7292255460811675,0.06384764784799743,3.7163383944863373,4.20459762041047,88.53220317770442,OR_007_6_1
4.8536,-4.574,0.01950614716796875,1.152677549668442,1.1528425839146392,0.04621415519442857,2.865708286107835,4.210115121969907,59.10149835771954,OR_007_6_1
4.6883,-4.7701,0.017481913740234375,1.0991233104483058,1.0992623294186261,0.07280376707817104,3.9083950296926577,4.339364561126577,62.87997314668797,OR_007_6_1
3.7493,-3.5498,0.008950876464843747,0.8925466331732371,0.8925915138395446,0.09122798116466686,3.437817100468332,4.200465652728043,99.7211186663392,OR_007_6_1
4.8845,-5.0535,0.01568273376953125,1.2266419396625536,1.2267421881869058,0.06687103354031484,3.518645874378697,4.119447463814298,78.22246605676497,OR_007_6_1
4.9458,-4.7509,0.007125917373046875,1.1803860732383806,1.1804075824025915,0.10401952759577981,3.755386046797468,4.189908697251378,165.64988828210178,OR_007_6_1
4.1792,-4.1187,0.014590436162109376,1.0196545195758895,1.0197589029368357,0.04427068831144809,3.0093408964583483,4.0982235937004,69.89227886777086,OR_007_6_1
4.7346,-4.5685,0.01180550546875,1.163875265076465,1.1639351367736024,0.12989975670447965,3.323462824189048,4.067752442852129,98.59256270407543,OR_007_6_1
3.8975,-3.8754,0.012775150576171873,0.9294619120991358,0.9295497030902787,0.09692201222976116,3.252346797693889,4.19289036707764,72.7623228223819,OR_007_6_1
4.6808,-4.6257,0.01529493470703125,1.036792115076606,1.0369049256863978,0.025781957897637903,3.2801927868377527,4.514203645418365,67.79400355437396,OR_007_6_1
4.5164,-4.6983,0.011220259248046874,1.0972141877615005,1.0972715561987025,0.05335528879399552,3.480110046692393,4.281802411788201,97.79377054910167,OR_007_6_1
3.7827,-3.6771,0.0124931685546875,0.8950398894009958,0.8951270763860751,0.07221988907602381,3.744720427253884,4.225880431464697,71.64931785066656,OR_007_6_1
5.1102,-5.162000000000001,0.011820905898437501,1.2136972931467493,1.2137548571305519,0.07301115219724143,3.245176235390546,4.252918095792927,102.6786580385797,OR_007_6_1
4.6328,-4.6683,0.016474888867187495,1.0914951529601136,1.0916194808167397,0.08290380789372065,3.77679164597859,4.276490185234447,66.25959199829813,OR_007_6_1
4.1988,-4.0957,0.012826660644531248,0.9694230559451634,0.9695079084882957,0.003368106711620542,3.212767149990726,4.330856879977512,75.58536549544466,OR_007_6_1
4.8715,-4.7472,0.013570233076171879,1.2117981281795158,1.2118741084308715,0.12644158556660928,3.0759986773238426,4.019806976722843,89.3038470544008,OR_007_6_1
3.2435,-3.1696,0.01115975048828125,0.8951641895452,0.8952337495174517,0.04344063542668222,2.2681582673931526,3.623076093953376,80.21986425571647,OR_007_6_1
4.9771,-4.7276,0.01799079206054687,0.986049097672285,0.9862132079927207,0.05997494559005575,5.050336838029242,5.046677487805516,54.817661715838916,OR_007_6_1
4.6725,-4.7284,0.014829012109375001,0.996051495373607,0.9961618749159891,0.05638232753085048,4.951947333149123,4.74661810928284,67.17654557107437,OR_007_6_1
4.7826,-4.6374,0.0210700957421875,1.0521552996531731,1.0523662497072221,0.11905685870721533,3.8517335679798688,4.544615524097193,49.9459619281257,OR_007_6_1
4.9604,-4.8628,0.0082450876953125,1.0605042722474791,1.0605363232469969,0.05470578752206899,3.9612685812332398,4.6772561076792805,128.62642991941777,OR_007_6_1
4.4759,-4.3361,0.011650794560546875,1.0796201168198434,1.0796829801640777,0.12108001344614137,3.6454755051580907,4.145568725344022,92.67032234435659,OR_007_6_1
4.1909,-3.93,0.015281402109375002,0.9604261182732666,0.9605476822687582,0.04544078082292902,3.5202263403721696,4.363031708887481,62.857296243920885,OR_007_6_1
4.8093,-4.7651,0.013090957031249996,1.1844303563591028,1.18450269827508,0.11637754478645199,2.8267236098280897,4.060184922282836,90.48250673842983,OR_007_6_1
4.1483,-4.0502,0.014227025517578124,0.930821198981706,0.9309299182692641,0.07443097834545465,3.6799767941366035,4.4560819392895,65.4339061728084,OR_007_6_1
4.6103,-4.3469,0.0086666111328125,0.9371349299456597,0.9371750034400107,0.054957304358470925,4.52755153027673,4.9193586877136015,108.13625775310629,OR_007_6_1
4.5665,-4.773,0.015001527675781246,1.1314183525095367,1.131517801109643,0.050951078166198406,3.52856417629674,4.218227933401529,75.42683319576537,OR_007_6_1
4.6871,-4.7309,0.011462499091796877,1.1193653711939706,1.1194240586630453,0.03151159265489497,2.9806778293204896,4.226191101720678,97.65967718195786,OR_007_6_1
4.8511,-5.0664,0.010324819755859372,0.9819550296379161,0.9820093085781783,0.0769033765510113,5.9986574448398535,5.159217891912115,95.11151155054043,OR_007_6_1
5.2342,-5.0051,0.011239585449218754,1.2519391952054526,1.2519896472306578,0.08145162111943496,3.7405763442332027,4.180705493369772,111.39107767774513,OR_007_6_1
4.5356,-4.2263,0.019714863251953124,1.1071096742479842,1.1072851966167168,0.10608715214530987,3.309894067529383,4.096144344530453,56.16499218385537,OR_007_6_1
4.6591,-4.6566,0.004767331416015624,1.1976549384950068,1.1976644267699985,0.011129476298377208,2.366424775824683,3.8901547812312085,251.22318358722003,OR_007_6_1
4.1533,-3.9617,0.010803476074218752,0.9441126734455667,0.9441744834805808,0.0702840707065098,3.6380315868347113,4.3988691372917765,87.39542621270924,OR_007_6_1
4.7922,-4.5911,0.007817188212890626,0.9639446230869363,0.96397631963123,0.05870154915805311,4.863620777816256,4.971283938657307,123.31495290425146,OR_007_6_1
4.7021,-4.7714,0.011914028681640623,1.2092425870724046,1.2093012769649212,0.05057540387983244,2.598015573961187,3.945584187283399,101.50228841786756,OR_007_6_1
4.1516,-4.0385,0.003886493652343749,1.0041602845034163,1.0041678056016792,0.04024337536017099,2.8401368479026354,4.134368750627359,258.37364911749364,OR_007_6_1
5.1562,-5.1048,0.011759633398437502,0.9753884802394963,0.9754593668429146,0.08734801979813682,7.216266838933654,5.285919813761367,82.94980386231425,OR_007_6_1
4.3536,-4.4901,0.008411427734375003,1.0129645184971459,1.01299944118972,0.09900653852624654,3.806895600399252,4.432480229499543,120.43131710192031,OR_007_6_1
4.1216,-3.8812,-0.0017244412109375003,1.0837968772885744,1.0837982491764577,0.05735069774049083,2.434663508456751,3.802921807014308,-628.4927956923746,OR_007_6_1
4.7981,-4.7739,0.01811253903320312,1.0907980342695573,1.0909484019130142,0.09734866570854385,3.5051835756859218,4.3980998433915595,60.23166269960674,OR_007_6_1
3.2953,-3.11,0.009691093261718749,0.7545152793924598,0.7545775136626381,0.0777121567473791,3.5777475933771807,4.367079506037609,77.86298360994492,OR_007_6_1
4.7413,-4.5364,0.009913482031250004,0.9290539187773154,0.9291068082419105,0.08898305691243338,5.204009104413576,5.103073137380821,93.72153110194594,OR_007_6_1
4.4054,-4.6679,0.008439003808593753,1.15045223742279,1.1504831886543951,0.0577514067371058,2.219723876239323,4.057338726871999,136.32924909378121,OR_007_6_1
4.3177,-4.2034,0.01092933818359375,0.9691163298713998,0.9691779564437808,0.06263387074023881,3.5360916855487945,4.455012587562339,88.67672053756309,OR_007_6_1
4.897,-5.008,0.0103224055078125,0.9249941460253663,0.9250517403024896,0.12102862460735465,7.918180698459901,5.413751227524468,89.61589912220231,OR_007_6_1
4.8594,-4.7914,0.004783008105468752,1.2171145586468277,1.2171239567261007,0.08515936505305516,2.9503113461456447,3.992526783449899,254.46824998398537,OR_007_6_1
4.1011,-4.0552,0.01339038720703125,1.1235670882786881,1.1236468770626309,0.0685228199849233,2.0369265977970565,3.649812125203456,83.91443621273113,OR_007_6_1
4.8649,-4.8077,0.006632157841796873,1.005261267087827,1.0052831445044035,0.12543322602596674,5.037007904296647,4.8393330990932135,151.57706087631018,OR_007_6_1
3.8987,-3.7656,0.008957652177734376,0.9326106550748101,0.932653672855902,0.06700894061927135,3.514434502484171,4.180222637071134,104.1180825323932,OR_007_6_1
4.6387,-4.6011,0.011543233203124998,1.1142115411153226,1.1142713334674657,0.0352490449851006,3.2335234835310596,4.162989620671643,96.53025433424966,OR_007_6_1
4.6554,-4.8336,0.008516941796875,1.1817864267967109,1.1818171165025952,0.047243940266133336,2.5142586394703663,4.089972914095471,138.7607202124479,OR_007_6_1
4.8131,-4.7576,0.008940771416015625,0.9752999763947049,0.975340956460368,0.020007286913366906,5.147625580278222,4.9347871256555695,109.08911569130623,OR_007_6_1
5.1253,-5.0022,0.008484567705078121,0.9143770337176023,0.9144163973154369,0.15416827944220785,8.92060087794428,5.604995721251248,107.7740577158798,OR_007_6_1
4.7797,-4.8152,0.014515004589843752,1.3328866825883399,1.3329657137299493,0.07816006345308744,2.1307914866336217,3.612395987975977,91.83363419871051,OR_007_6_1
4.1921,-4.1412,0.007232075361328125,1.0938742742219274,1.0938981811478528,0.07921164334640197,2.7835163704660575,3.832257945404822,151.2564478712121,OR_007_6_1
4.8298,-4.9032,0.010632143808593751,1.0162531975101559,1.0163088132706428,0.06610947740949136,5.042550094869926,4.824517834688659,95.58831558136612,OR_007_6_1
4.1462,-3.963,0.008528269375,0.9483235638013151,0.9483619103693272,0.10801668211991716,3.63260753778309,4.371959639346288,111.20213931647626,OR_007_6_1
4.5861,-4.4509,0.0145537443359375,1.2034353359368752,1.2035233355675723,0.046157228658677336,2.5025334228164198,3.810561757015429,82.69509379112999,OR_007_6_1
4.5623,-4.7701,0.009754947070312497,1.0941178127253162,1.0941612984908462,0.09119275169287101,3.2377611006817757,4.359594880772793,112.16474865927145,OR_007_6_1
4.1934,-4.2297,0.011270708271484377,0.9750744217580589,0.9751395576181667,0.04646559662249153,3.9360485819938997,4.337532984503006,86.51980404510414,OR_007_6_1
5.1728,-5.1616,0.011355866826171873,1.0600960611257062,1.060156882034735,0.1276929733550645,5.894947716045415,4.879277852908604,93.35762781523319,OR_007_6_1
4.6925,-4.6474,0.011933541601562498,1.1806432315856077,1.1807035401420898,0.07791761479392287,2.383397561296446,3.9743253378074597,98.93990238803826,OR_007_6_1
4.0723,-3.9425,0.012552142705078125,1.0234863482251544,1.0235633157209916,0.06338481920852802,3.0013486819412174,3.9785521163905186,81.54490099622556,OR_007_6_1
4.8127,-4.9275,0.009959993066406249,1.0190812192397798,1.0191298900871855,0.06800040620005783,5.0610518586616156,4.835006845637165,102.32233907895355,OR_007_6_1
4.6996,-4.5731,0.009505977207031252,1.0396586080460568,1.039702065443233,0.03876179392365818,3.7415886035302464,4.520141059329706,109.37349558346351,OR_007_6_1
3.6158,-3.4993,0.011394443681640627,0.9408401346884497,0.9409091307811793,0.0014288075185924006,2.3445871035969743,3.842879060122568,82.57612872501153,OR_007_6_1
4.6558,-4.7309,0.012251495898437497,1.0755923096459405,1.0756620824967469,0.04083686000055899,3.706576886451468,4.398128438831699,87.7984209940854,OR_007_6_1
4.2585,-4.3536,0.008742607812499999,0.9225174790361693,0.9225589045251323,0.016621432570242022,4.402968399035954,4.719048262313262,105.52444062304114,OR_007_6_1
5.0372,-5.1094,0.008136482646484377,1.0550292564179131,1.055060630602617,0.056446825239316996,4.970002877783696,4.842754858778987,129.67034365742123,OR_007_6_1
4.6925,-4.8795,0.01502593310546875,1.118914260902113,1.1190151482065878,0.06031131133877899,3.4508437219232144,4.360530778747453,74.47225179826376,OR_007_6_1
3.8203,-3.7310000000000003,0.009008890175781246,0.9525665829756723,0.9526091827733699,0.07138461115783688,3.6013743156260185,4.0103539469013425,105.74100232604489,OR_007_6_1
4.8356,-5.0088,0.013962897587890627,0.9931397330404234,0.9932378828118937,0.09733583284972608,6.133409150609658,5.042900680325441,71.13407553309044,OR_007_6_1
4.5364,-4.4012,0.0045935992871093696,1.1062763516875285,1.1062858886641727,0.024526900974274065,2.3743469763782024,4.100567531758976,240.83198787858157,OR_007_6_1
4.1859,-3.8895,0.00983711421875,1.0129689386253555,1.0130167024466734,0.06129447238797567,3.07640108524998,4.132113503911588,102.97904211956534,OR_007_6_1
4.6783,-4.9684,0.011809845996093752,1.1157341671370704,1.1157966679370859,0.03987037413692433,3.6863590832929143,4.452782606649046,94.48019676344232,OR_007_6_1
5.0648,-4.9191,0.019311264619140622,1.0962295393526007,1.096399620526387,0.09152693133492486,4.927601156009597,4.619483535527748,56.77513023484467,OR_007_6_1
4.0819,-3.9663,0.004092918945312499,0.954765985092683,0.9547747578751202,-0.013516899146677919,4.141478850560594,4.275249174799239,233.27472089176715,OR_007_6_1
5.0856,-5.061,0.005727291083984377,1.1171167182615662,1.117131399649411,0.11716613387548357,4.098536950439856,4.55237405111309,195.0540295951245,OR_007_6_1
4.3102,-4.1404,0.012171703876953124,1.0555016861956563,1.0555718639378098,0.11447926922111899,3.593003954177881,4.0832842776213445,86.72341916016332,OR_007_6_1
4.5807,-4.8502,0.007239641503906252,1.1058591522376953,1.1058828495808128,0.04273386868124788,3.6874088140769423,4.385817175347878,152.75379260565947,OR_007_6_1
4.3824,-4.2685,0.017089459306640627,1.125272488926118,1.12540224984375,0.03661403686684976,2.6333898704522136,3.8940743158407356,65.85358634212929,OR_007_6_1
4.9091,-4.8043,0.009944112988281247,1.0480709324872504,1.0481181063734268,0.08180069691893264,4.350768113614494,4.683727879009888,105.40085397337495,OR_007_6_1
4.6211,-4.7981,0.00992908125,1.0644636947821442,1.0645100019087292,0.08942812872960786,4.274562650235504,4.507331999595486,107.21131874083623,OR_007_6_1
5.2768,-5.152,0.00880809833984375,1.2362105695017096,1.2362419483030438,0.05996675575537745,3.185872597265192,4.268420112240085,140.3528616793477,OR_007_6_1
3.9096,-3.6233,0.014795503710937501,0.8439865089508439,0.8441161852618947,0.18009610105135795,4.042181066579696,4.631589896781119,57.052206177048234,OR_007_6_1
4.7467,-4.8603,0.010726264843750001,1.1063721722237891,1.1064241665060848,0.06439275649261474,3.59583016634286,4.392799924964826,103.15091781458857,OR_007_6_1
4.152,-4.0106,0.005891360214843751,1.0733451874196311,1.07336135550059,0.01799669744788125,2.959336353676801,3.8682219877343957,182.19241977493607,OR_007_6_1
4.9241,-4.9542,0.01941493583984375,1.059327582847186,1.059505482531604,0.12223942276664115,4.013988390564287,4.675955034688805,54.571667745900875,OR_007_6_1
4.5251,-4.4287,0.012021882099609374,1.020270398701226,1.0203412233734241,0.048006490077418376,3.6880409787326416,4.434888929219531,84.87366038408558,OR_007_6_1
4.2343,-4.0536,0.008646932333984374,0.9825061878285732,0.9825442374571357,0.0694295510343209,3.6783657875847835,4.3095260592530815,113.62921390818616,OR_007_6_1
4.4371,-4.7956,0.0063278480175781235,1.1453669763187695,1.145384456024323,0.0635762783010359,2.6981809717292853,4.18689110943485,181.00691922998809,OR_007_6_1
5.0819,-5.0276,0.015708622431640624,1.1569257334498915,1.157032373590847,0.05206892183756249,3.405196238662775,4.392184792406587,73.65587307034995,OR_007_6_1
2.8404,-2.7022,0.008205114912109374,0.6393917186080029,0.6394443632836375,0.04962125439288544,3.6875133312598773,4.441981443033076,77.93239853442229,OR_007_6_1
5.1144,-5.018,0.012376145771484371,1.1242083004610095,1.1242764214416259,0.10798678143340414,4.0581152536034475,4.549059197464,90.84220171273732,OR_007_6_1
4.8962,-4.8653,0.014531114521484376,1.1813174415538448,1.1814068101245048,0.09460468055393667,2.93753888072062,4.14438104969077,81.30186621789531,OR_007_6_1
3.8353,-3.698,0.0021791601269531254,0.9093518979600916,0.909354509013113,0.07194497771283569,3.8570968202692555,4.21760705837891,417.2956729842922,OR_007_6_1
4.3344,-4.2468,0.0136418079296875,1.0020800360117699,1.0021728880272807,0.01679295992364627,3.5503916839088783,4.325002250067863,73.46334296226198,OR_007_6_1
4.3478,-4.2764,0.010876741474609371,1.0264178083061646,1.0264754360008501,0.09378037992258821,3.7970938224880735,4.235659075002688,94.37342461652014,OR_007_6_1
4.6716,-4.8315,0.012661533232421874,1.1720410721214807,1.1721094612549912,0.037951731966695754,2.5821153883638486,4.122055282025283,92.57246710699705,OR_007_6_1
5.0522,-4.9688,0.007100719365234372,1.174841836557043,1.1748632946603743,0.07193199943544906,4.012572388341396,4.300244989065071,165.45691623241322,OR_007_6_1
3.8428,-3.6663,0.011072089814453123,0.7211888628853877,0.7212738502973597,0.1097829637842098,7.545555664328173,5.327796083398742,65.14341892462026,OR_007_6_1
5.1374,-5.1153,0.01890175888671875,1.180848774834576,1.1810000446728741,0.14738751748037243,3.517694064693532,4.350042168773134,62.4809568924161,OR_007_6_1
4.6942,-4.9245,0.0012862623730468797,1.2504389742346833,1.2504396357905405,0.034208415222666745,2.270264230217629,3.9382148926753002,972.1489875191887,OR_007_6_1
3.8645,-3.6371,0.013645923828124998,0.7845349644752992,0.7846536316881367,0.11010064323112169,4.835994037394725,4.925103050578699,57.500949299597686,OR_007_6_1
4.4162,-4.1917,0.010084292773437503,1.031384687939717,1.0314339860006787,0.011048608023943121,3.7086420394137942,4.281611868193261,102.28123150453268,OR_007_6_1
4.9575,-4.9062,0.0176001827734375,1.2892536888331598,1.2893738172475697,0.06989040783494929,2.952449008565411,3.8448896121823695,73.25911103232427,OR_007_6_1
3.5882,-3.6512,0.00591706318359375,0.9951108706475261,0.9951284623191099,0.019230974275428032,2.004468116844632,3.66907402871579,168.17942672961087,OR_007_6_1
4.9696,-4.9446,0.014245839580078124,1.1567566414865078,1.156844359267264,0.03578026880814678,3.923413651381461,4.2958242013228825,81.20576337805122,OR_007_6_1
4.2209,-4.0131,0.012653248310546875,0.8224544728232925,0.8225518005328591,0.12511911268983583,6.094252120458762,5.131470130068623,65.00715984843804,OR_007_6_1
5.0614,-5.0877,0.006738188994140624,1.2484015460108406,1.2484197304084785,0.031370339273235126,2.85488295054017,4.075312070132062,185.27523437214975,OR_007_6_1
4.7597,-4.9721,0.020594610810546875,1.237832591014566,1.2380039020020381,0.04535920363634921,2.337184731981166,4.01622320248195,60.11300010850575,OR_007_6_1
3.6755,-3.5223,0.010323963349609378,0.733941347854426,0.7340139551191214,0.07896690513545622,5.330359551656128,5.007397978415974,71.09807146388431,OR_007_6_1
4.2288,-4.175,0.0035766635449218723,1.0450399247389481,1.0450460453111623,0.0383923154988944,3.6753706853319663,4.046520260927215,292.1845289614629,OR_007_6_1
4.5268,-4.7459,0.013359976884765623,1.2667479444653784,1.266818394162961,0.050149188959120725,2.33322616495062,3.7463144031702322,94.82189305174775,OR_007_6_1
3.5578,-3.2356,0.014141736630859374,0.9040007197768514,0.9041113261496074,0.08451363041160015,2.1048104306478317,3.9351348591292172,63.932124166743286,OR_007_6_1
4.9838,-4.8206,0.010857124218750002,1.0972310461721846,1.0972847605933513,0.08964681312834853,4.067000249998654,4.5419385873573015,101.06586582407341,OR_007_6_1
5.2021,-4.998,-0.000290260517578125,0.817819948865816,0.8178200003754212,-0.08467676399085383,9.778186018435823,6.360935158410206,-2817.5475767312278,OR_007_6_1
4.8682,-3.8645,0.0234512801171875,1.1208108816259577,1.1210561961428567,0.14613747179580497,2.0793426576981133,4.342512010019818,47.80362277612338,OR_007_6_1
4.7317,-4.8624,0.01073571673828125,1.0959037389948112,1.0959563224675934,0.10889452648256442,3.7054177776555868,4.43667315556465,102.08505376027632,OR_007_6_1
3.7193,-3.4634,0.014267005009765623,0.7135509849909343,0.7136936006533066,0.17228150900340264,6.442690670253683,5.211339980327773,50.02406252333464,OR_007_6_1
4.2902,-4.3085,0.012068811171874999,1.1584653883280407,1.1585282526365683,0.0414557381721649,2.579694954756377,3.7189425346130416,95.99356060378398,OR_007_6_1
4.6867,-4.9688,0.0140662640625,1.2709109108557575,1.270988750192891,0.05883750806962498,2.567043518859097,3.909397306102446,90.35723019192118,OR_007_6_1
3.4993,-3.4522,0.008697143417968749,0.8455753671223434,0.8456200930605414,0.07680916016536002,3.1145057732294283,4.138146698001089,97.22962531396475,OR_007_6_1
4.8315,-4.7964,0.012292513642578128,1.1283366783625057,1.1284036359520406,0.04919375999256211,3.9896415259870883,4.281712537767501,91.79599689420252,OR_007_6_1
4.9992,-4.9533,0.017393162500000003,1.06972637397067,1.0698677662544045,0.18864559584858054,4.888360824538063,4.672726997682544,61.51082097597739,OR_007_6_1
3.938,-4.0552,0.0029425454101562505,1.062677588371766,1.0626816623058497,-0.002886472979253403,2.3379731818398044,3.816006373333719,361.1435519378676,OR_007_6_1
4.8582,-5.0113,0.011076286484375,1.1518720535813753,1.1519253065820105,0.0775189732452884,3.633085653321708,4.350368871154629,103.99922430751265,OR_007_6_1
4.0536,-3.8007,0.004722855341796875,0.7493933614473248,0.7494082435788256,0.06902224329579601,7.163673643892453,5.40906779358714,158.6769084942573,OR_007_6_1
4.2668,-4.1942,0.01827867421875,1.2601865815864957,1.260319138290716,0.06042166091409505,1.8347586296351652,3.385491711568607,68.9502452014629,OR_007_6_1
5.1378,-5.0856,0.01116310315429688,1.2946755738480689,1.2947236988604403,0.08317896757440797,3.179270324941199,3.9682597920728644,115.9824078468423,OR_007_6_1
3.2423,-3.0991,0.010215929560546871,0.7999987282213864,0.800063953926573,0.07265688068808802,3.310819070084075,4.052551024246014,78.31532812256553,OR_007_6_1
4.8536,-4.6946,0.007712944658203123,1.142046980310724,1.1420730251398743,0.09851774742807236,3.5573290557069273,4.249815807667591,148.07222502925578,OR_007_6_1
4.8811,-4.9408,0.012859022851562502,1.151209360760569,1.1512811762429953,0.12762979713359293,3.769812494513653,4.29156673249177,89.53099314012883,OR_007_6_1
4.1579,-4.2138,0.013635139648437503,0.9643463359047466,0.9644427264519873,0.012326742100068554,3.6813975661514515,4.3691552438086845,70.7321436073713,OR_007_6_1
5.0414,-5.1203,0.0095865595703125,1.1747303279899808,1.17476944360323,0.08279010516180121,3.5707626175569898,4.358557352272083,122.54337048067443,OR_007_6_1
4.2731,-4.3369,0.015380033271484374,0.9363576118803173,0.9364839148376457,0.08925305612419059,4.984776580566689,4.631045901221725,60.88958569968536,OR_007_6_1
4.2117,-3.9355,0.0075843592089843755,1.0703406939007685,1.0703675646826138,0.05566223564620509,2.2061987039113236,3.9348165387597858,141.1282606823796,OR_007_6_1
5.2388,-4.9212,0.008957161103515625,1.2576949614844768,1.2577268570236042,0.09352710632922659,3.347185361469988,4.165292302203251,140.41577482782802,OR_007_6_1
3.9885,-3.8173,0.008887248076171878,0.912502835160499,0.9125461124536756,0.12757776175355667,3.8315762728236304,4.370738027588424,102.68038001774433,OR_007_6_1
4.9558,-4.8686,0.01057005849609375,1.1377249731391108,1.1377740727582966,0.06525704103814754,3.0167619366891074,4.355697773662565,107.64121745755264,OR_007_6_1
5.1616,-5.1674,0.008719044658203123,1.1286901058134562,1.1287237822872975,0.10544082095427451,4.242881689125455,4.578090828342832,129.45496864388622,OR_007_6_1
3.1559,-3.2085,0.008748491308593748,0.8399819133890514,0.8400274703370768,-0.017104835523306567,2.7267488329650993,3.819517943732258,96.01968438743529,OR_007_6_1
4.9934,-5.1374,0.014462254394531247,1.1464940496857707,1.1465852618828878,0.07556750308771644,3.834440497869406,4.4806087835830954,79.28122070893986,OR_007_6_1
4.1813,-4.3616,0.006474597597656251,0.996357870121544,0.9963789067253437,0.0021061294890911153,3.8496217421927366,4.377451154558457,153.89045231097788,OR_007_6_1
4.2781,-4.107,0.011078561103515626,1.0301420365648313,1.0302016064897503,0.03928442188046691,3.0980335471708047,4.1526823185844846,92.99055210087512,OR_007_6_1
4.6178,-4.9279,0.013833949970703127,1.1946095725204133,1.1946896705543228,0.033666405859295485,3.5481880480863888,4.124836865450315,86.35925290500009,OR_007_6_1
4.2105,-4.0139,0.020018421220703127,0.9348665453456059,0.9350808493358194,0.11373768472971274,3.8049988227806644,4.502819193108132,46.71101643409016,OR_007_6_1
4.7413,-4.4838,0.0048690455761718765,1.0154837143148454,1.0154953873078387,0.01107376732980098,3.544009127316521,4.668952763931918,208.56144450896537,OR_007_6_1
5.1595,-5.1699,0.012102382138671874,1.1050767584357075,1.1051430268016,0.13496265566640514,4.691700234380449,4.678037023211553,91.31614940120623,OR_007_6_1
3.1692,-2.9643,0.012399535195312499,0.7902173436868611,0.7903146200954267,0.018164802806864062,3.2084176526029644,4.010048549534976,63.737434017426885,OR_007_6_1
4.9479,-5.0714,0.011829807587890623,1.1450790353741618,1.1451401405945854,0.08954729676507159,3.7265126224556093,4.428628266351901,96.80124002739893,OR_007_6_1
4.2163,-4.248,0.013779857060546874,1.0135955337768527,1.0136891982027785,0.026015538022870897,3.8842097257489403,4.190633582108661,73.56310883238145,OR_007_6_1
4.4012,-4.2059,0.010582705009765627,1.0528444291944217,1.0528976140779556,0.08797343594774729,3.496439675298922,4.180083549409635,99.49228610398428,OR_007_6_1
4.9037,-4.9834,0.012308635224609376,1.2519451235424945,1.2520056289262138,0.09720010458303094,3.37480174666973,3.980333539150054,101.71765629266106,OR_007_6_1
4.1938,-4.0602,0.0052554606445312495,1.0234346452804048,1.0234481389043677,0.07875321856446402,2.841410938976818,4.097716177775138,194.73991213870843,OR_007_6_1
4.9166,-4.6854,0.020056240986328123,1.0102800427746008,1.01047910301557,0.1300213703402282,4.15307735349313,4.865612738018818,50.382275189160076,OR_007_6_1
4.945,-5.1244,0.009521116142578126,1.2048236571926674,1.2048612769044056,0.1350559635270131,3.739417003638569,4.253103733993991,126.54620869186718,OR_007_6_1
3.5386,-3.6304,0.0047784501953125015,0.8922514915344546,0.8922642869305752,-0.02964072611190935,3.446263767936097,4.068749639661104,186.72667156376028,OR_007_6_1
5.0197,-5.2492,0.01962467490234375,1.187231433515194,1.1873936182208344,0.0952236778651364,3.298140562242419,4.420774977251869,60.50513262636993,OR_007_6_1
4.516,-4.6474,0.009500256865234372,1.0334330059768788,1.0334766725586568,0.020916174276505845,4.113247615536577,4.4968600829636705,108.78406536106806,OR_007_6_1
4.2126,-3.9304,0.013069112070312501,0.9862339843424732,0.986320573425464,0.043741376083836096,3.5417852601556863,4.271025170953022,75.46958757790284,OR_007_6_1
5.2488,-5.2517,0.005724362568359373,1.341483858221137,1.341496071628494,0.0753442611697128,2.7141311029010335,3.9148083301577983,234.34850977031365,OR_007_6_1
4.2213,-4.0703,0.016506964746093755,1.0505437714185661,1.05067344858023,0.08996591274721076,2.7494348467221235,4.017708833973594,63.65030767867582,OR_007_6_1
4.8406,-4.7355,0.006117545244140626,0.9645298231176342,0.9645492232349517,0.09837055008253341,5.156106018586273,5.018510075356084,157.6692982351862,OR_007_6_1
5.081,-5.2488,0.013923571777343748,1.130374067932836,1.130459817643275,0.1143047460415381,4.562270876774722,4.643066399564174,81.19035507055662,OR_007_6_1
3.7251,-3.6667,0.01633406572265625,0.8859633051531813,0.8861138638916453,0.06960070846877014,2.989048746109945,4.203861543748115,54.2494333430484,OR_007_6_1
4.9884,-5.24,0.006415328125000003,1.0403577600652065,1.0403775398204467,0.08545830923657571,5.134409457185802,5.036633139800107,162.17056359060084,OR_007_6_1
4.1721,-4.2276,0.014258921777343754,0.9503970504228295,0.9505040085673847,0.008515712301531945,4.164799956586813,4.447745572292917,66.66029569061534,OR_007_6_1
4.1846,-3.9730000000000003,0.01346349408203125,1.027683514073421,1.0277717016785357,0.07676392589282793,3.4685095683629763,4.071526769120291,76.33765938312914,OR_007_6_1
4.7935,-4.8578,0.012306220048828127,1.2341535461364976,1.2342148996399218,0.06944948344446474,2.5397626974919847,3.9359434061939327,100.29194947359176,OR_007_6_1
3.7026,-3.5589999999999997,0.0114773056640625,0.9411999496426237,0.9412699260852774,0.12988211580821857,3.0105946055414305,3.9336219010687157,82.01139462732681,OR_007_6_1
4.6182,-4.6207,0.012488910937500002,0.9685219604123074,0.968602478159799,0.06107900373513334,4.756910769649187,4.770481285581845,77.55699479723383,OR_007_6_1
4.8436,-4.8519,0.015933525000000004,1.132819048633617,1.13293109859607,0.1686264952186119,3.510732163414331,4.282608184848905,71.10360246665238,OR_007_6_1
3.9509,-3.8044,0.00870847021484375,0.9473188485524715,0.9473588751240279,0.01585260809512624,2.555359840874565,4.170436462435962,108.78589958582367,OR_007_6_1
5.1073,-5.1712,0.012314118613281253,0.9580100891419775,0.9580892277940722,0.10683311128045558,7.568762755525146,5.397409598799984,77.80411900179499,OR_007_6_1
4.2944,-4.6015,0.012194112890625,1.048728444426999,1.048799335687939,0.010915178197288931,3.8802836074454117,4.387397893033884,86.00865508516122,OR_007_6_1
4.7922,-4.6725,0.009378953740234374,1.2649481105016092,1.2649828801350844,0.06487745910729457,2.993799645358985,3.7883516618817015,134.87461184864117,OR_007_6_1
4.8649,-4.9976,0.013046864843749999,1.1441764991760173,1.1442508824331044,0.08108714918038556,3.1739007241189565,4.367573643470271,87.70312319730405,OR_007_6_1
4.0882,-4.0824,0.012291890556640626,0.9902417627473672,0.9903180495489666,0.061314840582757206,3.5303108213805983,4.128168720880906,80.56677403844756,OR_007_6_1
4.7697,-4.4475,0.009590979169921875,0.9650502966092598,0.9650979545450596,0.09390933001165748,4.709431355992262,4.942192626764203,100.62558126975266,OR_007_6_1
4.859,-5.013,0.009465142343749998,1.2703776373217148,1.2704128975757016,0.10744297992161422,2.6993940768695124,3.945961195466628,134.2201434714222,OR_007_6_1
4.0506,-3.8591,0.012278738740234375,0.9344982624041589,0.9345789265018996,0.033227574208307645,2.9851187772160985,4.334144373260297,76.11358708414652,OR_007_6_1
4.9926,-4.9679,0.012446851757812499,0.9428539380963029,0.9429360915260312,0.0820457202333508,6.855190671134384,5.29473846591801,75.75698932681435,OR_007_6_1
4.5823,-4.6992,0.009375313935546872,1.0342484775853142,1.0342909696497065,0.016549332936905664,4.243760931735441,4.543402324249357,110.3206640801102,OR_007_6_1
4.7614,-4.8194,0.011724858203124999,1.269441052432125,1.269495198060971,0.05258296923360696,2.3001933348771333,3.7963121117471315,108.2738117420306,OR_007_6_1
4.8365,-5.0994,0.014525965234374997,1.050618590547057,1.0507190045245565,0.02866057417819817,4.499006554047143,4.853248083634118,72.33384599491087,OR_007_6_1
4.1921,-4.2217,0.01083212353515625,1.0515798006094532,1.0516355889518472,0.07415003800228778,3.3294774273047985,4.0144133959875825,97.08488722952794,OR_007_6_1
4.6182,-4.6053,0.009591443203124998,1.0712642016978555,1.0713071387898347,0.02137836764181278,3.728209291962451,4.3108085706457455,111.69403857250103,OR_007_6_1
4.9796,-4.8498,0.018254909960937496,1.1926920564048065,1.1928317497236598,0.12209318051911539,2.6780110119559613,4.174603834093959,65.34306041131197,OR_007_6_1
4.0102,-3.7547,0.008839367832031252,0.8848782445553736,0.8849223932702063,0.05149674989895986,3.5001554471747998,4.5316968199309775,100.11149099961865,OR_007_6_1
5.1223,-5.0393,0.01333879521484375,0.9540788771451991,0.954172116167952,0.09019741792556114,6.9546148811856074,5.368318679446782,71.53360024393544,OR_007_6_1
4.5635,-4.6391,0.013353576103515622,1.139678523589068,1.1397567526121135,0.033244094832592656,2.940840766374575,4.0702544514851775,85.35216772081598,OR_007_6_1
4.2752,-4.3031,0.012443102402343751,1.093308299901072,1.0933791059966198,0.07601611442896673,2.677014537460666,3.935597426788312,87.87029012317568,OR_007_6_1
4.6892,-4.8957,0.010007856445312503,0.9917994155421747,0.9918499069216214,0.06028090425508072,5.1277661428821535,4.935928269891891,99.10711781632999,OR_007_6_1
3.7689,-3.7522,0.0142373391015625,0.947597859926257,0.9477048095063755,0.09476586712691623,3.466836671073956,3.976871234816472,66.56473770703617,OR_007_6_1
4.569,-4.5418,0.015630819892578123,1.0996171233619945,1.0997282121148946,0.0477380130701169,2.616237132101883,4.154662893533178,70.3563952061578,OR_007_6_1
4.97,-5.051,0.009130247294921876,1.148143385011601,1.1481796871402854,0.12764777902977475,3.580207708239646,4.399137218827777,125.75558189133672,OR_007_6_1
3.8858,-3.7919,0.009971356865234378,0.7717846991375604,0.7718491107597316,0.048488076019397745,5.439644603985414,5.034403668795837,77.40662016061232,OR_007_6_1
5.1119,-5.0097,0.005934469179687499,0.9325064294187976,0.9325253127030061,0.16852214030954754,7.8436383785098265,5.481781486124951,157.1370795483737,OR_007_6_1
4.5544,-4.6921,0.020105659179687502,1.1928973458945062,1.1930667690339913,0.04039045153491399,2.287768295312162,3.9328058729406385,59.3398455147139,OR_007_6_1
4.463,-4.2276,0.0118223494140625,1.1180087738362872,1.1180712796242407,0.09985594279451342,3.3864444813965973,3.9916954109654093,94.572672985087,OR_007_6_1
4.7993,-5.0418,0.011883929492187497,0.9863057432330498,0.9863773349558849,0.037752621444775494,6.157475950401356,5.111431311541704,83.00093437977695,OR_007_6_1
4.5014,-4.3161,0.007181726171875,1.1379292258270766,1.1379518883424808,0.01934078175319239,3.1063719729962145,3.9557032614102434,158.4510050449863,OR_007_6_1
4.9608,-4.7025,0.019224440458984377,1.167251399379686,1.1674097003472244,0.10146414726829993,2.6025973426832074,4.2494078936256,60.72528571703421,OR_007_6_1
4.9984,-5.0385,0.013680629199218752,1.1015148031429762,1.1015997554277128,0.1019840578772765,4.107324026611635,4.573802754222583,80.52258846165003,OR_007_6_1
4.0986,-3.9296,0.013663951337890626,0.8774966020439775,0.8776029798062964,0.025801191704074092,4.249041479682381,4.670221147419552,64.22760838916805,OR_007_6_1
4.9074,-4.9629,0.013415200419921874,1.0358333160866726,1.0359201833719716,0.06674334855298848,5.0378817727573075,4.7908131098041755,77.21987549390104,OR_007_6_1
4.5685,-4.728,0.008497916044921876,1.1494353298953959,1.1494667425327467,0.04605538754035175,2.6308928926149084,4.113211649315807,135.26452852580348,OR_007_6_1
4.6675,-4.6391,0.01140742216796875,1.1233606190195151,1.1234185371643226,0.0815305448329288,3.7498337559662094,4.154729374171396,98.48135907842918,OR_007_6_1
4.8682,-5.167000000000001,0.01114237919921875,0.9950171939207965,0.995079579135375,0.06034330681423002,6.436050518083167,5.192549523825079,89.30583603718219,OR_007_6_1
4.6278,-4.387,0.009170063896484369,1.285289422782859,1.285322134871006,0.09784493793714333,2.0647249365176057,3.600498171506199,140.1649987628522,OR_007_6_1
4.2898,-4.0206,0.009524776337890624,1.017635630016704,1.0176802036218355,0.10817643305483628,2.8704251881939387,4.215273108897766,106.84556368298401,OR_007_6_1
4.9112,-4.9955,0.01576147926757812,1.0960940892873465,1.0962074059225104,0.09203663500383723,4.4879531950295455,4.557075575710943,69.54977497750924,OR_007_6_1
3.8779,-3.7481,0.013463595019531252,0.8586050629190557,0.8587106162503673,0.15012798604217445,3.807419516557715,4.515956740371072,63.780182872737754,OR_007_6_1
4.9316,-4.9083,0.006458719267578121,1.0439888227036984,1.044008801200848,0.05113884332484633,4.094484923441977,4.723714962559532,161.64329123241754,OR_007_6_1
4.6099,-4.8669,0.009223197265624998,1.112283085729455,1.1123213250529898,0.046183410212893836,3.526865280405471,4.3754442947434296,120.60039186175023,OR_007_6_1
4.3177,-4.2689,0.013415536982421879,1.0301714216590099,1.0302587707151403,0.09319993388187137,3.8377116538735745,4.190888850974826,76.79593409262219,OR_007_6_1
4.7718,-4.9487,0.01421332181640625,1.110292923757897,1.1103838953550775,0.10397857291816914,4.784421869470815,4.456746910905765,78.12275213177993,OR_007_6_1
4.251,-4.2092,0.0060175829492187536,1.0911702200736841,1.091186812823635,0.014248727766905023,2.1351639100310633,3.895758220449936,181.33304363212096,OR_007_6_1
3.7735,-3.7372,0.0101314984375,0.9742619209859255,0.9743145990611938,0.05215746168372506,3.069990476668675,3.8729790149536893,96.16687096235096,OR_007_6_1
4.9926,-5.0326,0.007106225517578128,1.1139038463168967,1.1139265134113128,0.07976885069588627,4.106367062784959,4.517892280048317,156.7535893565844,OR_007_6_1
5.0355,-5.0443,0.008403167158203127,1.0409698965720797,1.04100381305141,0.026096677016243446,5.509315942943278,4.845611449172736,123.8823017048859,OR_007_6_1
3.5064,-3.3704,0.01316990517578125,0.8685087341647275,0.8686085814236216,0.05588249102685678,3.2656116733787135,4.03680100675073,65.95404476160553,OR_007_6_1
4.6558,-4.8198,0.005079780830078123,1.0945604358126475,1.0945722232085258,0.024380031238964626,3.7473449491394186,4.4033640662544205,215.47622709451912,OR_007_6_1
4.2664,-4.1662,0.012249359375,1.0587680814900742,1.0588389382655279,0.10667537399632439,3.5990037187347648,4.029319136071273,86.44034511602227,OR_007_6_1
4.8444,-5.0906,0.006291363281250002,1.1110411237568685,1.1110589362994485,0.030840022169082677,3.894563949157919,4.581755142866917,176.60063646460753,OR_007_6_1
4.3632,-4.2873,0.01321519215820313,1.0681632591409045,1.0682450044265581,0.058558633395083416,3.147116031511466,4.08445626034801,80.8346114686535,OR_007_6_1
4.6266,-4.3737,0.007314224316406252,1.0565848289526627,1.056610145063106,0.09550239566270048,3.5305452145316663,4.378720020093083,144.45961114884787,OR_007_6_1
4.8636,-4.9058,0.012494061328125002,1.0933566836288573,1.093428067686377,0.07451979265813351,4.033950010286995,4.486623437327461,87.51581663115243,OR_007_6_1
4.874,-4.8861,0.018306988740234377,1.1312269570201856,1.1313750810963992,0.03890802038002409,3.3345237388931315,4.318726899081271,61.800170161777494,OR_007_6_1
3.8799,-3.5869999999999997,0.005619996191406249,0.7591757127871093,0.7591965142458221,0.13601995552843735,5.055139148168617,5.110534521807859,135.08841524097883,OR_007_6_1
4.4667,-4.7509,0.012334747724609376,1.065489218256204,1.065560613114827,0.03054304241976087,3.913137344369451,4.458591972214199,86.38689258330001,OR_007_6_1
4.8841,-4.8323,0.008150888964843755,1.268281069925221,1.2683072614006357,0.10002133855170635,2.971000313996753,3.850880732761427,155.60353125500058,OR_007_6_1
4.6591,-4.3924,0.012384274580078125,1.0174780161590797,1.0175533812158906,0.08990796803326533,4.142946320908091,4.5787278401591465,82.16494978945482,OR_007_6_1
4.2868,-4.2697,0.012679211787109379,1.081865165092901,1.0819394612699142,0.06946617258895327,3.2979484298983595,3.9621440473261536,85.33175359040378,OR_007_6_1
4.9863,-4.6637,0.009669482685546878,1.079278571673637,1.0793218862643768,0.12373520694020891,4.090682630872781,4.619845162816215,111.62145998318974,OR_007_6_1
4.9905,-5.1612,0.011522062402343752,1.1936554521452527,1.1937110606667305,0.06019613347399229,3.156088389643723,4.323659355886026,103.60219510889974,OR_007_6_1
4.9325,-4.9859,0.006041746191406249,1.1658087542258901,1.1658244096461368,0.03768188526832016,3.2417248851758274,4.276716077026261,192.96146838192757,OR_007_6_1
3.3095,-3.0294,0.00980922880859375,0.7209652837159192,0.7210320112820201,0.09202982285746426,3.75361941585554,4.589948772906275,73.50546631605394,OR_007_6_1
4.9416,-4.9454,0.012648442451171873,1.111749555883389,1.1118215046055517,0.01137429938808101,4.019374874195985,4.448016138441661,87.90184412000055,OR_007_6_1
4.9371,-4.9141,0.015926009765625002,1.310943622898541,1.311040357962106,0.08451336785716677,2.37429762201221,3.765787960874438,82.32070022154448,OR_007_6_1
4.5448,-4.3966,0.004495372792968751,0.8923477411289391,0.8923590642081628,0.06807762127950798,5.6966761419201255,5.093017124154865,198.50608765925284,OR_007_6_1
4.2351,-4.1032,0.011850042119140628,1.0018117790688386,1.0018818613885057,0.05751221161289024,3.400549956801828,4.227145094635649,84.54668487832159,OR_007_6_1
5.0051,-3.9321,0.021311532382812498,1.0473449451237156,1.0475617478166632,0.25614373287684744,3.5989436385743776,4.777856776131634,49.15468676043318,OR_007_6_1
5.0243,-5.018,0.00311661129882813,1.0743100701164103,1.0743145908063962,-0.06898765640540219,3.5765634601011342,4.676749285841811,344.70588183533346,OR_007_6_1
4.8598,-4.7501,0.010902125,1.0814695364829936,1.0815244863942086,0.08093488188099528,4.087205970374972,4.493471998686826,99.20308079306812,OR_007_6_1
3.2702,-2.855,0.009909364423828124,0.6838559174591311,0.6839277091529148,0.12133524585142827,3.9324190616035324,4.781499493957977,69.01831549256805,OR_007_6_1
4.5948,-4.6295,0.015365389062499998,1.2208512322754026,1.220947921301073,0.056151690499811634,2.5970283235763274,3.7917260150416254,79.46091289155473,OR_007_6_1
4.9617,-4.9154,0.005173470800781248,1.1725496191162836,1.1725610321385698,0.08432632631099846,2.87774084280598,4.231506812672361,226.6487722928152,OR_007_6_1
3.9296,-3.8144,0.013920658203125,0.773252987173253,0.7733782818887321,0.08279388236738326,6.007204956430886,5.0810839752599595,55.556153670877826,OR_007_6_1
4.2076,-4.1112,0.008743560087890626,1.0497853981804885,1.049821809678184,0.09618218604674622,3.398679620638653,4.0079182554627,120.06799050470777,OR_007_6_1
4.9049,-4.9633,0.006018986035156253,1.3272960479827771,1.3273096952797379,0.10103958989938647,2.434149976890467,3.7393684487587415,220.52044430849662,OR_007_6_1
3.8315,-3.839,0.01709149541015625,0.9259631085096997,0.9261208331186062,0.08546399458648148,2.7674023062922792,4.145247421902128,54.18605901401816,OR_007_6_1
4.8624,-4.8085,0.014304790361328123,1.11338315090448,1.1134750413661143,0.05679749085535197,3.8499577318459126,4.366869319017234,77.8393066519171,OR_007_6_1
4.4146,-3.9797,0.014274096845703122,0.8492510145213691,0.8493709646004713,0.14088229649165324,5.757528615574778,5.19749341429284,59.504353534759765,OR_007_6_1
4.8093,-5.0443,0.004481197167968752,1.3100133894295272,1.3100210538814618,0.03634300442573822,2.2076926154942456,3.8505487993522642,292.3372287450682,OR_007_6_1
4.9199,-4.9345,0.01578532978515625,1.2000964695145526,1.2002002802773042,0.06982362558204974,3.1631534838501763,4.1113971367749516,76.03263413433906,OR_007_6_1
4.5331,-4.3749,0.014484439453125,0.8222548317850099,0.8223823972946321,0.08920383929081985,8.02559418385225,5.512155913599627,56.776953169578896,OR_007_6_1
4.6808,-4.753,0.007830316308593752,1.1879139942836918,1.1879398013655944,0.0714138744919441,2.9289049176633,4.00104448940523,151.71030170920835,OR_007_6_1
5.1545,-5.1432,0.018125013964843752,1.3698687130150755,1.369988615656643,0.07451002275578891,2.4030074067858935,3.7624400212749065,75.5855163879283,OR_007_6_1
3.2994,-2.9839,0.006211289326171876,0.823242668671434,0.8232661001379554,0.060640678572096166,2.43674095755546,4.007695683618481,132.54349046751906,OR_007_6_1
4.9091,-4.7693,0.013673173798828125,1.1050744733953204,1.1051590597880823,0.016987431408124202,3.826983455434603,4.441985026571062,80.82680694485096,OR_007_6_1
4.8139,-5.0113,0.009026958720703127,1.0542801027180129,1.054318747329691,0.061051564914295364,4.563923502011399,4.753116652757217,116.79666022122986,OR_007_6_1
4.2167,-4.3219,0.011262376884765628,1.144410422783459,1.1444658391181932,0.024705102839485397,2.1794505723925015,3.776346875983351,101.61849041367074,OR_007_6_1
4.859,-4.897,0.013100427343750002,1.1669178884423017,1.1669914222320696,0.09386484439444563,3.538988955869634,4.196260488733836,89.08040192356168,OR_007_6_1
4.7714,-4.6733,0.010285870869140623,0.8638002056954444,0.8638614440400895,0.1268376423222809,8.306122194227134,5.523339451477167,83.98524257645302,OR_007_6_1
4.1537,-3.9872,0.02061202412109375,1.179130992898083,1.179311135346049,0.07700251744821518,2.1771357782659244,3.5221409108962796,57.21471463467101,OR_007_6_1
5.0351,-5.081,0.003750997167968749,1.2386134359650978,1.2386191156820645,0.054940577594953154,2.842332160869076,4.102148862041355,330.21053602721565,OR_007_6_1
3.1,-2.8274,0.011653005859375003,0.7288592372291702,0.7289523854408094,0.06191296750669681,2.7152234745149935,4.25267830610459,62.55487482652234,OR_007_6_1
4.9058,-4.609,0.010564749873046874,1.0957963179664405,1.0958472450157861,0.06802954049108018,3.7545692860098985,4.47671882904867,103.72674738706297,OR_007_6_1
4.6633,-4.9087,0.021328294892578127,1.1688536550577588,1.1690482295888853,0.0449047987144507,2.851652404314616,4.198885787224824,54.81207854002502,OR_007_6_1
3.8912,-3.7623,0.009023452441406251,0.9897606063762497,0.9898017380406259,0.050942234675659316,2.6205921314151555,3.931292345244392,109.6921200367352,OR_007_6_1
4.9341,-4.9767,0.010233221416015629,1.1218026343249203,1.1218493077053087,0.12246644743756238,4.033758389203492,4.436157299720988,109.62815642016584,OR_007_6_1
4.3624,-4.2885,0.006363751591796875,0.8627569976909814,0.8627804670940796,-0.027430509011252248,6.998226684666333,5.056210891788887,135.57731144454564,OR_007_6_1
4.117,-3.9079,0.018670075712890626,1.1524949699187315,1.152646184835183,0.0988439839653767,1.9172779831935873,3.5717812201121446,61.73762446510712,OR_007_6_1
4.8682,-4.9579,0.0134881806640625,1.2162001371668245,1.2162749297187003,0.1090504875910002,3.328892501983537,4.076298766653328,90.17337992705913,OR_007_6_1
3.2761,-2.9593,0.01484585859375,0.6759133449843255,0.6760763636197361,0.05026608118962883,3.9521214462352834,4.845754372500014,45.53972502234625,OR_007_6_1
5.0543,-4.6508,0.010626229882812496,1.1432297655521442,1.1432791494669765,0.08004744183628422,3.1903053120907865,4.420880060600731,107.59027938270991,OR_007_6_1
4.6349,-4.9141,0.010922164736328127,1.1735946976002805,1.173645520554661,0.07419062251371138,3.420261911696926,4.187039365591898,107.4553846634105,OR_007_6_1
4.3478,-4.2919,0.0146627990234375,0.9880988806135421,0.9882076682281598,0.05711777067718106,3.851685262756239,4.399682511466292,67.39556337456531,OR_007_6_1
4.8323,-4.8799,0.012105061523437502,1.1334331844750618,1.1334978236343312,0.09081572266982262,3.7220183983657424,4.30516926803478,93.6383287107921,OR_007_6_1
4.8386,-4.6783,0.018028194921874997,1.0498915674320553,1.0500463414426426,0.15226929934072805,5.119078907558103,4.6079870996401295,58.24467106930764,OR_007_6_1
3.9254,-4.0398,0.006243943623046878,1.1032869917288695,1.1033046600781247,0.03353026257432286,2.410499634062101,3.6615453034091208,176.6999431746628,OR_007_6_1
5.1265,-5.0552,0.015457584179687497,1.283662682310296,1.2837557473541201,0.100004078427067,3.4291407792383524,3.9933608917214913,83.05021336974923,OR_007_6_1
3.3775,-3.1041,0.0122472232421875,0.8197703115409537,0.8198617921095581,0.10558894397668553,3.215234885569247,4.119596776415052,66.94266193685051,OR_007_6_1
4.7217,-4.6549,0.010839841699218752,1.1947020928692806,1.1947512682036807,0.06227754011156817,2.2678256759345894,3.952035977452514,110.2185060572686,OR_007_6_1
4.9083,-4.9608,0.01668975615234375,1.192388504465246,1.1925053012633906,0.07308581300610333,3.594300353881554,4.159981503297584,71.45132732479134,OR_007_6_1
4.2222,-4.1971,0.010765248369140624,0.9613717903348247,0.9614320619908799,0.06642410341769484,4.00236708986078,4.391573947373182,89.30885193861792,OR_007_6_1
5.0535,-4.8569,0.013755231318359375,1.2134452132805367,1.2135231732530156,0.13076683233516417,3.4984286219570153,4.164320968250715,88.2226592155265,OR_007_6_1
4.5302,-4.3486,0.009404132255859374,1.1140458506821371,1.1140855421041835,0.09260941845202104,3.6515614453756458,4.066294574990602,118.46764734113452,OR_007_6_1
4.0135,-3.7222,0.012280650488281251,0.9927378722652718,0.9928138281703143,0.04331012562905645,3.0971117906384418,4.042550458180107,80.84374262372822,OR_007_6_1
5.2375,-5.2413,0.015329240527343753,1.2030969435686116,1.2031945982422296,0.10151393990671918,3.8576770598414543,4.356153196915082,78.49015857020807,OR_007_6_1
3.8253,-3.8295,0.012453348144531251,0.8964919110198598,0.8965784028204389,0.02097224563925809,3.2143183953480987,4.271238280647844,71.9949623522891,OR_007_6_1
4.7835,-4.6679,0.017466423398437497,1.100472987090675,1.100611589645778,0.06889817310874112,2.7864588870272984,4.346219902330218,63.012987921227655,OR_007_6_1
4.5122,-4.8427,0.014572387509765625,1.098593869223409,1.0986905132806941,0.061264922458068555,3.64679296499261,4.407701656704013,75.39536243797036,OR_007_6_1
3.7155,-3.4856,0.012861722392578127,0.90623368128257,0.9063249466906792,0.09471382504987763,3.537443987971977,4.09952303472073,70.46683551083638,OR_007_6_1
5.018,-5.0047,0.013234150419921873,1.1112367284220328,1.1113155309503413,0.092287237840569,3.877937904341551,4.515369267982324,83.9733123558973,OR_007_6_1
4.2439,-4.0765,0.015319976142578125,1.0250181780557648,1.0251326582514912,0.050449467415203175,3.583156971313124,4.139854448787845,66.91476421347824,OR_007_6_1
4.2184,-4.2739,0.014124482783203126,1.050894529218187,1.050989444549567,0.012903341061934153,3.6437116457089473,4.06654892501338,74.40905173464864,OR_007_6_1
4.9821,-5.1628,0.012178592900390625,1.2006828466070083,1.2007446090911014,0.052420063845283665,3.309267313859233,4.299665354823699,98.59468333635691,OR_007_6_1
4.0552,-4.0832,0.012726071025390629,0.9354452494807519,0.9355318100737405,0.0006842502815269311,3.1974583522214797,4.364576331523754,73.51300607188134,OR_007_6_1
4.8023,-4.5815,0.017910960742187496,0.9839678063051478,0.9841308075452537,0.06516149040722652,4.144752535156497,4.879737488453166,54.94572662880694,OR_007_6_1
4.7718,-5.0163,0.0162319818359375,1.2082210010658405,1.2083300313452712,0.05516877868908157,3.6121561605579062,4.151432030753854,74.44130785242311,OR_007_6_1
4.3507,-4.3595,0.016006163964843747,1.1146283106279176,1.1147432296892927,0.07662100256043564,3.0086987717526243,3.9107660670021174,69.64461706709487,OR_007_6_1
4.8886,-4.8945,0.012421254199218752,1.0253286425132222,1.025403877851985,0.06085095156913899,4.610161429551274,4.773241159844014,82.55235573265404,OR_007_6_1
0.35736,-0.36737,0.01485469900390625,0.1126618890720324,0.11363698047632023,-0.1755938533823891,0.07508318177944062,3.232838423084591,7.6499007348810695,OR_014_6_1
0.5252899999999999,-0.44538999999999995,0.014775191171875,0.14378684798287672,0.1445439861323063,0.0939681497405946,0.8878645494110788,3.6341186542694657,9.782883664108944,OR_014_6_1
0.54678,-0.43058,0.013764942753906249,0.16093229668874082,0.1615198989800675,-0.04388699761039848,-0.2347591201508381,3.3852175494627965,11.734148854348279,OR_014_6_1
0.34025,-0.28393,0.015243553515625,0.11269685821404024,0.11372311891211573,0.03448653672286459,-0.19203903119892196,2.9919158062401237,7.460406875282723,OR_014_6_1
0.39658000000000004,-0.34901,0.011218206826171875,0.14104695654609004,0.14149237476030072,0.1625191132229229,-0.44954301754996084,2.8028365335517296,12.612743225366318,OR_014_6_1
0.43914,-0.42975,0.0125534406640625,0.15226554240014623,0.15278214645342844,0.018863510937152064,-0.4585906163922271,2.8742887000842825,12.17053860940838,OR_014_6_1
0.39553,-0.35465,0.01352938447265625,0.12864220677645827,0.12935169735463853,0.13349243920200685,0.007001728947860553,3.057787451043671,9.560796210298433,OR_014_6_1
0.5807899999999999,-0.54574,0.0111723087109375,0.16478102753928728,0.16515933978687322,-0.037664752923207125,0.7524592591773773,3.5165434618043765,14.782918130633727,OR_014_6_1
0.35778000000000004,-0.32419000000000003,0.011700797617187501,0.12296160172049735,0.12351706020849346,0.004559399908651324,0.013902446269431934,2.896603890179002,10.556293142850707,OR_014_6_1
0.3171,-0.29477,0.010881792050781249,0.11718008427940681,0.11768426211675598,0.0160105705560021,-0.3918485081747156,2.6944979014348016,10.81478590592264,OR_014_6_1
0.36153,-0.36341,0.013852589013671875,0.13312803282982996,0.13384680551855538,0.024154479982248782,-0.4397679051763492,2.715118944205964,9.662222399309782,OR_014_6_1
0.38177,-0.33232,0.01188677189453125,0.11796526207679058,0.1185626349357946,-0.0714661544782571,-0.05341713381023672,3.219985765218146,9.974333318872588,OR_014_6_1
0.49317,-0.47105,0.010539388466796876,0.15236338618375309,0.15272747021617797,-0.04912222168599084,0.3063857407501236,3.2290850890992817,14.49111171926307,OR_014_6_1
0.43267,-0.40138,0.012867082021484375,0.13537214639010134,0.13598227758796597,0.006561408881288817,-0.20888246168796298,3.1818116632021933,10.568228817744798,OR_014_6_1
0.51904,-0.43371000000000004,0.011032611064453125,0.1454554564662144,0.14587326116425273,0.16020074634753906,0.19679794380332316,3.5581572133182497,13.222005841595186,OR_014_6_1
0.37134,-0.34338,0.0123910692578125,0.11288885327570605,0.11356686044465523,-0.2579043610781165,0.26698361503547874,3.2697918677709152,9.165218022474852,OR_014_6_1
0.49296,-0.4963,0.0115749997265625,0.14690317044538223,0.14735848162075688,0.014344578306754247,-0.015068078553936104,3.367977134219563,12.730753552576134,OR_014_6_1
0.4794,-0.38928,0.008919044472656252,0.16707384087193208,0.16731173795644136,0.02711926778299855,-0.4876815434780206,2.8653100074753812,18.758928684619985,OR_014_6_1
0.52947,-0.41535,0.011494355517578124,0.1568682110204821,0.15728876577025766,0.05374235764308411,-0.061418282497927024,3.3662289486531822,13.683999232990436,OR_014_6_1
0.32523,-0.27621,0.012169498759765626,0.1006938008341632,0.10142651638745197,-0.07571139633994088,0.042431303256851294,3.206557894101923,8.334485261488297,OR_014_6_1
0.6227199999999999,-0.51945,0.012593420322265625,0.16477143994062826,0.16525199440709126,0.07157380031275841,1.0620034507443137,3.7683054807656373,13.122088920738303,OR_014_6_1
0.38072,-0.37363,0.01127376689453125,0.13725736166149824,0.1377195743177692,0.07712897506613502,-0.312417442241272,2.764458132560606,12.215931320049181,OR_014_6_1
0.39804,-0.40388,0.012939257177734375,0.14690385194938976,0.14747259438241322,-0.047275144456648696,-0.42779847306350316,2.7386783215735315,11.397299007154924,OR_014_6_1
0.39095,-0.35736,0.014807234091796875,0.11522058240985004,0.11616814017756467,-0.04547116674275096,0.3163016053129235,3.3653805254783866,7.845363395487736,OR_014_6_1
0.40909,-0.3415,0.010766410087890624,0.11964565593863595,0.12012909127753812,0.06576188354121672,-0.0265851324245312,3.405419888255429,11.157765600521394,OR_014_6_1
0.53656,-0.46103999999999995,0.014376012568359377,0.16083199571301132,0.1614732193968886,0.03614421184076198,0.024142120200965067,3.3229039383817165,11.23212764297052,OR_014_6_1
0.41827,-0.40784000000000004,0.013643108925781251,0.14187000946981695,0.14252450318498458,0.014795738337004368,-0.4668832637464524,2.9347234175052552,10.446628661670271,OR_014_6_1
0.44998,-0.45895,0.012590907666015625,0.12281882855548011,0.123462527122988,0.04471050796773919,0.9865914161029736,3.717322227055111,9.805688405653216,OR_014_6_1
0.34296,-0.31564000000000003,0.01680711802734375,0.13141424595265322,0.13248465290624986,0.10571181206207476,-0.6444286557036003,2.5886771779823556,7.882650958246241,OR_014_6_1
0.46688,-0.52967,0.012821059580078125,0.1566547975044161,0.1571785772613607,-0.09960727444028684,-0.02204957753809378,3.369861248644524,12.25940524028028,OR_014_6_1
0.42182,-0.39783,0.014081901396484376,0.1427935298405697,0.1434862087842242,-0.08159575246567437,-0.09058250418371339,2.9397947066434926,10.189405148841702,OR_014_6_1
0.39992,-0.45395,0.0140825091015625,0.13841028764063698,0.13912485323391885,-0.0417314529917803,-0.07469274494778633,3.262896500410682,9.879265289394858,OR_014_6_1
0.71743,-0.8096399999999999,0.014186485546874999,0.19209845510218287,0.1926215793332021,-0.11530989899337167,2.7945678782964247,4.2032673524921895,13.577821308802694,OR_014_6_1
0.79608,-0.85929,0.014659011162109376,0.22824853526555317,0.22871878029388254,-0.15355367190086922,1.2695170461551246,3.756971749932034,15.602605261838516,OR_014_6_1
0.5159100000000001,-0.42828999999999995,0.014160484208984376,0.14423565400735386,0.14492909714740512,0.1918610394200463,0.5756303622562253,3.5597406359023642,10.234755024880943,OR_014_6_1
0.9748600000000001,-1.0381,0.012338153212890626,0.24798286768674563,0.24828961454488332,-0.1351598770991769,2.831133476592176,4.181004500417146,20.123724364336113,OR_014_6_1
0.42245,-0.38197,0.01293942716796875,0.14611626098031685,0.14668807210643692,0.024531367146389833,-0.406077163315373,2.8799205760475846,11.33651890966556,OR_014_6_1
0.42641,-0.40242,0.014016643291015624,0.14975057660945693,0.1504051245270998,-0.06111556429878702,-0.28258332919321605,2.835076254919052,10.73046596634448,OR_014_6_1
0.47563999999999995,-0.42203,0.013582454619140625,0.14702453217308414,0.14765058799136316,-0.01889060246466513,-0.09468045720541429,3.221389113644664,10.870684368980486,OR_014_6_1
0.42808,-0.3657,0.010785203349609376,0.137687955171751,0.13810971584457965,0.1031281891366597,-0.1277359779558993,3.099564677854893,12.805479744997301,OR_014_6_1
0.31981,-0.28622,0.011819100585937499,0.129788805345515,0.13032584214834944,0.09177432246547802,-0.61370683408754,2.4539261920290163,11.026713088193828,OR_014_6_1
0.41348,-0.41139,0.013120943652343748,0.1528038327563052,0.15336613207401714,-0.010606469989925421,-0.19929371506209526,2.696031983804713,11.68865018012418,OR_014_6_1
0.45082,-0.3365,0.012430737822265624,0.125649300849684,0.12626270251669852,0.37195088914482216,0.3823592314908888,3.570492215386296,10.157296707943052,OR_014_6_1
0.41786,-0.48315,0.013290012929687501,0.14588807852108518,0.14649217009193896,-0.1082040889536708,-0.019678697573894066,3.298128469246138,11.02272509772934,OR_014_6_1
0.39491,-0.43768,0.011254954111328125,0.14212155184968725,0.14256650901320214,-0.07247005909611286,-0.3352164593855438,3.070005711435802,12.666999344111892,OR_014_6_1
0.45206999999999997,-0.38301999999999997,0.01302842466796875,0.1450921846521015,0.14567594824283264,0.02765818759563853,0.10959051321107749,3.103257623167622,11.181393052039024,OR_014_6_1
0.81277,-0.8567799999999999,0.011038595830078126,0.17099610397999185,0.1713520299682382,-0.19699078647776602,2.4337368014297986,5.000115815136224,15.522990159522427,OR_014_6_1
1.3694,-1.3479,0.01322645619140625,0.3259190138548334,0.3261872816887413,-0.007580435024121385,2.396587964616943,4.198201685584189,24.66172739746801,OR_014_6_1
0.2929,-0.34317,0.013804920478515626,0.12588160502468404,0.1266363072464161,-0.19610796519829649,-0.33186144570578735,2.709886325272846,9.173272549467097,OR_014_6_1
0.44456,-0.4552,0.008368855869140625,0.14516884200355923,0.14540987049445023,-0.09438839413834012,-0.18001967565834187,3.130461469511534,17.37511738677662,OR_014_6_1
0.41744,-0.39261,0.01314618166015625,0.1306383911080282,0.13129817715237316,-0.030170830820880158,-0.025124050243471086,3.179328196889036,9.987551561284377,OR_014_6_1
0.40659,-0.32982,0.0113004676171875,0.11647172372638806,0.1170186437973162,-0.052669074653394814,0.20341131257132572,3.4745745065176576,10.355202758524205,OR_014_6_1
0.38802,-0.35715,0.010483891416015625,0.11946965208983053,0.11992876948292246,-0.06329895590741093,0.024088063975312934,3.2354204786519762,11.43933614768064,OR_014_6_1
0.4794,-0.41744,0.01151092404296875,0.13764797291885286,0.13812843958067522,0.17147938814104427,0.7044035086236384,3.470682778902451,11.999768833960793,OR_014_6_1
0.57307,-0.47021999999999997,0.009174813750000002,0.15163330339730283,0.1519106181493765,0.1528057597140785,0.7337926874617509,3.77241566921987,16.55734990718766,OR_014_6_1
0.35569,-0.28059,0.010963763994140625,0.11604110330092805,0.11655789023577885,-0.0020705612443295586,-0.44942208788937066,3.0516166364102566,10.63119195806103,OR_014_6_1
0.35006,-0.34526,0.00807001275390625,0.11789608182434486,0.11817195612911223,0.03435356422668795,-0.13093934950164998,2.9622933266437457,14.643340114744129,OR_014_6_1
0.48211000000000004,-0.42182,0.010043130937500002,0.13482019259160752,0.13519374545246504,0.11534521570103852,-0.040231649422410865,3.566067311918994,13.461313292884839,OR_014_6_1
0.52696,-0.54532,0.008840719228515623,0.12619172594929268,0.1265010277212752,0.012514743808609249,1.3245997629578223,4.310794983347728,14.30890520811278,OR_014_6_1
0.40242,-0.41931999999999997,0.008813187539062501,0.1261223074604034,0.1264298568920143,-0.01193076422973326,-0.12453721646717719,3.316621619223425,14.345529581222737,OR_014_6_1
0.40993,-0.48691,0.011561876220703125,0.1468420445320915,0.14729651395775664,-0.03149247368641416,0.324979986943712,3.305645080195153,12.73984415731401,OR_014_6_1
0.5641,-0.5142399999999999,0.009193773349609375,0.15802256833290965,0.1582897898505557,0.12283127205727506,0.6165465453651566,3.563716882616752,17.21706274608329,OR_014_6_1
0.44685,-0.373,0.009147582099609374,0.13169379596902878,0.13201111375562768,0.026124864858119008,-0.09831273255802042,3.38494225147016,14.431256028848201,OR_014_6_1
0.34192,-0.31668,0.011618314755859374,0.11727838110235855,0.11785246671901387,-0.08560677098453377,-0.523964073564001,2.901254480434065,10.143679100783455,OR_014_6_1
0.32544,-0.34588,0.008659290673828125,0.11242655206190169,0.11275953584287822,0.125729308884388,-0.21339833176531986,3.067412386430403,13.021796711581278,OR_014_6_1
0.4504,-0.39199,0.0077977981835937495,0.14620100276567002,0.14640880733821826,0.13741865822935634,-0.36976887174128503,3.0763176417605504,18.77565757864814,OR_014_6_1
0.431,-0.41827,0.008814393388671873,0.137013985627045,0.1372972169718613,-0.06825979081144115,0.1148523958301082,3.1391750420487927,15.576477624862537,OR_014_6_1
0.3196,-0.33942,0.008589765058593749,0.12051197275290121,0.12081771244547647,-0.037789556841083496,-0.34626498901318303,2.809356263418907,14.06530883627532,OR_014_6_1
0.38594,-0.31271,0.0083333664453125,0.12285770772575524,0.12314000708112274,0.10213631777239252,-0.3153643981791605,3.134156039243953,14.776740362071603,OR_014_6_1
0.31564000000000003,-0.30979,0.008300504560546875,0.1100763944277342,0.11038890789463303,-0.047311637279112695,-0.2681939002312701,2.859345229159576,13.299058363302887,OR_014_6_1
0.45811999999999997,-0.36675,0.009103869843750001,0.1344373100563498,0.13474520689552957,0.08393761577664369,0.3596297643167694,3.3998982758272844,14.800869784750407,OR_014_6_1
0.38886,-0.34359,0.009156864931640625,0.13069472312100203,0.13101510915559203,0.11189940491605102,-0.3047354017729935,2.968054597200234,14.307854907308686,OR_014_6_1
0.30687,-0.31501,0.00705168302734375,0.11734028563863279,0.11755198368072764,-0.1124173770254502,-0.24025329805658302,2.679750587415179,16.670058276137407,OR_014_6_1
0.40409,-0.41202,0.009684094433593752,0.15584453833661033,0.1561451306136377,0.00882282015179893,-0.32414351731156055,2.6386989830684815,16.123873590916535,OR_014_6_1
0.36362,-0.38969000000000004,0.0067129702929687495,0.13198243332393333,0.13215304262959968,0.0037423831905604417,-0.13385746401894005,2.9487780931646825,19.68622192203003,OR_014_6_1
0.31042,-0.28768,0.009524971533203126,0.11343754768330913,0.11383673531471009,0.02762218087007221,-0.27448248542511156,2.726887734569453,11.951397751320156,OR_014_6_1
0.40096,-0.33671,0.010255930908203124,0.13020237537175144,0.13060567625964922,0.13681686660292675,-0.0334619468410442,3.0700043705058526,12.734647365900054,OR_014_6_1
0.39407,-0.41243,0.007576766796875,0.13647891121466732,0.13668906540552272,0.06274549524268017,0.10208475451396382,3.0172859530433986,18.040550940719,OR_014_6_1
0.42495,-0.37947,0.011812018603515625,0.13209030881536787,0.13261739503711062,0.006874991210048178,-0.28261188789876,3.2043307491958695,11.227326019475921,OR_014_6_1
0.36904000000000003,-0.35652,0.0096376196484375,0.14979829483838836,0.1501080039470803,-0.05390615114208268,-0.5239195403740151,2.4584964681270858,15.57521398929689,OR_014_6_1
0.34568000000000004,-0.36633000000000004,0.01095866298828125,0.12077614817947765,0.12127229800561161,-0.20568765095123953,-0.24439898354699396,3.0207228114233153,11.066339668347828,OR_014_6_1
0.37071,-0.34213000000000005,0.010801239316406249,0.13640925782531635,0.13683622470392812,-0.10504717636071151,-0.22585942506480627,2.7091510167936335,12.668565895722594,OR_014_6_1
0.36695,-0.37592,0.01273025294921875,0.11903842638295674,0.11971719298363834,-0.10306172440605904,0.3499441063548119,3.140066915128137,9.404148060297363,OR_014_6_1
0.41973,-0.39178,0.011468525947265624,0.15473301815480192,0.1551574490467582,-0.009033853672697677,-0.5390708918438811,2.7051875361029087,13.528978024832695,OR_014_6_1
0.58391,-0.48628000000000005,0.0123877465625,0.1467686716222003,0.1472905266289791,0.015586282004076382,0.5329347847163013,3.9643418310704526,11.890016799733209,OR_014_6_1
0.41431,-0.2979,0.014211548779296876,0.1220926878840137,0.122917014906194,0.22287500938285476,-0.00807509598042877,3.3706480501949954,8.649092943069252,OR_014_6_1
1.0114,-1.0285,0.013094603818359377,0.24765585498539808,0.24800179668241984,-0.03858290113194874,2.9302524170769315,4.147147357847187,18.939234908006334,OR_014_6_1
0.38218,-0.40158,0.01373818849609375,0.14778010216513218,0.14841730498527153,-0.07026281609086964,-0.39396304049317177,2.7057491532682283,10.803265235748261,OR_014_6_1
0.3342,-0.35986,0.012489008779296876,0.1352517616945743,0.1358271489127828,0.17878420132875425,-0.6205476068746338,2.6493966797585973,10.875734050424436,OR_014_6_1
0.54177,-0.43121000000000004,0.012329260185546876,0.16575371131642863,0.16621162255357738,0.052153925206173415,-0.0713157122404664,3.2595193309411568,13.481069145361358,OR_014_6_1
0.45061,-0.43621000000000004,0.014127057177734374,0.14589428623753792,0.14657665742287762,0.06844581081641048,-0.18223873389719092,3.0742275396944714,10.375596644310333,OR_014_6_1
0.3221,-0.36466,0.0114128638671875,0.12594821937760584,0.12646425355032337,-0.1075254201810115,-0.32827112007535986,2.8835025462067816,11.080850866281068,OR_014_6_1
0.40284000000000003,-0.37759000000000004,0.013142274541015625,0.14032483446841937,0.14093891779313733,-0.010225728160744782,-0.3654270146336045,2.8582594747393175,10.724087876051767,OR_014_6_1
0.31459000000000004,-0.305,0.013010788720703124,0.120747051381459,0.12144600051237371,-0.12572385321536322,-0.5465956433917731,2.5903693500188854,9.33425281012155,OR_014_6_1
0.44018,-0.38093,0.0141532603515625,0.11405437594310508,0.11492917580123098,0.05605833838292356,0.47641722121886954,3.8300109010724714,8.120331628620916,OR_014_6_1
0.54365,-0.48336,0.015325258857421874,0.16271733819845619,0.1634374366827801,0.009053138100480272,0.25504898351026606,3.3263492606582843,10.664578493501299,OR_014_6_1
0.33796,-0.35631999999999997,0.013338563349609374,0.12642707896282396,0.12712876766217654,-0.07213069560709354,-0.34582221669954416,2.8028274304053147,9.530918345488926,OR_014_6_1
0.3657,-0.36654000000000003,0.015721998076171875,0.13465091852892502,0.135565670743704,0.03571261750978695,-0.4054552303167549,2.7037818297612137,8.62267387797816,OR_014_6_1
0.36549,-0.25159000000000004,0.0142408129296875,0.11260870352391646,0.11350559837398184,0.07811213429752546,-0.17948568013200905,3.22001735611097,7.970443187756236,OR_014_6_1
0.59038,-0.47126,0.013726204169921874,0.1571753495131938,0.15777356931853007,0.04098491024958215,0.8155522004069327,3.7419448568481912,11.494332728193372,OR_014_6_1
0.43267,-0.39115,0.01494238728515625,0.1308497702907914,0.13170017966173195,0.00505618989745958,0.18910191962651446,3.285265045393523,8.813864099125489,OR_014_6_1
0.3728,-0.35631999999999997,0.014389926201171875,0.12133042431040812,0.12218077524479391,-0.08536524584548538,0.07544417189814823,3.0512164962275308,8.490715313336947,OR_014_6_1
0.3486,-0.37864000000000003,0.013244775517578126,0.13822707012640786,0.13886017065466222,-0.1226938463264133,-0.48506670356123127,2.7267717984798217,10.484145992978483,OR_014_6_1
0.3488,-0.27808,0.01489287251953125,0.12420010865572019,0.12508982629285129,-0.009199251321027588,-0.620627555966208,2.788396207338384,8.39930763722678,OR_014_6_1
0.43809,-0.34818000000000005,0.0125772348828125,0.1358710603716109,0.13645193983158818,0.09930551890424771,-0.04974545347142767,3.2105809366295475,10.849119878403286,OR_014_6_1
0.40242,-0.46646000000000004,0.015479832324218748,0.15186977067578683,0.15265664890171673,-0.15986506208133092,0.03184440558680146,3.055615332187074,9.861646808746965,OR_014_6_1
0.35485,-0.27579000000000004,0.012804795478515625,0.10775795300435476,0.10851607817708554,0.1607388445358358,0.10053533113238355,3.2700223108957553,8.474642947988901,OR_014_6_1
0.39157,-0.33358000000000004,0.013983501474609375,0.13789270615110016,0.13859991602870494,-0.08346758536437027,-0.37899240463709694,2.825182066443108,9.91167386571201,OR_014_6_1
0.40743,-0.41618999999999995,0.012505987880859375,0.1474932500587141,0.14802249337772475,-0.15749397422567116,-0.1662010055613119,2.811667251991874,11.836128657068906,OR_014_6_1
0.27412,-0.31772,0.0126071117578125,0.11289948233042736,0.11360119883765513,-0.05290761734338714,-0.42631980557352556,2.796801446235131,9.010881477779884,OR_014_6_1
0.38928,-0.37822,0.013873593076171874,0.12768135117699683,0.12843287750115542,-0.1102914314647058,0.07720767654618266,3.0309995738084927,9.257361632177274,OR_014_6_1
0.41056000000000004,-0.42933000000000004,0.011847479101562499,0.14925510604411563,0.14972457861454197,-0.18315481892068033,-0.45842336109560344,2.867465055539227,12.63767293390901,OR_014_6_1
0.37864000000000003,-0.40638,0.01533064494140625,0.12279022590681217,0.12374355842857208,-0.11540886136039188,0.3332250511791677,3.2840497063168193,8.071646746100598,OR_014_6_1
0.35819,-0.42265,0.014834204033203124,0.13581238790976438,0.13662012413642072,-0.2162992633811348,0.1509598974581241,3.0936144991666996,9.209804221434613,OR_014_6_1
0.43392,-0.40471,0.011848601494140625,0.13326681792578884,0.13379250396577644,-0.029277931369520414,0.6212921956460717,3.2432310024466235,11.291838343968376,OR_014_6_1
0.5593,-0.5394800000000001,0.016857752041015625,0.15757608823945743,0.15847525797021325,-0.10117291814003361,0.6512584512825454,3.52925752344172,9.400734343695525,OR_014_6_1
0.41513999999999995,-0.36841,0.0129253474609375,0.14544868852607218,0.1460218668588384,-0.11137885307506308,-0.2814132362970079,2.842998833581024,11.297325352592246,OR_014_6_1
0.34797,-0.29123000000000004,0.015772796005859374,0.12602374073635148,0.12700694596369752,0.14738885427560672,-0.45564279815056086,2.7397713929731773,8.052277976855736,OR_014_6_1
0.36403,-0.40951,0.015092623291015624,0.140845185036905,0.14165152108567175,-0.036039210893412124,-0.13856452858504031,2.890967876450531,9.385479844614858,OR_014_6_1
0.47877,-0.43788,0.0166467293359375,0.13751553301150032,0.13851944057431434,-0.062312771299095404,0.43746865417818226,3.4563379303196546,8.321119990468885,OR_014_6_1
0.50089,-0.44769,0.01547856330078125,0.13359774356338092,0.13449142354471225,-0.007266780555745533,0.5016613612177476,3.724326675069732,8.688882310481732,OR_014_6_1
0.3728,-0.35381,0.015737636728515626,0.13837780760078933,0.13926984902052486,-0.11036138870348543,-0.43233552834600264,2.676817702791083,8.849476104547541,OR_014_6_1
0.32085,-0.2107,0.013948159306640626,0.10685735703520131,0.10776384319702,0.2772446076878534,-0.4713369469072912,2.977343675800984,7.726025570964678,OR_014_6_1
0.46375,-0.48733000000000004,0.015083887128906251,0.16395827844306748,0.16465066267990552,-0.033959278544912166,-0.13354350210309818,2.9597815709228463,10.915664533760005,OR_014_6_1
0.61938,-0.49483999999999995,0.013639728837890627,0.16294449926498444,0.16351437870562852,0.0858305098557819,0.42997014409872936,3.787923735606965,11.988095119845562,OR_014_6_1
0.30333000000000004,-0.31396999999999997,0.016067864697265625,0.11859540449903085,0.11967892982567307,-0.06190072544776878,-0.487495770867147,2.6234358699054177,7.448340189079352,OR_014_6_1
0.34588,-0.3874,0.014456586064453124,0.13346848458636887,0.1342491313134678,-0.10223332505879733,-0.382692788919496,2.8856797308412565,9.286364113115539,OR_014_6_1
0.42391,-0.31146,0.013156350771484375,0.1273381606116288,0.12801600178718014,0.07951133141172652,-0.39788629536549847,3.311382880035147,9.730357169732065,OR_014_6_1
0.41056000000000004,-0.43768,0.015576708681640624,0.1296378046976755,0.13057026560509613,-0.0061490259656592,0.04841614374758585,3.3520648412532035,8.382403490449066,OR_014_6_1
0.33545,-0.31584,0.01241567890625,0.12216065182253,0.12278995861392128,-0.00022415937477103938,-0.230241651065207,2.7319008903881787,9.889910141136076,OR_014_6_1
0.26619,-0.27454,0.0119913453515625,0.1015062227842559,0.1022120620439067,-0.09108195221106301,-0.5321066200576903,2.6859843332001554,8.52381868117655,OR_014_6_1
0.43433999999999995,-0.3511,0.01264895609375,0.14286661921637578,0.14342547534025651,0.0020571132815511537,-0.5253576533420827,3.028332281564749,11.338917056737014,OR_014_6_1
0.45791000000000004,-0.35444000000000003,0.013848918945312502,0.15320759348265292,0.15383224387851743,0.03329591045518393,-0.46312190148416343,2.9766841169197997,11.10788743714167,OR_014_6_1
0.38698,-0.35506,0.01088007919921875,0.1314886077401344,0.13193797818983055,0.03095326107024075,-0.2610188764908399,2.933044771310454,12.12656301920499,OR_014_6_1
0.31396999999999997,-0.34025,0.013106053291015626,0.11258837794234297,0.11334862804884231,-0.05778323966588399,-0.3708470547090683,3.001800752732396,8.648570006805503,OR_014_6_1
0.39324000000000003,-0.3632,0.01121679587890625,0.13781024438695652,0.1382659754523206,0.023696694018473866,-0.20589290113167724,2.8440836284521827,12.32668978006874,OR_014_6_1
0.32127,-0.33358000000000004,0.0128461273828125,0.1220392022699482,0.12271344620464693,-0.025256917468948568,-0.1707242368844537,2.718365489673637,9.552562651392432,OR_014_6_1
0.46771999999999997,-0.4746,0.010784488818359375,0.16050277594179171,0.1608646831473407,0.06445020390103673,-0.10555170160647886,2.950305733763788,14.916299783925501,OR_014_6_1
0.32189,-0.36883,0.011815258564453125,0.11734334075747818,0.11793667773458147,-0.10311856007121366,-0.007984174799688937,3.1273561707639597,9.981725504313136,OR_014_6_1
0.38469000000000003,-0.36278,0.0096240856640625,0.14250877042413912,0.1428333738055263,0.09103302972467016,-0.406790675789213,2.6932780978099258,14.841239360289984,OR_014_6_1
0.41702,-0.38636,0.010742924902343751,0.14537404892332947,0.1457704515182003,0.20131443679010003,-0.23060804370328114,2.860799241519351,13.56897113908214,OR_014_6_1
0.40763,-0.373,0.00885982673828125,0.13107981272544073,0.13137889417242396,0.12196121768515121,0.22948065768796022,3.1027053429321296,14.828605933811376,OR_014_6_1
0.3874,-0.38761,0.01045882900390625,0.13196978218611233,0.13238357343108276,0.07832726976414565,-0.40116134055012553,2.9279312155284414,12.657589174089173,OR_014_6_1
0.34213000000000005,-0.29498,0.010502054091796876,0.12659338338306245,0.12702825613428714,0.057749057821299216,-0.5034799559031948,2.693337747980903,12.095561775666988,OR_014_6_1
0.38448000000000004,-0.36925,0.00979612283203125,0.13215222923070005,0.1325148131839748,0.008318890290445155,-0.5878246986421551,2.901411456278492,13.527270117868397,OR_014_6_1
0.33942,-0.30687,0.012222137412109375,0.1087802914245479,0.10946475435193764,0.03711970089516601,0.039034614584223526,3.100724054137229,8.956268589094265,OR_014_6_1
0.47543,-0.40889000000000003,0.008834943212890623,0.11845596636398861,0.11878498301048582,0.09989350386655217,0.881325751363546,4.002441924461017,13.44490470434127,OR_014_6_1
0.3851,-0.35715,0.010926849453125002,0.15553883185652445,0.15592217370939723,-0.0241617636551042,-0.6990926159513791,2.469821888501344,14.269635553107127,OR_014_6_1
0.44414,-0.43893000000000004,0.010386837861328125,0.14473812380443837,0.14511034037306386,0.013517001440050217,0.17107760085139878,3.060705362536233,13.970597051749118,OR_014_6_1
0.34839000000000003,-0.35235,0.00913096171875,0.12092361642845804,0.12126786660960985,0.07723890295479732,-0.02604741440584135,2.9055512143934004,13.28095079838537,OR_014_6_1
0.39366,-0.37342,0.010810251279296874,0.1261722695287868,0.12663452582438314,0.17841831618634982,0.4104263096674883,3.108630875574147,11.714298848224454,OR_014_6_1
0.37572,-0.39908000000000005,0.008151539267578126,0.13692686932891082,0.13716929370907868,-0.11784468257685131,0.1265185934370332,2.9093974773757187,16.827407975233196,OR_014_6_1
0.43872,-0.43996999999999997,0.011735199228515625,0.14528766573973464,0.1457608339610947,0.04845261015766698,-0.111857698092372,3.0184377039101977,12.42082206717762,OR_014_6_1
0.45728,-0.37091999999999997,0.0072673173339843754,0.14011291788371116,0.1403012603618386,0.1725403666847918,-0.09534945350920765,3.259272194429311,19.305781570864134,OR_014_6_1
0.33671,-0.30312,0.010423682919921875,0.09367519583370862,0.09425335792479084,0.18516692115690578,0.1533128826703769,3.5723925793315936,9.042231004784465,OR_014_6_1
0.34421999999999997,-0.35611,0.010683361904296876,0.13136453025064523,0.13179823227020487,-0.09076291023961161,-0.1892273077537583,2.7019330317571444,12.336773865202622,OR_014_6_1
0.39846,-0.34234000000000003,0.010596774091796875,0.14456646241436397,0.1449543158245255,0.01764486719759766,-0.5382518914739629,2.7488660477932223,13.679097137461834,OR_014_6_1
0.35882,-0.32315,0.0115699861328125,0.1275545225554181,0.128078182386596,-0.015661858491904043,-0.46707647235478067,2.801570029432134,11.069863856923927,OR_014_6_1
0.50005,-0.45436000000000004,0.0094426956640625,0.13539469544707777,0.13572357222167067,0.008378194551388033,0.49705620264023365,3.6843268131711566,14.373391103223131,OR_014_6_1
0.32189,-0.30041,0.009730323886718751,0.12259237597510708,0.12297792423911887,-0.003827397654740783,-0.5201503420063283,2.617461624711228,12.638624678090203,OR_014_6_1
0.44477,-0.40096,0.0122343965625,0.14379574314793758,0.14431526671394176,-0.05790476750849911,-0.06801529814443308,3.0819330972077905,11.795862115539437,OR_014_6_1
0.3584,-0.35611,0.008201460947265624,0.12650327381222978,0.1267688536150797,0.010555478819521732,-0.12098501821000873,2.827192854966182,15.456860548788447,OR_014_6_1
0.34568000000000004,-0.38093,0.0123783895703125,0.1150894415935652,0.11575320338838609,-0.18108310683410386,-0.005567130013684363,3.290880818485747,9.351232111386176,OR_014_6_1
0.41598,-0.44331000000000004,0.01135860025390625,0.14783995127381588,0.14827565205512433,0.050087961213590965,-0.2099503199602153,2.9897693307423236,13.054041491608132,OR_014_6_1
0.39992,-0.4116,0.011976091240234375,0.15379616548752767,0.1542617492447866,0.03310681328570511,-0.5749281379341955,2.6681922080286413,12.88080837641976,OR_014_6_1
0.37467,-0.33024000000000003,0.013488060273437501,0.11699929313748746,0.11777420075980817,-0.1508026129762705,-0.15314385809532238,3.1812569680082565,8.731736783532035,OR_014_6_1
0.40993,-0.36925,0.011635070351562499,0.12670559161977393,0.1272386804780792,-0.10501362822445785,-0.29493140405056284,3.2217403955936397,10.935788585515812,OR_014_6_1
0.45332,-0.33775,0.017329759443359374,0.13016568878804555,0.13131423037900739,0.06728470219101687,-0.16132878567479914,3.452177233491162,7.577382896214584,OR_014_6_1
0.49755,-0.4408,0.014591076962890626,0.14378016300953778,0.14451863133169457,-0.10711198544708837,0.10953312988221464,3.442808667452921,9.904589071434453,OR_014_6_1
0.29081,-0.31417,0.013438556396484374,0.10651164556666794,0.10735606847934115,-0.07448813833546909,-0.2734258797232094,2.9264297912886676,7.988660189629156,OR_014_6_1
0.62042,-0.37196,0.015775530703125,0.12197468642400482,0.12299061548426997,0.3468211374133241,1.6511961006674873,5.0444498754045135,7.796289709836314,OR_014_6_1
0.51862,-0.51132,0.012313654736328127,0.15339748442632378,0.1538909169551268,-0.007571057008796437,0.19203913330358535,3.3700494278110997,12.497581567195603,OR_014_6_1
0.41222,-0.41306000000000004,0.012589390527343751,0.15540405799131066,0.15591316170874295,-0.06271840881253532,-0.5707454247396706,2.6492952411697654,12.384487476627017,OR_014_6_1
0.32315,-0.35569,0.013314241855468749,0.1240499907237351,0.12476245122128965,-0.13281214051025855,-0.20275582224645783,2.85093787166925,9.370600534753217,OR_014_6_1
0.44643999999999995,-0.39491,0.012819713046875,0.13578624698074612,0.13639006529700176,0.06424161559330084,0.06551726501416111,3.2732589118905207,10.639087954559244,OR_014_6_1
0.54282,-0.5198699999999999,0.01368766388671875,0.1366131234472328,0.13729711446598086,-0.10285002941613566,0.8177579699365713,3.9536154722383703,10.03071857780514,OR_014_6_1
0.48107,-0.42704,0.012854739609374999,0.1365477237314388,0.1371514680441379,0.043508166824722874,0.5140007306288532,3.5075818243345447,10.669329876957061,OR_014_6_1
0.402,-0.33378,0.013719870820312499,0.12299434335850602,0.123757195158569,0.0616665006761539,-0.007088420868605727,3.2482959575532155,9.02028800118558,OR_014_6_1
0.41452,-0.32085,0.012024133369140624,0.13104338015414593,0.13159387244664128,0.10774179241569345,-0.2986398145207696,3.149994670292,10.944145200536912,OR_014_6_1
0.3947,-0.49066000000000004,0.011125248046875001,0.14102886179564794,0.1414669961633471,-0.03454164671966672,-0.11434400210950413,3.468370784978575,12.71584982657841,OR_014_6_1
0.6049800000000001,-0.60102,0.012495141425781248,0.16622868227226764,0.16669764056286096,0.003467704920815925,0.4002630729738397,3.6292055144155397,13.340995635144859,OR_014_6_1
0.41827,-0.44288999999999995,0.01010314916015625,0.1266827763561775,0.12708500874714393,-0.1548433973421682,0.4761886419107402,3.48499009349097,12.578750858155958,OR_014_6_1
0.37467,-0.37196,0.013480113925781249,0.13625916001993849,0.13692433005419907,-0.055227313636440914,-0.4023030307207356,2.736328869495762,10.157504650967473,OR_014_6_1
0.35778000000000004,-0.32815,0.0132882165234375,0.12731379254789196,0.12800538454026622,-0.04804964211945982,-0.40032363799653403,2.7950386500531605,9.632998881489772,OR_014_6_1
0.51403,-0.46876,0.013699157138671876,0.14436891363572824,0.1450174131981066,-0.06844673955886707,0.6661569271673664,3.544608782623786,10.58586314065033,OR_014_6_1
0.4116,-0.43788,0.01322418625,0.14854566300271438,0.1491331388353731,-0.05353567649872124,-0.13589219748730041,2.936168315663254,11.277300904475101,OR_014_6_1
0.42036,-0.42683000000000004,0.01181341607421875,0.12414603737668643,0.12470683780641795,-0.2050626715986365,0.5944358454919163,3.422667145484836,10.55637306487506,OR_014_6_1
0.40033,-0.38323,0.013849256484375,0.12668909965010616,0.12744383027563375,-0.006234721915503647,-0.0035766596294166675,3.1412269702891455,9.202213939586173,OR_014_6_1
0.43621000000000004,-0.39679000000000003,0.010853283759765625,0.13852526884718544,0.138949789051855,0.07673798965296524,-0.11088418418354351,3.139335437910412,12.802556288484926,OR_014_6_1
0.431,-0.34171,0.011144525791015625,0.11765030090421769,0.11817695950547881,-0.08021584716320872,0.25464323900889374,3.6470729840781306,10.604035659975214,OR_014_6_1
0.39866,-0.35527,0.011171709814453127,0.1336701627048542,0.13413619756695264,0.13302871201804445,-0.17284946643848587,2.9720538099267304,12.006773160778314,OR_014_6_1
0.46375,-0.40617,0.01228757486328125,0.13828915744048645,0.13883398561454754,0.04692316767341303,0.27844392571450927,3.3403204165528626,11.298728663757247,OR_014_6_1
0.44393,-0.40617,0.012480498212890625,0.13686877500614764,0.1374366196009107,0.03599055947462091,-0.0415759843721486,3.2300706904682026,11.012109151768362,OR_014_6_1
0.27266,-0.28768,0.01303380732421875,0.11658022132430239,0.11730655624213075,-0.11539563582405536,-0.785460445169877,2.4523778274918078,9.000175031280595,OR_014_6_1
0.30646,-0.3607,0.013754529960937501,0.11273607445280126,0.11357204575719272,-0.1567188485055946,-0.03174062363641106,3.175957555569511,8.25706424157496,OR_014_6_1
0.50735,-0.47794,0.014890155751953125,0.16035424084030497,0.1610440911483186,-0.01420627682731947,0.09134225601889634,3.150379459637303,10.815473190179455,OR_014_6_1
0.42828999999999995,-0.37968,0.012971977148437501,0.15373989567874738,0.15428618769822436,-0.0073781265899582615,-0.42085638711151674,2.7759451679612916,11.893805704321853,OR_014_6_1
0.30479,-0.33316,0.014399964638671874,0.10391855871578405,0.10491151427350984,-0.17982519065600486,-0.04496417298892741,3.175628520200422,7.285539209327305,OR_014_6_1
0.39637,-0.41326999999999997,0.010328984013671874,0.1419370534825834,0.14231238548373937,-0.14926048692335797,-0.015111616178715703,2.9039636690178074,13.777964175121639,OR_014_6_1
0.39929000000000003,-0.37321,0.01150669138671875,0.1338109596822314,0.13430479097094394,-0.1372849973342699,0.004481086397113199,2.973013800478423,11.671885061076384,OR_014_6_1
0.41848,-0.40367,0.012353192880859374,0.14194271516763307,0.14247924678180865,-0.03290054217275977,-0.15455556565387996,2.937129487382305,11.53379831612396,OR_014_6_1
0.34401,-0.4043,0.01239694322265625,0.14729961265087155,0.14782036425459977,-0.10490514946497524,-0.48775277374275117,2.735076451094206,11.923935576353413,OR_014_6_1
0.53823,-0.40638,0.0125808453515625,0.13793038693522136,0.13850295776574525,0.19060440951127303,0.2990914358588279,3.886054166614062,11.009033406448339,OR_014_6_1
0.5161100000000001,-0.54303,0.01402508294921875,0.1402640316089202,0.14096347581881144,-0.02689341865524896,0.8627564408347541,3.8522744490616394,10.05081155515391,OR_014_6_1
0.34067,-0.37905,0.013645819853515626,0.12343064555126868,0.12418265845389816,0.0005454908106872149,-0.22690207995479295,3.0523585311097268,9.100416881253757,OR_014_6_1
0.42078000000000004,-0.37238000000000004,0.013722016416015625,0.13979890367105166,0.14047073432622678,-0.014076699507557544,0.03161455040232841,2.9954993758862862,10.236886462647734,OR_014_6_1
0.36988000000000004,-0.47021999999999997,0.011529810546875002,0.14609858383664062,0.14655283255644955,-0.12550651972695384,-0.23476848909342163,3.2085357109037376,12.71077432277466,OR_014_6_1
0.34505,-0.27203,0.01289539439453125,0.10240196035356008,0.10321071979616556,0.014773124293123366,-0.1628434716215259,3.343160452114769,8.003687877607517,OR_014_6_1
0.3801,-0.41202,0.010018532333984375,0.129991484394786,0.13037698035039383,0.019428059913521322,0.23625711597823784,3.1602204294995775,13.013579533456806,OR_014_6_1
0.40033,-0.4431,0.012681898466796876,0.11455654073141931,0.1152563732427473,0.0120391809177707,0.6354427692575055,3.844472836415664,9.088257917869942,OR_014_6_1
0.40784000000000004,-0.30103,0.01598124724609375,0.12486798029106633,0.1258865074799953,0.15298891658221597,-0.0029222538644395613,3.239743519177912,7.87713860278501,OR_014_6_1
0.41577,-0.40826,0.00950093271484375,0.1534081130639905,0.1537020392717874,0.03733970556557545,-0.4639944754863752,2.7050389133729418,16.177572003439156,OR_014_6_1
0.38239,-0.25388,0.016343683330078122,0.1035016940406977,0.10478414314240525,0.11567723896753744,-0.01142746929391425,3.64931166952434,6.411292645292078,OR_014_6_1
0.39053000000000004,-0.4527,0.010705972050781248,0.11630714841705876,0.116798846785659,-0.03482423534145459,0.6007820734699862,3.875894399495816,10.909689967614463,OR_014_6_1
0.43914,-0.43705,0.01429537298828125,0.13326084201637975,0.13402540693386686,-0.0938804495478116,-0.015737335838037936,3.2765429090630938,9.37543900871256,OR_014_6_1
0.41076,-0.42996,0.014339720673828125,0.14341047259912584,0.14412560924453377,-0.11652351746352313,-0.1266390606728045,2.9832310806559588,10.050795442395644,OR_014_6_1
0.3705,-0.30791999999999997,0.01217993123046875,0.1220346902610397,0.12264100599671729,-0.008002236186408941,-0.20018546484633903,3.021012376471412,10.069104135893653,OR_014_6_1
0.32356,-0.31918,0.015765316064453125,0.12873533664643258,0.12969707819408435,-0.09748343067851656,-0.5842643151277764,2.494736211567346,8.226734525150722,OR_014_6_1
0.36362,-0.46229,0.012010851259765625,0.13725526968214005,0.1377797866288855,-0.17781252702202008,-0.18973067543989908,3.3552816995566412,11.4712747812597,OR_014_6_1
0.43768,-0.40638,0.014850125732421874,0.12979518793494546,0.1306419421370356,-0.004306626680703147,-0.12453203032858573,3.350225735244154,8.797362102762976,OR_014_6_1
0.4698,-0.34818000000000005,0.013223984150390625,0.12573074766575207,0.1264242645436342,0.19706018087199567,0.41843544633169216,3.7160587643505254,9.560224327679297,OR_014_6_1
0.39846,-0.37509000000000003,0.013922210380859373,0.13484332932672538,0.13556013944299639,0.1009130222844527,-0.23136659542164173,2.939359598609697,9.736968914964764,OR_014_6_1
0.35339,-0.34964,0.0147939541015625,0.13960006809856873,0.14038176552203696,-0.01661395480850507,-0.4686283894562271,2.5173497153886095,9.489130158791019,OR_014_6_1
0.32168,-0.29603,0.013599958271484375,0.11390232852727661,0.11471137393005877,0.08629489271922655,-0.2490807431616746,2.804255464605259,8.434685107519336,OR_014_6_1
0.43413,-0.41202,0.013409872988281248,0.14140689896275346,0.14204131711521195,-0.04726287436992982,-0.05097197308270429,3.0563642027587377,10.592293204197176,OR_014_6_1
0.39324000000000003,-0.44873,0.012751797490234376,0.13695595517482936,0.13754832604245615,-0.13803546990610646,0.18883484560166153,3.2623442949000276,10.7865824689587,OR_014_6_1
0.43496,-0.41389,0.01207372677734375,0.12409127478295541,0.12467726077979453,-0.10117049100941235,0.5628833914818907,3.488687462259382,10.326326970345512,OR_014_6_1
0.45791000000000004,-0.46792,0.01381189453125,0.14558665541804525,0.146240359225335,-0.1019540274858352,0.4349291427954607,3.1996638908643535,10.588000676261991,OR_014_6_1
0.39887,-0.35277,0.014266368701171876,0.12252327715107919,0.12335105479791383,0.0861254907838989,0.13705627863632275,3.2336164244387917,8.646281947101194,OR_014_6_1
0.38135,-0.32753000000000004,0.014681722675781252,0.12006885660706057,0.12096314855217444,0.13889127742922586,-0.07178503159739336,3.1526130181945553,8.239029096543577,OR_014_6_1
0.53301,-0.5159100000000001,0.013501836220703126,0.16027086575449662,0.16083858365151862,-0.07442099850199385,0.5301860618906851,3.313943610949124,11.91234800289962,OR_014_6_1
0.63565,-0.552,0.014215386982421873,0.1440831073133013,0.1447826613932632,-0.006646959507794506,1.2828727267271827,4.39037374705424,10.184925066575397,OR_014_6_1
0.54803,-0.45061,0.013803541757812501,0.1470745260612844,0.1477208650841549,-0.009465832334229735,0.16611313826535135,3.709902429679728,10.701663165461502,OR_014_6_1
0.47418000000000005,-0.55638,0.009940440546874998,0.14775447258564625,0.14808847533595737,-0.09443635798174044,0.47927026958820074,3.7570782937747422,14.897575186940497,OR_014_6_1
0.40805,-0.38969000000000004,0.01387354505859375,0.14161668248306628,0.14229462396732506,0.015742853961079974,-0.1636049744433543,2.8676416982981614,10.256543162530743,OR_014_6_1
0.49901,-0.4625,0.01333300712890625,0.15175012735144053,0.15233473087342192,-0.11681127794557064,0.1780844502722081,3.275746731314286,11.425383484403413,OR_014_6_1
0.31897,-0.25201,0.013637479765625,0.1059027157465018,0.10677717947596384,0.1821172539381614,-0.24600125631473357,2.9872487602517466,7.8296850650824945,OR_014_6_1
0.46584,-0.31522,0.014072034667968749,0.13116616892647834,0.1319188615420326,0.22647355601940963,-0.13638906819406715,3.5312614968278084,9.374540020695859,OR_014_6_1
0.34901,-0.31167,0.014051116962890624,0.1238186083198238,0.12461332855743311,-0.043577477825386915,-0.4419043860471956,2.8007437185052066,8.868570378993347,OR_014_6_1
0.40597,-0.38156,0.014363672783203125,0.14771762598697044,0.14841432586866204,0.07001535657561397,-0.36706094118241905,2.7353828202802792,10.332616022108335,OR_014_6_1
0.40721999999999997,-0.43933999999999995,0.01310658453125,0.13534085147277794,0.13597399985089553,-0.12730694019159475,0.004017600329192739,3.2310588586840603,10.374479266678042,OR_014_6_1
0.31981,-0.35715,0.015374101972656248,0.12310694041572409,0.1240632169097121,-0.15147099621987056,-0.16234662613184359,2.8787742734508024,8.069623127304785,OR_014_6_1
0.43496,-0.46353999999999995,0.013761953798828126,0.12859539796608235,0.12932968626891578,-0.05016483516893504,0.11072262015123613,3.584173207162863,9.397624694998171,OR_014_6_1
0.49692,-0.44852,0.01282369908203125,0.16777492129970642,0.1682642905528953,-0.044500071598557685,-0.13042794593021556,2.9532112572071716,13.121352610910606,OR_014_6_1
0.402,-0.3196,0.01207803064453125,0.13410432661534125,0.13464712860363698,0.05618177380432736,-0.48522605815566333,2.985581654680454,11.14810198933393,OR_014_6_1
0.5555399999999999,-0.43288000000000004,0.01388964326171875,0.1452801747019237,0.14594263034274557,0.2306886901561924,0.5535071730172261,3.8065642293053967,10.507297925907151,OR_014_6_1
0.35986,-0.35506,0.012903822841796878,0.14939812360295238,0.14995435298788598,-0.0597362306707927,-0.7358891607434357,2.399796941068288,11.620923753017122,OR_014_6_1
0.43392,-0.30395,0.015770446044921876,0.13190854809701186,0.13284792820935326,0.19448335688478136,-0.013277913263153085,3.266291033533472,8.423853035423662,OR_014_6_1
0.37718,-0.37822,0.012699414228515626,0.11848548474029273,0.11916411043552319,-0.020653994590356148,0.34089157167431905,3.17394218312655,9.38343288185024,OR_014_6_1
0.43851,-0.33608000000000005,0.013552854980468751,0.1408873355220216,0.14153770235741536,0.10591380578659411,-0.3950287599957192,3.098185074351963,10.443385701241697,OR_014_6_1
0.35152,-0.35485,0.010920795126953126,0.13060798033707305,0.13106375659935182,-0.0831710718962298,-0.3337647479066317,2.707460906811014,12.001300553160155,OR_014_6_1
0.39157,-0.3148,0.013690509052734376,0.1389904157814738,0.1396630434912184,-0.04895634983775469,-0.5182945017988927,2.8036765303696405,10.201449248658477,OR_014_6_1
0.29331,-0.31772,0.013072579677734375,0.11628360256811904,0.11701610387314633,0.008219465494071158,-0.5300935593357448,2.715181814882924,8.951262704574606,OR_014_6_1
0.38031,-0.40284000000000003,0.01175194748046875,0.15118870871277745,0.15164476223009077,-0.009191632708172194,-0.7669123565661895,2.6564715550959743,12.903797398543574,OR_014_6_1
0.39261,-0.31939,0.0144232530859375,0.1304739471997692,0.13126873629112593,0.030719364554068082,-0.34275465572143027,2.9908873057053578,9.101187256980474,OR_014_6_1
0.39971,-0.30541,0.01340873814453125,0.12906372134650992,0.12975838480205495,0.2568949524674518,0.16196605420895427,3.0804174815318173,9.677150357196476,OR_014_6_1
0.3292,-0.32022,0.013247464648437499,0.12497538098851983,0.1256755392780842,-0.06429763819858517,-0.5333276121467603,2.6194436822915113,9.486760910597816,OR_014_6_1
0.37989,-0.33796,0.01619341341796875,0.13298136479880354,0.13396368919180196,-0.0048036756870844825,-0.3039973098162929,2.8357684045288245,8.272726537718407,OR_014_6_1
0.49776000000000004,-0.39679000000000003,0.011700025283203123,0.14279738385635699,0.1432758996755817,0.10039562425506793,-0.09171580387331746,3.474136247986836,12.245775881826223,OR_014_6_1
0.5714,-0.47856000000000004,0.0153403415625,0.17340551017306635,0.17408273044054537,0.08097031767247893,-0.06632067265012287,3.2823473946647646,11.34803409580283,OR_014_6_1
0.33566,-0.34588,0.01386519158203125,0.12834143287263092,0.12908821375093257,-0.01192294272649375,-0.4088055541272415,2.67940803633665,9.310235900958626,OR_014_6_1
0.4527,-0.43267,0.013316862138671875,0.13463423254085258,0.13529122436094945,-0.12149033110738577,0.3495423027870874,3.3461150107275737,10.159391363576212,OR_014_6_1
0.40346,-0.35882,0.015392231406250002,0.14147517536661644,0.14231003489802968,-0.0008328978820698955,-0.3974526143510291,2.835077634925858,9.24557472509607,OR_014_6_1
0.5142399999999999,-0.5232100000000001,0.013359765341796875,0.1309960632801892,0.13167555553289007,-0.011251586963618639,1.0466965624636186,3.9734785542319853,9.856127133072288,OR_014_6_1
0.47752,-0.39303,0.0146121040234375,0.13139800816655592,0.1322079805992439,0.02933731971624716,0.5300534843962192,3.611884806225125,9.04783947194365,OR_014_6_1
0.39157,-0.31918,0.01499829076171875,0.1306383444045353,0.13149648571171413,-0.024035389259620066,-0.386132950459956,2.9777981890760103,8.767430838180008,OR_014_6_1
0.43663,-0.36821,0.014102632822265624,0.15920117109622564,0.15982458237370545,0.04116865955538421,-0.47398596873647314,2.7319326650710667,11.332959813603756,OR_014_6_1
0.48523999999999995,-0.42641,0.015709318857421873,0.13140368553779022,0.13233937914271252,0.10427037537355599,0.42108385278907745,3.6666334652370707,8.42425899681384,OR_014_6_1
0.29749000000000003,-0.33191,0.014757937177734376,0.11537777026615094,0.11631778273905782,-0.12941578616511853,-0.1993876841910307,2.8534759632679405,7.88170958152874,OR_014_6_1
0.44331000000000004,-0.43371000000000004,0.01728225732421875,0.1432069645496311,0.14424600900454687,0.09290350343924728,0.23951722486030036,3.073291247265877,8.346479163686935,OR_014_6_1
0.39992,-0.36216,0.014318042841796877,0.13883488261753532,0.1395712398105152,0.021089987685927635,-0.30476418551196494,2.8653467410448807,9.747926557053995,OR_014_6_1
0.41681,-0.44998,0.0150790337109375,0.15778296984625387,0.15850187011880792,-0.029315806430731957,-0.4708469697934241,2.838957021918747,10.511406940647163,OR_014_6_1
0.42118999999999995,-0.38552,0.013547269609375,0.13768019041964313,0.1383450879065039,0.007280395778671579,-0.23364723919220243,3.0444882671957205,10.212026606360558,OR_014_6_1
0.33066,-0.36967,0.011999771347656249,0.11454230723297258,0.11516915671588777,-0.13246354244905123,-0.05205401191009251,3.2098003261597476,9.597611802892427,OR_014_6_1
0.44331000000000004,-0.38072,0.014275174228515625,0.14277114208745867,0.14348302900417104,0.17340460475564962,-0.1672415362335311,3.089633665995993,10.051227162350626,OR_014_6_1
0.45582,-0.47084,0.013824287373046876,0.16233504200370208,0.1629226097989972,0.04517078898632584,-0.04746095627044067,2.8899610538459286,11.785243869525056,OR_014_6_1
0.38928,-0.32231,0.01309286169921875,0.11924430013175634,0.11996093589742977,0.07408214544506972,-0.006964719698624666,3.2450563497419678,9.162315274610481,OR_014_6_1
0.3851,-0.31626,0.015108153300781248,0.12825885592179803,0.12914561710924785,0.14393028362003363,-0.28127392547231755,2.9819052759051665,8.548073744690951,OR_014_6_1
0.47231000000000006,-0.51883,0.0133355315625,0.1552120431329671,0.15578387187242612,-0.05950133718996299,0.15132407588020014,3.3304474361404415,11.681863558302576,OR_014_6_1
0.41681,-0.39846,0.0155503019140625,0.15965332133472934,0.16040883673547676,-0.017137936496756274,-0.6082403901966162,2.5984229166184925,10.315479873412327,OR_014_6_1
0.43475,-0.43037,0.0141660698046875,0.14359428954604436,0.1442913633033679,-0.04082539841475557,0.06334094585074324,3.013000827173221,10.185701122969286,OR_014_6_1
0.32899,-0.3463,0.014591540517578126,0.1168571107009445,0.1177645845577053,-0.2075385946128607,-0.07620213894855077,2.940612395144133,8.070743205290324,OR_014_6_1
0.38594,-0.43204,0.015862343642578124,0.13719569214430402,0.13810963720461322,-0.09930226338380996,0.11258637613527656,3.1282393149124093,8.70676059035407,OR_014_6_1
0.57202,-0.49525,0.0130478185546875,0.1628623475083871,0.1633841785638337,0.2754504453462725,0.28682200319342543,3.501073369080472,12.521952643431296,OR_014_6_1
0.44351999999999997,-0.37592,0.017769311347656247,0.13429900552081303,0.1354694478827212,0.05624560548226743,0.3769699283127963,3.2739485076370594,7.6237867415611875,OR_014_6_1
0.35277,-0.37071,0.015173307294921874,0.12673769510194752,0.12764275386413573,-0.04880831590849184,-0.27472904113965235,2.9042776489318767,8.41232191313575,OR_014_6_1
0.5171600000000001,-0.34025,0.016719975126953127,0.1471967864643701,0.1481433478549857,0.0464862250203542,-0.2328345960279603,3.490943089900288,8.86026072825391,OR_014_6_1
0.44538999999999995,-0.37822,0.018133489150390626,0.14429503983010125,0.1454299898519485,-0.005452594257069702,-0.13784868925629956,3.062573251850222,8.01996684840153,OR_014_6_1
0.38469000000000003,-0.3488,0.014855709824218749,0.12253822779109065,0.12343544622418072,0.0007807395168492053,0.001853557371143122,3.1165277774814117,8.308955908252347,OR_014_6_1
0.36821,-0.35465,0.013902187021484373,0.12494501530388187,0.1257160596473959,-0.09316409257016442,-0.1658906671081719,2.928901829279735,9.042897380837816,OR_014_6_1
0.38698,-0.31856,0.015175718007812502,0.12083104751659375,0.1217803122881937,0.07403553223797207,-0.2301402572730593,3.177689312427781,8.024681547246683,OR_014_6_1
0.60415,-0.55867,0.014167180869140625,0.18321137131720042,0.18375830755018405,0.0291207411805474,0.4688441239492436,3.2877424959264236,12.970702942019248,OR_014_6_1
0.33983,-0.35778000000000004,0.016194987880859376,0.12595346121048925,0.1269903619309883,-0.17732793077546324,-0.05851499814745109,2.8173791439152915,7.841336778012636,OR_014_6_1
0.40033,-0.3705,0.015624817607421872,0.13482201715277786,0.13572439439691425,-0.04808943605559984,-0.5319483709940975,2.949580278691016,8.686462083626651,OR_014_6_1
0.38698,-0.36341,0.017966110107421877,0.14680476657959782,0.1479000358447631,-0.039291643069726455,-0.6472096600411854,2.616496981715947,8.23216749359103,OR_014_6_1
0.49963,-0.40763,0.013670491748046876,0.14620422677972142,0.14684194997646152,0.09420669259210007,0.16079615766502142,3.4025017828868926,10.741525757909573,OR_014_6_1
0.43433999999999995,-0.34109,0.016602425830078125,0.12497648243392279,0.12607442922734116,0.16049315719153526,-0.14428911891484164,3.4451077765474345,7.593734971259495,OR_014_6_1
0.33983,-0.31751,0.014433615185546873,0.11773250756709945,0.11861396454617634,-0.02153729328337265,-0.07082195102212285,2.865008335529465,8.21789654244448,OR_014_6_1
0.45186000000000004,-0.48712,0.014051536816406248,0.14191995177807396,0.14261387870608408,-0.22064047866948988,0.15585857542170123,3.415656323240878,10.14934312311151,OR_014_6_1
0.47815,-0.38531,0.01716498638671875,0.15348227529514966,0.15443913230600703,0.1032039412746637,-0.22031657225625523,3.0960417205436492,8.997334447533756,OR_014_6_1
0.29039,-0.28956,0.01574383869140625,0.10785853803047196,0.10900152605726118,0.012528634292171627,-0.4979348071349401,2.664091117250596,6.923439783038409,OR_014_6_1
0.33128,-0.29561,0.012385396826171874,0.12539633786480234,0.1260065061988682,-0.05678019725910821,-0.662522337535552,2.6290705723408516,10.173795623472094,OR_014_6_1
0.45019,-0.44811000000000006,0.013846349853515625,0.1684221688922877,0.16899037954465995,0.016862008097344942,-0.19751889235321451,2.6639977882115367,12.204687092827266,OR_014_6_1
0.46584,-0.50089,0.012361211132812501,0.15380866326899606,0.15430458333201055,-0.15867846729745366,0.3260339325433641,3.2461122407242056,12.482965398062642,OR_014_6_1
0.42223999999999995,-0.49128999999999995,0.013514700361328125,0.12748399364921348,0.12819834539731464,-0.17517264183262882,0.4722060054989101,3.832264719525984,9.485843746732726,OR_014_6_1
0.33232,-0.37718,0.01275500560546875,0.1147782720698572,0.11548481245314339,-0.01753207976820043,0.004768715653067801,3.2660571439814152,9.054077040119203,OR_014_6_1
0.40721999999999997,-0.38823,0.012878904130859374,0.12830481135103358,0.1289495668369467,0.04942226602518166,0.10554847203757056,3.1579787883811976,10.012463445201437,OR_014_6_1
0.38448000000000004,-0.39762,0.01609817439453125,0.14137570290056617,0.14228928487228368,-0.07108732246293215,-0.039887475363308944,2.794447927420878,8.838845483111156,OR_014_6_1
0.41306000000000004,-0.34442,0.010900598564453124,0.13118623449850883,0.13163833473179878,0.08958509900735542,-0.39101722497002767,3.137839731137079,12.07624717828106,OR_014_6_1
0.3292,-0.2785,0.01729352119140625,0.1108034762996299,0.11214488947464464,0.03313470811105237,-0.3015489365383419,2.935488176114723,6.4847917175815875,OR_014_6_1
0.43851,-0.36278,0.01461396328125,0.13888081236922067,0.1396475848954088,0.11940314532820942,0.07251035190660193,3.140118729502627,9.55576339231781,OR_014_6_1
0.46813,-0.47272,0.011193331044921876,0.13462813118296083,0.13509265104252607,0.02814502592010172,0.8635429657644158,3.499228069422988,12.069029177403355,OR_014_6_1
0.40075,-0.35089000000000004,0.014792645869140624,0.12639201245515697,0.1272547177289485,0.11876287315133519,0.1590768215227718,3.1491955976390487,8.602565778435388,OR_014_6_1
0.36529,-0.39157,0.011517529443359376,0.12445883484586448,0.12499061987072797,-0.1286783231632449,0.18263695287737836,3.1327950631190378,10.85220659805535,OR_014_6_1
0.37217,-0.33045,0.013149049833984374,0.1218289215372891,0.12253645838882217,-0.04642515246637434,0.013203251273540051,3.037218488736174,9.31903450187603,OR_014_6_1
0.4383,-0.5868399999999999,0.011373920703125,0.14242945870015616,0.14288287783279166,-0.25132171110356644,0.4732455450371842,4.107140091198386,12.562322966715554,OR_014_6_1
0.36403,-0.26765,0.013671508369140623,0.1067408251434547,0.10761279614150472,0.05757655855672399,-0.1329764651822556,3.3827761164996133,7.871317879824498,OR_014_6_1
0.39366,-0.36174,0.012486223486328125,0.13753202510238963,0.1380976600298313,0.1510221820624171,-0.014323308573911842,2.850591364577588,11.060001378402434,OR_014_6_1
0.33524,-0.33899999999999997,0.009317046884765624,0.12796842538382716,0.12830715201370912,0.03854840677085779,-0.23739936160130393,2.6420974360157388,13.77122384693387,OR_014_6_1
0.41765,-0.44038999999999995,0.012255753203124999,0.12953775870167708,0.13011623425241686,-0.13026745549023533,0.3566038603599373,3.384589164800784,10.616746394868098,OR_014_6_1
0.36445,-0.36675,0.007633423876953126,0.12155749262957886,0.12179693417518914,-0.10169894027548054,-0.35503349330490286,3.0111595129424034,15.955738890274409,OR_014_6_1
0.38844,-0.431,0.00928174935546875,0.1378095218714724,0.13812174046666795,0.07937492318424365,-0.12395684492259562,3.120435605744303,14.881001446595413,OR_014_6_1
0.39929000000000003,-0.35173000000000004,0.010529889365234375,0.1294983133531459,0.1299257162048901,0.048263824378505446,-0.3176213049194869,3.073217593791137,12.338752987766574,OR_014_6_1
0.41868999999999995,-0.39095,0.008373811865234374,0.14245951382882677,0.1427054091669269,-0.0743747674430756,-0.05563053425159925,2.933946228879798,17.041867481825168,OR_014_6_1
0.38406,-0.37718,0.008049474394531249,0.12666980593761504,0.12692530785584594,-0.10696701989468814,0.12760512981985217,3.02587406295928,15.768146572890702,OR_014_6_1
0.43914,-0.34776,0.008893434599609376,0.1256028787316479,0.12591733925339504,0.12236184384770257,0.236864794286181,3.4875260160060413,14.158458544291442,OR_014_6_1
0.44393,-0.44226000000000004,0.009676387636718749,0.13433425285696293,0.134682307554981,0.12626932720741507,0.2292724498263663,3.2961270471449904,13.918654222289652,OR_014_6_1
0.41556000000000004,-0.39679000000000003,0.00951429384765625,0.14255795231947438,0.14287509075042112,-0.1566187251678943,0.12217390763636615,2.908554562651927,15.016887014555467,OR_014_6_1
0.31626,-0.3365,0.007735521308593751,0.1252274838444551,0.12546617472422186,-0.06696395797804247,-0.3710553539902035,2.6819977420817893,16.219483277145443,OR_014_6_1
0.34276,-0.33837,0.010221037705078127,0.11775886018140548,0.11820160220146102,-0.08841865417558746,-0.3678264801425595,2.8997914640447395,11.564539144415413,OR_014_6_1
0.41285,-0.3972,0.005713887158203127,0.1432612130484962,0.14337511524174373,-0.10539209635468029,-0.2834749147952098,2.8795094352627872,25.092390903015428,OR_014_6_1
0.39303,-0.28121,0.01104971865234375,0.12069958523349539,0.12120431575580867,0.08059808611487007,-0.46283465575356075,3.2427062873663215,10.968994650475146,OR_014_6_1
0.33942,-0.28497,0.008226567158203125,0.10978328175149266,0.11009107756460579,0.07997926230425399,-0.3024194169791503,3.0830836106380315,13.382381990578713,OR_014_6_1
0.34901,-0.29248,0.008204962548828125,0.12235165813178539,0.12262646393835612,0.06038666938465828,-0.45473348962604687,2.8461229814905455,14.945400209105166,OR_014_6_1
0.41723000000000005,-0.35715,0.008557605546875,0.13374331207884882,0.1340168128949359,-0.09096665337160963,-0.1734864820737645,3.1132660736666415,15.660548561194966,OR_014_6_1
0.34067,-0.32711,0.007534085126953125,0.12030456631674744,0.12054024686950353,0.003186508575044395,-0.2955267379831157,2.8261929606184997,15.999318940391705,OR_014_6_1
0.50652,-0.39324000000000003,0.006314176289062499,0.15098585119447322,0.15111782185807526,0.11740051926483092,-0.08201949988523305,3.3518217138140374,23.933097684767823,OR_014_6_1
0.34505,-0.52759,0.008888503095703125,0.12714375097285927,0.12745406583836696,-0.33194621561742327,0.3727003343191102,4.139452063691873,14.339203139927756,OR_014_6_1
0.42975,-0.46313000000000004,0.0051786764746093745,0.1437335422621801,0.14382680508605686,0.031389908348942404,0.07228189132941898,3.220053428168963,27.772883287524223,OR_014_6_1
0.42662,-0.34714,0.008936478857421874,0.1306836436293813,0.13098883680153925,0.05605438179676506,0.0018368262884416175,3.2569187356740317,14.657766692413137,OR_014_6_1
0.28393,-0.3196,0.0086426070703125,0.11073128519570914,0.11106805201346286,-0.08155054940307435,-0.45913746346412054,2.877515102936579,12.851219343728362,OR_014_6_1
0.46876,-0.39637,0.00825852205078125,0.1658155102688941,0.16602104273915694,0.1116013432022639,-0.44028178737267964,2.8234974882852186,20.102994411749144,OR_014_6_1
0.28664,-0.24595999999999998,0.009506388017578124,0.10407718109365667,0.10451043506532043,0.007992442292687588,-0.5051460603655218,2.7426926036443495,10.993704851765663,OR_014_6_1
0.39511999999999997,-0.35778000000000004,0.0088208544921875,0.12944413571330807,0.1297443322251021,-0.018974959588144557,-0.22322674096941775,3.045373853164592,14.70881507355094,OR_014_6_1
0.35652,-0.32356,0.011493007441406251,0.13037529225047792,0.13088088496585645,-0.1152558156811992,-0.4880038681867047,2.7240035652952956,11.387869906570977,OR_014_6_1
0.40513000000000005,-0.36195,0.007644518349609376,0.13515150701970638,0.135367531227009,-0.014600282658391243,-0.25133779953309165,2.992815140639515,17.707788421508294,OR_014_6_1
0.5131899999999999,-0.55742,0.010184252294921876,0.17534142015796714,0.17563693409365636,-0.12386141684433581,0.16029475783096414,3.1737060300144857,17.24593144018063,OR_014_6_1
0.39616,-0.36988000000000004,0.009140915244140627,0.13244043791150473,0.1327555118467467,-0.07456404319045216,0.3946270468359776,2.9841321953787947,14.523217180973914,OR_014_6_1
0.31,-0.36925,0.007615253720703124,0.11730345943304522,0.11755038785214947,-0.17195900431479832,-0.3056935188470722,3.141206112592524,15.436172808845443,OR_014_6_1
0.42286,-0.45833,0.010486391435546876,0.1416937471712275,0.14208125278432499,-0.027861674499675568,-0.04830455036819137,3.2258302048469463,13.549106964822007,OR_014_6_1
0.34526,-0.40054,0.006340362763671874,0.14259969227049918,0.1427405773969547,-0.09091786397711049,-0.4293022072672721,2.806069615930219,22.512994950669803,OR_014_6_1
0.40388,-0.41618999999999995,0.009106737021484375,0.12669144612829447,0.12701832616302666,-0.1757440413614526,0.3489137640022566,3.276613771379815,13.947730335864323,OR_014_6_1
0.40179000000000004,-0.4068,0.006785431748046875,0.1422087253830928,0.14237051541344964,0.13509327849590375,-0.18615584296942478,2.857333177177195,20.98178859033415,OR_014_6_1
0.43621000000000004,-0.38072,0.0076289390624999995,0.14372163308718508,0.14392396787355047,0.06609798046313049,-0.0022888889134735635,3.0308363743307267,18.86552610119559,OR_014_6_1
0.31251,-0.33003000000000005,0.0087109086328125,0.12740128225425867,0.12769873393749248,-0.07605775211868308,-0.5528824867972228,2.5844422042359865,14.659632497675478,OR_014_6_1
0.37613,-0.3221,0.008874607666015626,0.12219210650382466,0.12251395656441649,0.10766327589887303,0.001294466634711,3.0700991746367756,13.804998189223905,OR_014_6_1
0.45165,-0.48461000000000004,0.00913530931640625,0.15057966384470536,0.1508565180557038,-0.03348248673882586,0.12710829664278878,3.2123901773251027,16.513562520670828,OR_014_6_1
0.54386,-0.53489,0.0098520209765625,0.1391324925598615,0.1394808689507007,-0.01756171370001885,1.1294000240668414,3.8991726979637176,14.157588085219375,OR_014_6_1
0.42328000000000005,-0.44643999999999995,0.00820380947265625,0.1443261738572189,0.1445591468919481,-0.012638582548881323,0.13282651134730106,3.0882860511442356,17.620975932314828,OR_014_6_1
0.38135,-0.38719000000000003,0.0103697220703125,0.12888910010279142,0.12930557320209718,-0.013047532223385859,0.09625311333231368,2.994379804499722,12.469530027497683,OR_014_6_1
0.397,-0.4164,0.00912398109375,0.13219480500406525,0.13250929590433247,-0.1265800610654122,-0.201190783716378,3.142421020470946,14.523186755824783,OR_014_6_1
0.38948,-0.42203,0.008717506474609376,0.13221784066565834,0.13250491428405317,-0.08317247027609276,0.058720318933236815,3.1850139226555236,15.199862422829826,OR_014_6_1
0.39929000000000003,-0.32961,0.0087728344140625,0.13699143006837644,0.1372720457188405,0.004325509210970839,-0.43189755863797696,2.908749519979276,15.647397818360867,OR_014_6_1
0.32127,-0.30437,0.008947614873046876,0.10111954321385344,0.10151463850940289,0.02470559207249163,0.20154219891413083,3.164765215663718,11.345439941738888,OR_014_6_1
0.41452,-0.34442,0.01161789236328125,0.1307240701722436,0.13123931554744736,0.08182640587404062,-0.1875071809477893,3.158504714173342,11.296309188224582,OR_014_6_1
0.47648,-0.51027,0.009928741542968751,0.1595107710027758,0.1598194793338004,-0.010956022775384043,-0.2544365030816058,3.192789758383931,16.0966485576746,OR_014_6_1
0.37509000000000003,-0.31167,0.0119571439453125,0.13073344869366577,0.13127912209741602,0.016230970761720673,-0.19283004516658897,2.857194587761403,10.979136131395707,OR_014_6_1
0.39553,-0.35882,0.011977914326171873,0.11764063323220421,0.11824884362596999,0.02545401008594986,-0.2515614336228986,3.344895260931227,9.872239067143429,OR_014_6_1
0.42975,-0.3705,0.010480641640625,0.14603390364864702,0.14640951083881648,0.07570183913427006,-0.3783134430199806,2.935260111194931,13.969516551523748,OR_014_6_1
0.41723000000000005,-0.37008,0.012222100712890625,0.12823233130049716,0.1288134718754079,-0.05808612941591036,-0.13985324416695422,3.2390245421265593,10.539387979364351,OR_014_6_1
0.42704,-0.36445,0.008987527636718751,0.13581443318035907,0.13611148339917173,-0.010489777099255058,-0.023770955243147984,3.1374281302202784,15.144483973390104,OR_014_6_1
0.33378,-0.39032,0.010166473291015625,0.11471471624672426,0.11516433172967835,-0.06073901962639242,0.33075343510621336,3.389243794050246,11.327853534381338,OR_014_6_1
0.47961000000000004,-0.38615,0.011259554931640624,0.14480896178934752,0.1452460429470192,0.15310099200295826,0.09698313786307455,3.302052069486625,12.899802072909592,OR_014_6_1
0.45895,-0.42787,0.007252361845703125,0.1371934040755519,0.13738495868972944,0.11163610379423373,0.28014763527244346,3.340613128514897,18.9434756110041,OR_014_6_1
0.42723999999999995,-0.33796,0.013245947304687502,0.13867420328005514,0.13930538315282945,0.11407063664256886,-0.5044026590885453,3.0669309919226277,10.516829746612538,OR_014_6_1
0.40784000000000004,-0.38802,0.010104590224609375,0.14413530158709772,0.14448905808818496,-0.06812373444922455,-0.3334031578085739,2.8226358630454227,14.299347185493954,OR_014_6_1
0.41681,-0.40763,0.011443473935546875,0.1370566575805832,0.1375335612964151,0.03960965272365746,-0.0659858612056281,3.030605715728374,12.018513788079748,OR_014_6_1
0.44393,-0.36132,0.010212466171875,0.11802676980233785,0.11846777137806612,0.10645555077375389,0.35557149668622845,3.7472638430584015,11.60030866041115,OR_014_6_1
0.45186000000000004,-0.43225,0.0107820137890625,0.15165297480721385,0.15203577404421953,-0.03555915998546018,0.08179931621194125,2.9720636466553794,14.100868624150635,OR_014_6_1
0.32794,-0.36549,0.009467198974609375,0.11685445146554627,0.11723732632459063,-0.12655672120334927,0.04722003194280466,3.117522450747119,12.383526981474578,OR_014_6_1
0.46563000000000004,-0.37968,0.008625228935546875,0.14932124648561645,0.14957014817873526,0.17153362522918267,-0.2804729792764089,3.113121184652798,17.34100415831429,OR_014_6_1
0.43517,-0.38177,0.01067033689453125,0.14747736513524168,0.14786287335459228,-0.04700375260625103,0.14698292479936637,2.943064659736101,13.857374978760026,OR_014_6_1
0.373,-0.27975,0.010237649599609374,0.11530492544651326,0.11575852150727549,0.12391560220791731,-0.0027271590216182418,3.2222249551997932,11.307137353534253,OR_014_6_1
0.44038999999999995,-0.44018,0.008799683310546876,0.1357120626549635,0.13599705282259117,-0.09976297952060222,0.2828623075308916,3.2382319147478804,15.454764969192325,OR_014_6_1
0.56305,-0.40033,0.010955929189453126,0.14953714165647108,0.1499379508970021,0.12631436049097608,0.5732511023413975,3.7552200285273996,13.685551870469373,OR_014_6_1
0.3947,-0.30791999999999997,0.009305253691406251,0.11703726537309528,0.11740659790775712,0.2629616013059835,0.2751035139773288,3.3618212576799373,12.617236368198121,OR_014_6_1
0.40993,-0.36633000000000004,0.008473825087890624,0.1390041598475979,0.13926220652623855,0.14785016621176642,0.06605207426921123,2.943583957785278,16.434395169526645,OR_014_6_1
0.34651,-0.36841,0.009285649101562498,0.11424531488751916,0.11462205395553578,-0.08290157324661297,0.07359267534099034,3.214128381688094,12.343998826344782,OR_014_6_1
0.49525,-0.56118,0.010119673857421876,0.15520524462668894,0.1555348056179418,-0.19239174298707049,0.5039121803037179,3.6080669800071927,15.369545742259788,OR_014_6_1
0.50589,-0.48586999999999997,0.009376111113281248,0.15429484622724876,0.15457946510419468,0.11447300044679179,0.4944670348793836,3.2726856467404506,16.486520557410262,OR_014_6_1
0.36174,-0.40367,0.0095785987109375,0.13977581625619187,0.14010363436881246,-0.07521032353557382,-0.47992707425187264,2.8812243089722016,14.626734449382257,OR_014_6_1
0.35047,-0.33775,0.012305266181640625,0.13290335093964914,0.1334717957726971,-0.011081584358532142,-0.46208725064812173,2.6257981721550623,10.84672066055064,OR_014_6_1
0.42099,-0.3899,0.007922453759765625,0.1388175221976228,0.13904340956213324,-0.037311458170783414,-0.19994693970084843,3.0277594479162713,17.550546362002407,OR_014_6_1
0.39387,-0.43872,0.010091947949218751,0.12903095017610505,0.1294250111715593,-0.046235242945774246,0.24707333870910242,3.3897620918779965,12.824580447523816,OR_014_6_1
0.41973,-0.39261,0.010691543623046876,0.16005574926267602,0.16041244333617055,0.02695289795576936,-0.40065382584350884,2.616567572029431,15.003673369176495,OR_014_6_1
0.3607,-0.38281,0.00786892986328125,0.12056287783498146,0.1208194006318766,-0.09654518716438745,0.06976127755296391,3.1684480706698075,15.353979178500033,OR_014_6_1
0.52258,-0.50673,0.010459823876953125,0.15099155224560362,0.1513534167604872,0.055054851256390945,0.04262996814905318,3.4527135741788744,14.46997617464657,OR_014_6_1
0.49087,-0.41577,0.0078069949023437495,0.15744278578038667,0.15763622668566368,0.14841127930091447,-0.18418096256515692,3.1139415552294545,20.191662536717804,OR_014_6_1
0.39324000000000003,-0.40534000000000003,0.008138224677734375,0.1222515491362617,0.12252212847939384,-0.037860095949194095,0.7485655596992529,3.308300318663425,15.055140190398744,OR_014_6_1
0.43809,-0.39637,0.008605611484375001,0.12799589040713946,0.12828485690110297,0.08974741790111238,0.27327295455877865,3.4149782536122166,14.907115226722867,OR_014_6_1
0.43872,-0.40075,0.008136741201171874,0.13855323488106255,0.13879195024705768,-0.0569474331143221,-0.15933891085549146,3.160990216349456,17.0574348818706,OR_014_6_1
0.32732,-0.33671,0.00765715490234375,0.1326730483720622,0.13289382899718877,-0.024155631598776543,-0.5965371626934277,2.533676695201897,17.35550780107687,OR_014_6_1
0.36424,-0.31292,0.0077245072656250005,0.12318891880075349,0.12343086213664445,0.05289023315099613,0.03834420473641886,2.950963727740988,15.979122280951755,OR_014_6_1
0.35778000000000004,-0.38928,0.00960120345703125,0.11668705044827478,0.11708138558345445,0.007548631381021037,0.1451785963730554,3.3248666706088685,12.194447697414905,OR_014_6_1
0.43809,-0.431,0.009687345126953125,0.1562779507251929,0.15657791203894156,0.0013820945698446853,-0.038843717165619296,2.797904196686063,16.163137972668746,OR_014_6_1
0.42828999999999995,-0.3486,0.011000187431640626,0.14276210904280942,0.14318527823027838,0.03378122315317857,-0.28972710059243,2.9911594425234216,13.016620498829308,OR_014_6_1
0.36675,-0.35006,0.011274438056640624,0.11258435245966235,0.11314746737004105,0.08321297532518962,0.14007019385017916,3.2413451691253865,10.035751384313652,OR_014_6_1
0.35986,-0.2543,0.0126401480859375,0.1091225063993745,0.1098521494851874,0.06600784985321341,-0.2991038078752304,3.275857581400047,8.690732105952835,OR_014_6_1
0.35173000000000004,-0.36946,0.009425885888671876,0.1274355729094708,0.12778369445101873,0.01047664263512854,-0.24689006648893885,2.891292184781267,13.556675988186369,OR_014_6_1
0.50255,-0.43433999999999995,0.012774586865234375,0.16184574797736498,0.16234911828504078,0.05022493679022038,-0.24497133454773357,3.0954895364579054,12.708755851675546,OR_014_6_1
0.44601999999999997,-0.40972,0.007393168906249999,0.13633691315564295,0.13653722142802552,-0.0006752972654742991,0.17279234064114313,3.2666549975785233,18.468021587411428,OR_014_6_1
0.34109,-0.34755,0.010900609501953124,0.11777850661239232,0.11828186635050789,-0.05616453388811522,-0.05424148763254921,2.9383201989033165,10.850939617493411,OR_014_6_1
0.4141,-0.47397,0.009694918544921875,0.14712446732224851,0.14744354964001663,-0.2522613711022997,0.3982978804437187,3.214586178524672,15.208331431408984,OR_014_6_1
0.44185,-0.49901,0.010915409882812501,0.14625329035795567,0.14666005288911596,-0.04886673586300939,0.44508047601705103,3.40249431775937,13.436054259766633,OR_014_6_1
0.37238000000000004,-0.37551,0.012355423876953125,0.12498106673941921,0.12559030035198712,-0.1620898498013186,-0.34794648994588373,2.9899601797082447,10.164790090404237,OR_014_6_1
0.43663,-0.44685,0.009424340185546875,0.14780181780152343,0.14810197680438852,-0.1280739817360617,-0.26229065958045394,3.0171778029203273,15.714836070612238,OR_014_6_1
0.38344,-0.31125,0.01422372408203125,0.13254943502851252,0.13331041614644978,-0.10785404580287847,-0.2793078851068458,2.8762943527418967,9.372398255563873,OR_014_6_1
0.36716,-0.30479,0.011023943212890625,0.10518707611894623,0.10576317084133789,0.2114496679405175,0.24055308763488714,3.471529773622904,9.593950114303544,OR_014_6_1
0.54052,-0.5313399999999999,0.0100615240234375,0.15944618100943025,0.15976332152332778,0.0429225494490589,0.6212442416121555,3.3832546260489553,15.878638789961977,OR_014_6_1
0.36821,-0.31438,0.011787560537109375,0.11267603927647302,0.11329093701814505,-0.10817290656920324,0.13421266913514263,3.250127560432294,9.611057949643333,OR_014_6_1
0.44852,-0.39032,0.00877381931640625,0.13486552839826668,0.13515062210563675,0.015797726411690614,0.06984155506391643,3.3186676442433174,15.403851142576663,OR_014_6_1
0.42558,-0.42954,0.013446595986328125,0.1495846223501724,0.1501877830825904,-0.07544362480740646,-0.4190417893374261,2.8600195590061426,11.16920386885205,OR_014_6_1
0.31543000000000004,-0.34338,0.012537539736328124,0.12098664419663341,0.12163452625222321,-0.12287712942818814,-0.290816697730774,2.8230471047744694,9.701625606669525,OR_014_6_1
0.36174,-0.31751,0.010849650654296874,0.13311198831586626,0.13355342134413328,-0.0418204767782144,-0.5193767350537524,2.7085790363940494,12.309466294361723,OR_014_6_1
0.33816999999999997,-0.34547,0.012089396484375,0.12534861772407094,0.12593025638301422,0.08647508676040079,-0.536699010070425,2.743343872864964,10.416586645097357,OR_014_6_1
0.40534000000000003,-0.3778,0.01193581490234375,0.144950565837687,0.14544115722191103,0.022222771100527755,-0.10079750146375543,2.7869690048915925,12.185271489764835,OR_014_6_1
0.35944,-0.39053000000000004,0.01441798703125,0.13092060366717953,0.131712120985929,-0.09925936385868324,0.14467287612261304,2.9650270158256276,9.135263581884796,OR_014_6_1
0.33899999999999997,-0.24511999999999998,0.015839662431640623,0.1052158790583738,0.10640148547823321,0.16391775477566523,-0.2668005081986551,3.1860457144022134,6.717408228869954,OR_014_6_1
0.397,-0.40388,0.013092269287109375,0.1363337249815745,0.13696091443341704,-0.038085979690754175,-0.22790745488382003,2.9488704768211376,10.461204315974786,OR_014_6_1
0.39533,-0.41765,0.015507347001953126,0.1564370812994305,0.15720381107506148,-0.12689127642712955,-0.37145809163171606,2.65674219019944,10.137375588350885,OR_014_6_1
0.3511,-0.31417,0.012824540429687501,0.11275964474444944,0.11348659092653691,-0.028838305889598778,-0.18922771691449203,3.0937575447439376,8.849173403099394,OR_014_6_1
0.43872,-0.42745,0.013847204218749999,0.13674118889110584,0.13744052460620504,0.07768979484214365,0.2162876030823382,3.192071611083777,9.92550644227485,OR_014_6_1
0.35611,-0.40179000000000004,0.012341420996093751,0.11868379665256287,0.11932373720291248,-0.05645225601654634,0.07833796910276991,3.367226052847488,9.668556608847851,OR_014_6_1
0.40138,-0.34401,0.014194971542968749,0.1477785870402378,0.14845877543855343,0.04916912724550929,-0.4976942225661056,2.703646154366157,10.458546149995204,OR_014_6_1
0.41868999999999995,-0.38281,0.01459859703125,0.13441534070735536,0.13520577965736244,-0.01734088780611795,0.03489396623043506,3.0966871236152342,9.26155918314476,OR_014_6_1
0.37885,-0.26765,0.01567014888671875,0.11381649129050012,0.11489015299760211,0.25659440353053764,-0.0717723934041885,3.297497538456664,7.331783922180437,OR_014_6_1
0.41368,-0.33879000000000004,0.016064936083984377,0.12448523387229926,0.12551755105810322,0.0732776856212749,0.04027725904485502,3.2957940400917294,7.813136796112042,OR_014_6_1
0.54323,-0.39491,0.014620199140624998,0.13918100984653506,0.13994678890497209,0.07674307694240769,0.38313152366701786,3.881689607663519,9.572152744756442,OR_014_6_1
0.43559,-0.37592,0.015078015009765626,0.13306978937828173,0.13392130294249296,0.08581976263134027,-0.14983428736017324,3.252581831095718,8.881891546988394,OR_014_6_1
0.41577,-0.32085,0.013832105419921876,0.12674033226493184,0.1274928976961978,0.22440807746919006,-0.09168632263894283,3.261122809598488,9.217171544644454,OR_014_6_1
0.34776,-0.35465,0.013410461220703124,0.1185576939199051,0.11931373457300666,0.07308858488653533,-0.16899819763220414,2.9724155253105278,8.897063547057286,OR_014_6_1
0.47439,-0.46041000000000004,0.01531999947265625,0.13915542755631108,0.13999619781344752,-0.13095733802362966,0.36454436135279167,3.388592004788289,9.138132734611748,OR_014_6_1
0.42704,-0.3753,0.015361389355468751,0.161276554964951,0.1620064796984774,-0.03867523681839746,-0.5974654673776394,2.635943933593599,10.546342222258682,OR_014_6_1
0.42723999999999995,-0.39992,0.014009845869140626,0.13904039936564877,0.13974443973566955,0.17145344743058874,0.1292099185619202,3.0572951435552,9.97472999105247,OR_014_6_1
0.32022,-0.32127,0.016954879316406248,0.11104405999184216,0.11233098945574076,0.0033004257675064512,-0.1107187957962048,2.860029976559165,6.625289436401661,OR_014_6_1
0.39282,-0.38218,0.0111311409765625,0.15305966779503707,0.15346388567010555,0.012988709053740118,-0.5619233825246224,2.5596901559285254,13.78689500082165,OR_014_6_1
0.40659,-0.32356,0.017219810908203126,0.10689998515505823,0.10827801583823903,0.1340193035359435,0.3095287368458792,3.7550558448758946,6.287990624720927,OR_014_6_1
0.38448000000000004,-0.33483,0.012082559541015626,0.11878856727224106,0.11940147385880094,0.02552222521816856,-0.20209039204979096,3.220060727513371,9.882133298937676,OR_014_6_1
0.431,-0.34213000000000005,0.013195553818359376,0.12459329374000119,0.12529010928862436,-0.0629524557726184,0.18161775150622006,3.440016127427197,9.494872403114451,OR_014_6_1
0.39387,-0.42182,0.01402180673828125,0.151460536293254,0.1521082020091153,-0.02267000375964792,-0.6217422872044058,2.7731574737933222,10.84797373122164,OR_014_6_1
0.3657,-0.39115,0.011149185859375,0.12133043053561646,0.12184160914599305,-0.0362193707099478,-0.2191392224593396,3.21031542123677,10.928295550409604,OR_014_6_1
0.29269,-0.33816999999999997,0.01209881912109375,0.10540672224597186,0.10609881487917008,0.02396161736869826,-0.1531008025426539,3.187311726316744,8.769352202715334,OR_014_6_1
0.43788,-0.35757,0.01195182291015625,0.1347928053593551,0.13532164072135958,0.19588839612044046,-0.19578252127597828,3.2358460511559377,11.32225857229773,OR_014_6_1
0.35152,-0.38427,0.012278566767578125,0.1544855584012101,0.15497274262398394,-0.043751010790838915,-0.719690184643627,2.4795973215288,12.621402231715777,OR_014_6_1
0.3002,-0.30875,0.0121919050390625,0.11015636942805097,0.11082900466056149,-0.09872304322973388,-0.46263162112158307,2.7858230628326277,9.090375557806032,OR_014_6_1
0.37467,-0.37885,0.011512095244140624,0.11583345723535113,0.11640411570045144,0.11200756220214989,0.3681929573414715,3.2546099806325044,10.111461303991295,OR_014_6_1
0.38886,-0.33608000000000005,0.013853497822265625,0.12379364851384807,0.12456639520465251,0.05057004777960062,-0.11068796480874266,3.1217086778454637,8.991692048542053,OR_014_6_1
0.37091999999999997,-0.39533,0.010502339492187499,0.13110116327580346,0.13152115475115794,-0.14844944870099397,0.03583180612919845,3.0058282087178165,12.523032827681998,OR_014_6_1
0.36236,-0.40388,0.013238301005859376,0.13939898621072067,0.1400261760175519,0.02468337641836795,-0.0741406779841518,2.8843178368668507,10.577351684194486,OR_014_6_1
0.32773,-0.28601,0.013370322314453124,0.10248883528511205,0.1033572778128913,0.10134115780480246,0.46991115825805796,3.1708458636308805,7.730349923637493,OR_014_6_1
1.6894,-1.5692,0.016103981474609376,0.33481985514026924,0.3352069116463523,0.1500245614915668,5.416309476751394,5.039872199122394,20.815156261804315,OR_021_6_1
1.0734,-1.2103,0.014715780136718752,0.24840018151458979,0.24883569752250861,-0.19086690352566546,2.761011287316874,4.863851960093746,16.9094453913571,OR_021_6_1
4.064,-4.7317,0.014863562050781248,0.8299895765084604,0.8301226551477383,-0.566318336013909,9.625596053210428,5.700001035940756,55.849506091616846,OR_021_6_1
1.4815,-1.3747,0.012151472490234377,0.31670469240343924,0.31693772333699566,0.010397115807960594,4.970184185494605,4.674419882010451,26.082246205919393,OR_021_6_1
3.3228,-2.9798,0.016077753125000004,0.6921860578823503,0.6923727557264633,-0.04241955732860036,5.555082723046041,4.799148966678282,43.06402189904513,OR_021_6_1
3.2185,-3.367,0.015287745898437502,0.6242318528378455,0.6244190269939128,-0.27814385818902193,8.742736376527262,5.392212359090414,40.84441161553585,OR_021_6_1
0.86221,-0.8538600000000001,0.013957874160156251,0.23205859341794552,0.2324779839687752,0.05355238051059061,2.2879587714190643,3.7087812857454265,16.65568586201431,OR_021_6_1
4.6766,-4.1959,0.013713701884765629,0.96002322805412,0.9601211715314046,0.02355120220676103,7.258556826083568,4.870843528707865,70.01181078510827,OR_021_6_1
1.8363,-1.8822,0.012533755400390627,0.372398953808602,0.3726098171307059,0.0015485088371774726,6.11629075890156,5.051396684721154,29.72850318992103,OR_021_6_1
0.96821,-0.97739,0.013419917958984375,0.2315101774457002,0.23189880650612557,0.02035463827612247,1.9402995366781344,4.21472628734489,17.280194255634743,OR_021_6_1
5.4212,-5.518,0.010035951103515623,0.9445053901148559,0.9445587076887113,-0.4990231246863338,10.899696983233271,5.841881451350328,94.11749856377152,OR_021_6_1
2.2711,-2.2227,0.017834811904296873,0.4116334195816511,0.4120196022425938,0.07769928420336526,8.677440321867536,5.5121163704989895,23.101986236330383,OR_021_6_1
3.8345,-3.529,0.012367364970703123,0.7195922153793376,0.7196984841938057,0.16430988810553532,6.300005574465542,5.327925622863327,58.193352238357726,OR_021_6_1
3.5389999999999997,-3.9213,0.014475265361328125,0.6661057491490309,0.6662630128985644,-0.5615331517136583,10.0421624220265,5.885513555757728,46.02768586549408,OR_021_6_1
1.5675,-1.3997,0.015402359082031249,0.3118324951692638,0.31221264822037686,0.2353487984299467,4.721101183601709,5.0206165698737335,20.27044209832566,OR_021_6_1
5.7584,-5.2509,0.013737239648437496,1.0689813880161052,1.069069651462428,0.21947840884896058,8.669732974388854,5.386365599974203,77.82273593525687,OR_021_6_1
2.0458,-2.0358,0.016121113994140623,0.39726670282939985,0.39759366631443566,-0.15372114542844467,6.4492179309171735,5.145454186477486,24.662913604855802,OR_021_6_1
0.74536,-0.53168,0.013302459111328123,0.18276472552277204,0.18324819320752594,0.09542986194949106,1.3868419546336002,4.067488922460488,13.775511572590641,OR_021_6_1
6.3284,-5.9762,0.015757931601562504,1.0575678470287833,1.0576852383755082,-0.19138934304494382,12.0913475844169,5.983254530181865,67.12081242628437,OR_021_6_1
1.6368,-1.5925,0.012938970341796877,0.35953740986366023,0.35977015724622785,-0.16592578828649288,5.553364574760591,4.54957133737526,27.805159138428497,OR_021_6_1
3.0106,-2.8579,0.01572741416015625,0.616129759590553,0.6163304569865728,0.05634428913814324,5.179335875733365,4.8847172178299,39.18828686788794,OR_021_6_1
2.9948,-3.5173,0.017690512177734374,0.6275030530903744,0.6277523682622406,-0.7172861103807194,9.813865582022123,5.603005535659977,35.485254834344886,OR_021_6_1
1.7962,-1.661,0.012136104619140626,0.337413901557823,0.3376320867450234,0.3030580198707404,6.12387691308645,5.319991982979039,27.82046377484737,OR_021_6_1
5.9962,-5.4036,0.016679467490234377,1.0712606059322864,1.071390447249819,0.10400397602388778,8.960698556541056,5.596652471370408,64.23408802727167,OR_021_6_1
2.3362,-2.2628,0.015048658037109378,0.41115294827848936,0.41142825496897023,-0.08111262476514972,8.619886898800582,5.678268242656126,27.339861575334055,OR_021_6_1
0.732,-0.6051300000000001,0.01605658740234375,0.1886794473657399,0.1893614212484954,0.10949446037884843,1.293159186100243,3.865623690972337,11.793378300763735,OR_021_6_1
5.5472,-5.5914,0.014001558720703123,0.9790062234743234,0.9791063421549604,-0.5000805413020919,10.84489618703048,5.710717777583701,69.92837667272345,OR_021_6_1
2.1943,-2.1418,0.016077505732421876,0.381580889197526,0.3819194433271899,0.20653912828362303,10.206037795233277,5.745452431377508,23.754892452136982,OR_021_6_1
2.5082,-2.3012,0.01420278958984375,0.514955126388471,0.5151509501358795,0.15585675237848234,4.404215239289937,4.868864154224227,36.27110791200836,OR_021_6_1
3.6984,-4.2209,0.013044919091796878,0.7036079572277532,0.7037288734934238,-0.8310092903125897,11.456118700067018,5.997906513411713,53.94658369244855,OR_021_6_1
1.9373,-1.7787,0.01674853341796875,0.33965323898928734,0.34006592908959105,0.19439519144934195,7.627067770790548,5.696836491352175,20.3042200949087,OR_021_6_1
5.4746,-4.978,0.013893998242187504,0.9895447982876934,0.9896423348894213,0.10906208065751553,8.872283580498658,5.531897536578012,71.22804007966894,OR_021_6_1
3.6442,-3.4730000000000003,0.014139507978515625,0.608510018630098,0.6086742712314006,-0.22538474116963095,11.973097449884277,5.987110292407068,43.04776581395117,OR_021_6_1
0.9156299999999999,-0.7762399999999999,0.014433151845703127,0.19601074119770895,0.1965414117611766,0.2593784273558944,3.0298142439596756,4.658712823605321,13.61735816576547,OR_021_6_1
3.9738,-5.0764,0.016321675927734376,0.8578125658024534,0.8579678287404945,-0.7404377538048249,9.348201980944228,5.91677196280825,52.56615680724601,OR_021_6_1
2.8212,-2.8596,0.01341915162109375,0.4760058974760075,0.4761950105389275,0.15975497318848872,12.254882139669881,6.005102806009206,35.48622062695598,OR_021_6_1
1.6643,-1.686,0.0146474998046875,0.38463088092779985,0.3849096826709139,0.03636676929133886,2.925362408756947,4.380248332337304,26.278181363726905,OR_021_6_1
4.387,-4.7217,0.015526287265625003,0.7688135093734287,0.7689702710712175,-0.7716352709964457,11.897620227310908,6.1402893863271535,49.5269866123578,OR_021_6_1
1.9281,-1.9923,0.013864113857421877,0.3616714255032705,0.3619370576199946,0.046278612132017394,8.090457025111439,5.504548242714648,26.106034272086173,OR_021_6_1
4.6007,-4.3403,0.01565457880859375,0.8807109119150455,0.8808500304841371,-0.0359421461185846,7.446991859207801,5.223023029525602,56.26788078978556,OR_021_6_1
2.9981,-2.9238,0.014282236874999998,0.5299741223678599,0.5301665329589722,-0.06998630295386746,8.862675913996847,5.655015562019637,37.12069058078003,OR_021_6_1
0.9732200000000001,-0.91146,0.014595251445312502,0.2397680449817352,0.24021185807348333,0.24092640596854575,2.624051684598311,4.051506881274674,16.45821879227798,OR_021_6_1
4.3002,-4.8361,0.011911020039062501,0.944750606569951,0.9448256881629867,-0.3139873842376048,7.678772731006541,5.11851027704831,79.32365202482697,OR_021_6_1
2.9505,-2.8796,0.019989393417968744,0.49730452071329645,0.49770610019478345,0.05565749703826963,11.583449859031504,5.928197369727009,24.8985081682809,OR_021_6_1
1.0367,-1.1919,0.01514066158203125,0.25498899761595967,0.2554381109747202,-0.14289682726256525,2.224208831842982,4.666100883637748,16.8709995081636,OR_021_6_1
4.9613,-4.9262,0.013357597617187503,0.8522979323164224,0.8524025990369524,-0.5086256641927015,11.661651138159268,5.8203717348878605,63.814059956865904,OR_021_6_1
2.1017,-2.1059,0.01897093938476562,0.3775728259761659,0.3780491177833491,0.1488469520875768,8.74500819561755,5.570440176602662,19.927800631693344,OR_021_6_1
4.4095,-4.2268,0.014818470185546875,0.8593067756306785,0.8594345360197209,0.016478083789899126,6.904675588464343,5.130699093488745,57.997517102706674,OR_021_6_1
2.5140000000000002,-2.7611,0.016099741103515627,0.5371306939536741,0.5373719233926868,-0.6668391113647774,8.611828497928638,5.138154553050886,33.377672756344545,OR_021_6_1
1.025,-0.88475,0.01461728361328125,0.25924613397204216,0.25965789600873135,0.34833494036488094,2.3751906484716274,3.947501739049873,17.763757283128115,OR_021_6_1
3.4347,-4.8386,0.016011777890625,0.8072098478176055,0.8073686366492946,-0.8607190358446855,8.455530635283893,5.993049239673085,50.42341904446446,OR_021_6_1
2.1284,-2.1626,0.012059371220703125,0.42561668055956475,0.42578749066263244,-0.22451001256167122,7.344073186256782,5.079059489407241,35.30760000356028,OR_021_6_1
0.51499,-0.5876100000000001,0.01495386279296875,0.18203266827094797,0.18264586042468064,-0.20458634310555932,0.8344539686617702,3.217209497201327,12.213957740511187,OR_021_6_1
6.5839,-6.0981,0.015141227734375,1.061325423887318,1.0614334233322875,-0.1255009211269047,13.087179231565592,6.20283839671029,70.1021985700886,OR_021_6_1
2.1893,-2.312,0.013697937988281249,0.39137582097848533,0.39161545775379475,-0.01980295544649154,10.768755395436585,5.903750601054628,28.589370860012334,OR_021_6_1
3.7919,-3.6659,0.015090462695312501,0.7455570732542782,0.7457097770204195,0.02503823733207174,6.405665663994686,5.084954109179145,49.41596176743441,OR_021_6_1
3.8086,-3.7677,0.015910087099609373,0.6924902526322749,0.6926729970644367,-0.35052273990914823,9.733067410573769,5.49840979891308,43.536716624557435,OR_021_6_1
1.4348,-1.242,0.013063624189453126,0.27878664916985557,0.27909255459850485,0.3644763168737629,4.858906275173922,5.140946869482485,21.364096914218674,OR_021_6_1
3.5398,-4.3962,0.013726028613281248,0.8113611940352656,0.8114772892988593,-0.41259527808564567,6.709441511764934,5.417526839698646,59.119593368331174,OR_021_6_1
3.0098,-2.9130000000000003,0.016006900058593752,0.5171775554954905,0.5174252069215193,-0.1667592443655729,11.033597476730792,5.816879336223821,32.3251330802551,OR_021_6_1
0.78959,-0.81797,0.014244798369140624,0.20268885051882157,0.20318879005796223,-0.1490511350658773,2.1110140284225904,4.025664977585616,14.264068225358265,OR_021_6_1
4.5781,-4.9137,0.012804435673828126,0.8589854157269027,0.8590808448594609,-0.6229686499055116,10.469366682968678,5.719717793363356,67.09243575044545,OR_021_6_1
1.4315,-1.2729,0.01487318462890625,0.29744062582635517,0.29781225212032386,-0.1838049094126947,6.238320396739059,4.806719619496773,20.023434088089473,OR_021_6_1
2.9939,-2.6601,0.016015980566406247,0.5975520125086073,0.5977666093774312,0.07740989135863828,4.898707042160665,5.008476465605272,37.32313295310325,OR_021_6_1
4.4287,-4.5014,0.012853760869140625,0.7552949507617677,0.7554043167832059,-0.42676001143801723,11.365118482604714,5.958928078687341,58.76912334876721,OR_021_6_1
1.2987,-1.0016,0.01246223986328125,0.2537629044407351,0.25406872907268147,0.23751237498722486,3.688780709114573,5.111608971432575,20.387082215789107,OR_021_6_1
3.7385,-3.8052,0.016020298994140623,0.8611846235301528,0.8613336204889674,-0.20401803978289823,6.109409777928711,4.417800379627629,53.76513678295648,OR_021_6_1
2.1985,-2.0883,0.012870389023437501,0.4622825429856398,0.4624616702634765,-0.32730030256690584,6.568360997824833,4.753907483821415,35.932218792228916,OR_021_6_1
0.9782299999999999,-0.80879,0.0131810573828125,0.24429133677616266,0.24464667890166325,0.25099691128873197,1.9898576961432797,3.998541898844503,18.56047305128937,OR_021_6_1
5.9011,-5.7266,0.016472637529296875,1.0359484625038062,1.036079420098272,-0.28076514632840543,10.222847769217196,5.695605838541485,62.896992382585616,OR_021_6_1
2.4906,-2.5048,0.009066024345703125,0.4603098859142102,0.460399157110208,-0.09835059952943795,8.98447729668129,5.440496481968834,50.78291087377291,OR_021_6_1
2.3462,-2.0917,0.020272128935546876,0.4501133683218758,0.45056964340004535,0.29032509372882964,5.259441922348492,5.207186123521649,22.22606331118558,OR_021_6_1
4.7067,-4.6633,0.015594293320312497,0.7873912864800039,0.7875456939180072,-0.4732522950934484,12.133533107097959,5.976415121525136,50.502169430788676,OR_021_6_1
1.1251,-0.8805700000000001,0.01711796140625,0.23802888533778774,0.23864361474352414,0.28595051504704344,2.8643112498466197,4.71456148740711,13.94112272710636,OR_021_6_1
4.6658,-4.4196,0.011220976591796872,0.8929377587420029,0.8930082593699037,-0.08660997857341023,7.335652649327601,5.224811692186725,79.58381986456688,OR_021_6_1
2.166,-2.2937,0.016226312011718747,0.47909777354486555,0.47937247503079367,-0.5245984536577087,7.571765957974771,4.784797030884723,29.542908156929293,OR_021_6_1
0.9565299999999999,-0.9406700000000001,0.017630018623046875,0.2543169418294027,0.2549272924935829,0.18175943829797478,2.135708240678018,3.7521678706563355,14.459841675974584,OR_021_6_1
6.6682,-6.1532,0.013056499023437498,1.1195424190455936,1.1196185512080479,-0.01586189007720694,11.643687206459374,5.955778409396089,85.75181321167541,OR_021_6_1
2.4514,-2.5399,0.01721294123046875,0.48548100024761304,0.48578605058937874,-0.038455768400133546,7.100095477801586,5.228433364214635,28.222139137229277,OR_021_6_1
1.9773,-1.6919,0.014995297001953126,0.3370584878636881,0.3373918836799913,0.3953512323277463,6.036625608081277,5.860544043243438,22.499845193876524,OR_021_6_1
3.983,-4.1792,0.018155599794921873,0.8328572793140647,0.8330551443394005,-0.2854261258359877,8.364401824419655,5.016714707760822,45.884195943127715,OR_021_6_1
1.2153,-1.0058,0.01471497216796875,0.23737386882536227,0.23782952719757988,0.3118444102011243,4.403546568948248,5.10996262411274,16.162416640710042,OR_021_6_1
3.9438,-3.7017,0.017203109824218753,0.7850117827921892,0.7852002586029856,-0.10574608016331513,7.146789060344261,5.0226677230011,45.642922761246815,OR_021_6_1
4.266,-3.9154,0.01865419384765625,0.6906997209196386,0.690951578206876,-0.0724515314512254,12.184503462659272,6.174094000764601,37.04001077771998,OR_021_6_1
0.91646,-1.0183,0.0119061187109375,0.25228697099603353,0.25256775605194026,-0.06796065601202121,2.788453008637413,4.031789377575174,21.213272013376457,OR_021_6_1
5.0314,-5.0147,0.017596393623046873,0.926003216315051,0.9261703891262971,-0.4905139579946271,10.102324427119033,5.4324777099750445,52.634099710019335,OR_021_6_1
2.6885,-2.7577,0.015194242421875,0.5226472926972965,0.5228681072379422,0.0530332388482005,6.81527814378623,5.274179007194392,34.412250266122115,OR_021_6_1
0.7537,-0.62683,0.013951418193359377,0.22037633202126497,0.22081750334779357,0.06018963786287003,0.4213856442073989,3.4132257867243263,15.827601499702533,OR_021_6_1
4.4496,-4.5414,0.016320734697265624,0.9380131526605943,0.9381551262692785,-0.0992406694504469,8.113026183577455,4.840777253138097,57.48240420476003,OR_021_6_1
1.2503,-2.0658,0.015101565175781248,0.28160547868218855,0.282010111333943,-0.7966855243411592,8.48917999337187,7.32526923557187,18.674229417754667,OR_021_6_1
4.6174,-4.3035,0.01292812232421875,0.8533306642477384,0.8534285903883913,0.1360809879091094,8.175831253829326,5.410411657861418,66.01333921294135,OR_021_6_1
4.7618,-4.3436,0.012748374111328125,0.7597396062951631,0.7598465571521739,-0.08512331619363554,12.490883416100655,6.266791563259748,59.603404395982906,OR_021_6_1
0.90144,-0.8864200000000001,0.016614315068359375,0.22893440475218987,0.22953648325360002,-0.1820155177112551,2.526886605712723,3.927218816351902,13.815584241275737,OR_021_6_1
4.1358,-5.003,0.011875308330078126,0.878362838839186,0.8784431111925053,-0.7393425422202972,7.940109976743942,5.695303350393422,73.97222984057849,OR_021_6_1
2.6659,-2.7260000000000004,0.014968512656250002,0.48964477079701046,0.4898735121845202,-0.04267223398707576,8.188329649601929,5.564701757968287,32.726930905392656,OR_021_6_1
0.76455,-0.64186,0.015218852314453125,0.18873233321729835,0.18934494201698251,0.3562351039963679,1.7356123629183235,4.037868600121139,12.441472304432054,OR_021_6_1
4.4813,-4.8494,0.012329827597656252,0.8441636523942135,0.8442536921282172,-0.41933210625992545,9.707863006866802,5.744008038663705,68.4724597297889,OR_021_6_1
2.4873,-2.6067,0.0093632739453125,0.40330711307965156,0.403415788436221,-0.6261909259488064,13.322837298007926,6.461571580137947,43.08490253596382,OR_021_6_1
2.9138,-2.5958,0.019731705400390626,0.5336663189785652,0.5340309730812806,0.23719175559836073,7.370365164690437,5.456237824056465,27.06461175961489,OR_021_6_1
4.19,-4.0214,0.014606144746093747,0.730856289721224,0.7310022268703547,-0.21771217162013728,10.41771410851159,5.731856676014275,50.047578572591824,OR_021_6_1
1.3881,-1.3630000000000002,0.010100829814453125,0.2859411399399675,0.28611948950239063,0.14815947890548828,4.122554072713999,4.851469564560831,28.326332235263916,OR_021_6_1
3.1834,-4.4463,0.015985939091796877,0.7854000868764968,0.7855627579730694,-0.7986041422328944,6.905937573333013,5.660018819899821,49.140854617375794,OR_021_6_1
2.7461,-2.7302,0.009395828867187499,0.4796938261710927,0.4797858360422533,-0.10855152522364386,9.468343104009733,5.723595379407082,51.06369983536856,OR_021_6_1
0.6861,-0.5583899999999999,0.0131084275,0.1715891015995437,0.1720890776872875,-0.10731871712954939,1.6662382522076795,3.9868886813366577,13.128124220785697,OR_021_6_1
4.0907,-4.9896,0.011673303974609374,0.834577979637475,0.8346596133283635,-0.7008394325674457,10.559346974006452,5.978005781452655,71.50156833423209,OR_021_6_1
2.6008,-2.3596,0.02176987306640625,0.5454803117092727,0.5459145517714038,0.16425262202128402,6.487563940688972,4.764115531994361,25.076605868557643,OR_021_6_1
1.3363,-2.2811,0.004031361748046873,0.38325732825885184,0.3832785299774264,-0.41340411286309514,4.193157222331574,5.951546501137961,95.07418556246725,OR_021_6_1
5.5146,-5.2133,0.00924386783203125,0.9032949323395508,0.9033422296576252,-0.1416140697332691,12.118958189712258,6.104663119740809,97.7233933185446,OR_021_6_1
1.661,-1.4932,0.01619550298828125,0.32540462571971773,0.32580740439227746,0.1856795775826244,4.814605011448909,5.098103887479564,20.117151317305428,OR_021_6_1
3.1993,-4.3528,0.007690269111328124,0.7610496184164115,0.7610884718157083,-0.7682891782739842,7.811435818221437,5.719177409029026,98.96771645180442,OR_021_6_1
2.5332,-2.4456,0.013640158398437501,0.4568738618788123,0.4570774328154853,-0.2797645349674993,10.350484246557691,5.542168159241506,33.50968412200844,OR_021_6_1
0.58594,-0.43236,0.014389839375,0.15770872318065204,0.15836384955067817,-0.001701029067746437,1.1609042489500325,3.6999605526293564,11.005254083694322,OR_021_6_1
4.902,-5.2359,0.012091082021484376,0.8909108148831679,0.8909928587481724,-0.654958359079645,10.678077525137951,5.876478069060912,73.69007864431887,OR_021_6_1
3.2218,-2.9597,0.014453893388671875,0.5864172060179894,0.5865953073014104,0.04134173250930173,7.809901269932292,5.492372602381167,40.583893276621,OR_021_6_1
1.2795,-1.136,0.015047520537109376,0.3409757082479862,0.34130757607989093,0.3014654754249126,1.7820709910630699,3.7488180337130443,22.681979569736907,OR_021_6_1
2.9681,-3.6225,0.015294753095703124,0.6482457454108956,0.6484261530163524,-0.8946146461371415,10.024454286207916,5.586603775252171,42.39533038314882,OR_021_6_1
3.3554,-3.7376,0.009974270732421875,0.5247603267220774,0.524855110080968,-0.6793710164348776,15.391599783315609,7.121203397071255,52.62089545594591,OR_021_6_1
3.1283,-4.0147,0.021646790654296873,0.6783649876428952,0.6787102769263011,-0.6393793412780892,8.106403523995402,5.915189633294375,31.353850850760033,OR_021_6_1
1.979,-2.1434,0.01825667388671875,0.4351973032843418,0.4355800717748338,-0.4406769519069388,7.3582101494204135,4.920794439345246,23.8586749491665,OR_021_6_1
0.7603800000000001,-0.68109,0.015372837392578127,0.19769001673329265,0.1982868297328599,0.17514456787005864,1.8847766055085833,3.834747860912735,12.898517805832856,OR_021_6_1
4.2318,-4.6508,0.013980973173828123,0.9493236726264161,0.9494266180278464,-0.35756977533432605,8.040972264946099,4.898535502156164,67.90847377467722,OR_021_6_1
2.5466,-2.6092,0.02153295305664062,0.6017947374146033,0.6021798519107484,0.010532298021769975,4.167236175824226,4.332924768884157,27.965501172145963,OR_021_6_1
0.93566,-0.93316,0.010840848808593748,0.2515676216473445,0.2518010966302416,0.08406788065314737,1.6209132394477415,3.7158694255335374,23.227062552848402,OR_021_6_1
3.6542,-4.0723,0.0145288413671875,0.802727976155252,0.8028594465619618,-0.3527028399981842,8.296169388681896,5.072245225943754,55.2596983483812,OR_021_6_1
3.0006,-3.2352,0.018333363994140626,0.5516187627087973,0.5519233385242248,-0.532823247784982,11.943652240725498,5.86168362220167,30.104857384371087,OR_021_6_1
2.4623,-2.9505,0.01366169201171875,0.49632288425394816,0.4965108732573549,-0.7603005277800268,8.782243945867116,5.942468036401307,36.34329016407095,OR_021_6_1
2.7636,-2.8061,0.014366559726562497,0.5244110756935609,0.5246078290956537,-0.44465457580215867,9.49870097805109,5.348947993186364,36.515895424135884,OR_021_6_1
0.8764,-0.75037,0.0124042480859375,0.20800705602955427,0.20837658392597672,0.2599760100113499,2.63633766649946,4.2058468340448645,16.798806802598794,OR_021_6_1
4.9028,-5.2175,0.015562530107421875,0.9620279208794595,0.9621537885883941,-0.5964184147006152,8.798104711117182,5.4227297719546765,61.825019461618076,OR_021_6_1
1.6142,-1.5458,0.014714263896484376,0.4183210945108913,0.4185797984552114,-0.03993531343186073,2.105178761883427,3.856373389496837,28.447211015972748,OR_021_6_1
0.90394,-0.9899100000000001,0.012689651855468748,0.24033798602466658,0.24067275456645654,0.05206334954085345,1.964582231611815,4.1130953841040725,18.96606292604261,OR_021_6_1
3.6692,-4.4029,0.017337084863281255,0.7806788072235703,0.780871291929453,-0.563688542925993,9.176162412644493,5.638445208406163,45.0405159256484,OR_021_6_1
2.8804,-3.0799,0.006093439189453122,0.6640391705391583,0.664067127639585,-0.15082783067377037,6.12573007124926,4.637934731552691,108.98065903543136,OR_021_6_1
1.3530000000000002,-1.2169,0.017750757587890624,0.32870109938149816,0.32918004515697724,-0.020332336322660655,2.535725053164362,4.110212680858518,18.544562111364655,OR_021_6_1
2.484,-2.7402,0.014505856796875004,0.5591293460850937,0.5593174818785445,-0.4300330682925418,8.580954373946359,4.899185317607949,38.55804253086213,OR_021_6_1
2.4047,-3.1843,0.007296868388671876,0.36187521773026277,0.361948777447316,-1.986036462395618,25.016163203878452,8.797653672599685,49.6032967246513,OR_021_6_1
4.3528,-4.9871,0.019660835937499996,0.864240315685976,0.8644639215876837,-0.18818965662402323,8.600371897670993,5.769008826963686,43.96882616623776,OR_021_6_1
1.545,-1.5299,0.0166192340234375,0.4284213965254613,0.4287436202911389,-0.1697120531528635,2.6694112473849154,3.603552153959314,25.79803581130524,OR_021_6_1
0.5492100000000001,-0.62767,0.016152866259765628,0.18780477801818618,0.18849814252364944,-0.24966362232610947,0.5694009803325186,3.329847118209156,11.669639791640588,OR_021_6_1
4.3711,-4.6675,0.0071762757812500015,0.9284490980726713,0.9284768315074132,-0.2545634318680228,8.272018068975314,5.02705058067535,129.38141320486892,OR_021_6_1
2.8779,-2.9347,0.022631348828124998,0.597895233600803,0.5983233977644022,-0.2368345768143775,6.228064776313246,4.904872525561343,26.437813135690156,OR_021_6_1
1.141,-1.2278,0.012727977763671874,0.3161913211635159,0.31644739372774455,-0.14156968438629444,2.2208062079149196,3.8799497814047017,24.862344572018532,OR_021_6_1
4.1391,-4.0431,0.01211273701171875,0.7490557068717233,0.7491536360420419,-0.19524133820538978,10.209326312795854,5.525034913189265,61.84841406767453,OR_021_6_1
4.6883,-4.3553,0.011094358427734378,0.6754831150318715,0.6755742175972108,0.051710036943299585,18.606152505383754,6.939726044808182,60.893485739101614,OR_021_6_1
5.4829,-4.4513,0.01664695931640625,0.8487762669363377,0.8489394987682382,0.4177190128054894,12.568894624348642,6.458528554151197,50.99666741750889,OR_021_6_1
1.6576,-1.6652,0.0127403396484375,0.3309433079659902,0.3311884498919456,-0.23596114252026484,5.494940831113938,5.027953104993061,25.995258606571344,OR_021_6_1
0.94484,-0.9131299999999999,0.009344359140625,0.20344006735694967,0.20365455569161522,0.012718493055096355,4.593158820028484,4.639424795344638,21.794382132835235,OR_021_6_1
3.8278,-4.2835,0.017314621806640625,0.8492670129606684,0.849443497492001,-0.5140064616711258,7.993252072387271,5.04271326769162,49.05931286971013,OR_021_6_1
2.3947,-2.4856,0.010988626777343751,0.5524173449784993,0.5525266264638711,-0.251323329967817,4.952138337237315,4.498606721288794,50.28167644399288,OR_021_6_1
0.8663799999999999,-0.77374,0.010334728808593752,0.22766970005876944,0.22790414420189292,0.3688695953536647,1.5212141982139942,3.8015104957064376,22.052259558095198,OR_021_6_1
4.9688,-4.7693,0.014711449287109378,0.8368050350325246,0.836934342344674,-0.233814257911327,11.417585053036833,5.9369053731777655,56.88999561640918,OR_021_6_1
3.4205,-4.5506,0.017450191347656248,0.7088904141085499,0.7091051603204289,-0.6632434588701607,10.907682169932258,6.417383835602467,40.635950950745226,OR_021_6_1
1.5742,-2.6217,0.003928828261718753,0.4595240132703054,0.4595408082679468,-0.8874048711079286,4.781126250802432,5.705042832161946,116.96634739146452,OR_021_6_1
2.7444,-2.1526,0.013814113076171875,0.44722131245810126,0.4474346120237323,0.197552518420655,8.219375912403192,6.133633653090747,32.38967114044016,OR_021_6_1
0.95152,-1.8329,0.010051874345703126,0.27342216350934734,0.27360687066664474,-0.6861148775561106,6.845415182144594,6.699027655391477,27.21948504699707,OR_021_6_1
4.887,-4.9237,0.009707103515624996,0.9835195440871206,0.9835674463197736,-0.05709226805956374,8.701248913757924,5.005960713133714,101.32449328598233,OR_021_6_1
2.1393,-2.3104,0.014560071123046877,0.48459359166201554,0.4848122778467976,-0.37690468786495324,5.610903288099074,4.76555586730528,33.2973816166334,OR_021_6_1
0.7862600000000001,-0.6643899999999999,0.012329199638671875,0.17376982641478028,0.17420666386781275,0.41658522700751904,1.6137547126843117,4.513374965283967,14.129599231388502,OR_021_6_1
4.1283,-4.2843,0.009358911328124999,0.8003623570309584,0.8004170736393614,-0.2492561192765881,9.253478207004479,5.352584465955263,85.52458294047511,OR_021_6_1
3.2769,-3.6508,0.0117349994140625,0.7420871238438465,0.7421799037875388,-0.2945275847380846,7.494143992171711,4.919022970643622,63.24498317853966,OR_021_6_1
1.4181,-1.5792,0.0161905560546875,0.38416592139807415,0.38450694306994154,-0.24164599191279765,3.214719589091259,4.107077971816146,23.748839633570167,OR_021_6_1
2.9464,-2.2703,0.01116522486328125,0.48026446799297956,0.48039423545961424,0.23520120347668735,7.6994149149710704,6.133295898206926,43.02593080892995,OR_021_6_1
4.0874,-5.1107,0.0032449469335937503,0.5504137028260225,0.5504232679849708,-1.6933869375480541,31.817635378872673,9.285036240245772,169.62468404705095,OR_021_6_1
4.2034,-4.261,0.02405970322265625,0.7341480572605517,0.7345421970850992,-0.2379941132788974,10.277980771630954,5.80089205372834,30.52997619120373,OR_021_6_1
2.1743,-1.9965,0.011171718134765626,0.5142419166406472,0.5143632530773646,-0.05342966240018,3.12655015784779,4.227168217722191,46.041548921213156,OR_021_6_1
0.70696,-0.78793,0.01188084087890625,0.2045166603645515,0.20486146232676167,0.13075439472139955,1.5262543492643603,3.8461601669964756,17.24300890583195,OR_021_6_1
3.9538,-4.1007,0.017106700546875,0.7995062102671153,0.7996892017898486,-0.33086132010624736,8.247357359705916,5.127867158508614,46.74713004132193,OR_021_6_1
3.2193,-3.4422,0.013688280068359373,0.6668046368875239,0.6669451197706842,-0.3994630867315581,7.0424473747638885,5.161144287287668,48.72380370040296,OR_021_6_1
1.5441,-1.5867,0.009276878222656248,0.31685901696603425,0.3169947903392729,-0.22693716998511737,5.4602808449985645,5.005445021024929,34.17041256342969,OR_021_6_1
3.0374,-2.489,0.011269507519531251,0.5144357394926584,0.5145591626500213,-0.015225010295790988,7.903986774149741,5.902916932727866,45.65941467263065,OR_021_6_1
4.2852,-5.0105,0.031375049433593746,0.7162281738045542,0.716915051228782,0.09833076572173916,15.86948452525544,6.988973079060209,22.8498453810028,OR_021_6_1
2.721,-3.8103,-0.002945787402343747,0.5686041777777455,0.5686118083980722,-1.5798123839605098,12.50321833771254,6.701056743850523,-193.02547121056347,OR_021_6_1
1.7086,-1.6184,0.01510121353515625,0.46280740135378684,0.46305370897778103,-0.1758075558261804,2.452864479152849,3.689852738858273,30.663342203355427,OR_021_6_1
0.64937,-0.79043,0.0167625757421875,0.19354297978087048,0.19426751907606948,-0.08707031013793869,2.0625823371699026,4.068770732701435,11.58935896693874,OR_021_6_1
3.9096,-4.2217,0.010696394228515625,0.8382433706104873,0.8383116134361509,-0.30425673435478845,7.649036562766101,5.035955517375862,78.37328329092476,OR_021_6_1
4.0248,-3.7677,0.01663198037109375,0.8203639488179238,0.820532529087788,-0.13671172933249273,6.210691444357748,4.905107174202333,49.33462290391131,OR_021_6_1
1.3789,-1.3764,0.016319225966796875,0.3316932194070492,0.33209442774121983,0.14613420696882248,3.047951191292314,4.152132287273297,20.3498871862558,OR_021_6_1
3.14,-2.7911,0.014512218974609376,0.5337808523895784,0.533978092132357,-0.23023367361047223,8.846668638935604,5.880391050465228,36.795066024812655,OR_021_6_1
3.9196,-4.5122,0.0020484534472656243,0.8098291009836184,0.8098316917492555,-0.3898799126890104,9.88869772690746,5.571775024859507,395.3379060150729,OR_021_6_1
1.6944,-1.8087,0.027085017646484383,0.3926274761268829,0.39356058388852455,0.12814867587193288,4.06623278365333,4.595734607194751,14.530563520199328,OR_021_6_1
1.686,-1.6718,0.0161157435546875,0.3994092784696284,0.3997342728838117,-0.3710229310515441,4.16032896004849,4.21780195032778,24.803959353373045,OR_021_6_1
3.0081,-2.5641,0.019772111259765624,0.340288518134309,0.340862453135737,0.4751626176978133,30.818742489004897,8.824967266128189,17.23955683932464,OR_021_6_1
3.7669,-4.8194,0.008061063896484373,0.7617815609346544,0.7618242102553461,-0.8624050914675713,11.962356251698086,6.326131315856339,94.50664645903002,OR_021_6_1
3.3679,-3.1358,0.01720765328125,0.7195906868263714,0.7197964016989085,-0.15154685544078503,5.65236538830481,4.67896197782027,41.83001296598696,OR_021_6_1
1.4498,-1.2119,0.010317583916015624,0.30354729684295195,0.3037225937570783,0.32864634654547786,4.437428822201429,4.773434788938146,29.437372818286224,OR_021_6_1
2.9973,-3.2469,0.016375465224609375,0.6062460527367713,0.6064671733245243,-0.4362103149330817,8.505144164230575,5.353793473845238,37.03510880277188,OR_021_6_1
4.4521,-4.1541,0.022565484892578133,0.9004403705467412,0.9007230773210986,0.04901934877100387,8.314008878387515,4.942806626314588,39.91596199651742,OR_021_6_1
1.0642,-1.6351,0.005253430566406252,0.35209413677722373,0.352133326576191,-0.4337143460564603,2.0037561503672032,4.643411662436904,67.02920217481334,OR_021_6_1
1.8338,-1.7545,0.0150558573828125,0.33554905789888945,0.335886661090261,-0.06338319944257169,6.962376171376194,5.459579694495916,22.309366397448535,OR_021_6_1
5.0848,-4.5715,0.0103670835546875,0.7426694468085442,0.7427418014655827,0.3513505809991345,20.81718764826595,6.845986025184871,71.64423108035233,OR_021_6_1
4.912,-5.0172,0.016235344072265623,0.7568469134604139,0.7570210279851545,-0.30292344289666884,16.209099995643125,6.627556973847803,46.62796045390818,OR_021_6_1
2.9948,-2.7945,0.0131975995703125,0.6076923925080083,0.6078356854829482,-0.018302745465176615,6.200840178023652,4.92698942592278,46.05652991576753,OR_021_6_1
1.4832,-1.1702,0.014434783750000001,0.2692012552046664,0.2695879796757956,0.42128490190797835,5.1889582338665505,5.5017289579526345,18.676272929930292,OR_021_6_1
3.842,-4.0865,0.01636643076171875,0.7148405439748664,0.7150278759364288,-0.45856633430393495,9.351553409409425,5.715161788528869,43.68868464101542,OR_021_6_1
3.6692,-4.1074,0.010581896318359376,0.7622571753663201,0.7623306224513964,-0.22597968137601798,7.925422692512013,5.3879509410287705,72.04101490653933,OR_021_6_1
1.0383,-1.1068,0.02016396248046875,0.30407256780035785,0.3047404007866646,0.05695151221896498,1.2579258623334013,3.6319437577391596,15.11312005111707,OR_021_6_1
2.8262,-2.6209,0.017528949638671874,0.4832031088279182,0.48352094934594103,-0.2067368358045451,10.844505614918493,5.8450414567930515,27.584135486080427,OR_021_6_1
4.4137,-5.0247,0.006990290712890627,0.8188929705481216,0.8189228055057312,-0.8226175617870065,13.669839591678407,6.1357431495160535,117.15144934446376,OR_021_6_1
1.858,-1.8413,0.02147856728515625,0.3858476515489566,0.3864450013371476,-0.2868237776569607,5.976183449462633,4.807928654176302,17.992121085846218,OR_021_6_1
2.5875,-2.1985,0.013443027109374998,0.5747869126351473,0.5749440928599127,0.0017427076808677017,3.7384451801267,4.500437568857702,42.76894224887873,OR_021_6_1
1.6668,-1.5775,0.01979901353515625,0.2740661299605258,0.27478035688255653,0.16408290078469817,7.479303329834988,6.065935763546841,13.878486547633015,OR_021_6_1
2.9130000000000003,-4.0406,0.009829207910156249,0.6527936089676811,0.6528676046773885,-0.9198861973854545,10.457405618233958,6.189003658418066,66.42117495364236,OR_021_6_1
5.932,-5.4287,0.014690802207031249,1.058003426175713,1.0581054151024054,-0.019676599561849212,9.27293993503965,5.606246702574189,72.02502138181114,OR_021_6_1
1.3263,-1.6101,0.0140875384765625,0.3419688373412879,0.34225888513357966,-0.37970307487908644,2.9439202072673183,4.7043336644635625,24.29515002978322,OR_021_6_1
3.0941,-2.8153,0.008960805009765628,0.5258150416932067,0.5258913900200799,-0.14230463047129793,10.437931086889531,5.883534229374482,58.687956133293724,OR_021_6_1
4.2593,-5.0389,0.028429613154296873,0.844750864500551,0.8452291204037704,-0.8174435274044644,11.487357178286029,5.961578786626888,29.73058712005143,OR_021_6_1
1.7511,-1.7353,0.004212339091796875,0.3390390069157332,0.3390651736923609,-0.6671793782702327,5.009449203074006,5.164493822135523,80.49330450612416,OR_021_6_1
2.7227,-2.5082,0.013601307060546875,0.5973714442583787,0.5975262655056232,0.058101613035444095,3.509108875957386,4.55661977158351,43.93152944155859,OR_021_6_1
2.8362,-4.2117,0.016584298125,0.4505638122138066,0.45086892532191347,-1.8025185725899044,27.461804600511375,9.341295782696967,27.186492593000278,OR_021_6_1
4.7359,-4.897,0.011789710449218747,0.7176962565921545,0.7177930857836875,-0.3964807154500965,17.22389345811938,6.822300312117313,60.88300709270137,OR_021_6_1
5.3344,-4.8511,0.011161653388671875,0.9426024252905993,0.9426685073078919,0.04496986860558046,9.01097829764559,5.658829114356807,84.45598425486278,OR_021_6_1
1.2837,-1.4022,0.0156575462890625,0.2880707147295771,0.28849591927894497,-0.3273091205440344,4.8453303278841044,4.860380689765806,18.42535832419119,OR_021_6_1
2.8854,-2.4598,0.015139397949218753,0.506537891842641,0.5067640844048164,-0.1493784647898106,7.0975467884064205,5.693773657411155,33.473197060505974,OR_021_6_1
4.0982,-4.6983,0.004970016074218752,0.9003887869796119,0.9004025037606208,-0.2768899663315382,7.985727030998875,5.217999700310785,181.16688339590002,OR_021_6_1
0.9481799999999999,-0.88975,0.01659394267578125,0.2646903101366941,0.26520995308205614,0.0648255232553203,0.710649680205345,3.575205173885111,15.98233417346886,OR_021_6_1
2.2953,-2.0508,0.01404686884765625,0.5546102738645063,0.5547881310919386,-0.05894830938039286,2.69369336925753,4.137255047877677,39.49549879146251,OR_021_6_1
4.1692,-4.7626,0.0148718305078125,0.7064182390784189,0.7065747659273628,-0.9240853221371248,17.29398525376781,6.740404869976915,47.51094480570087,OR_021_6_1
2.6217,-3.3787,0.007915442968750002,0.43094977533381135,0.4310224624049818,-1.431185322306217,14.591938789658538,7.838802584229646,54.45335272495757,OR_021_6_1
4.6433,-4.2409,0.015987527949218747,0.8570727522617749,0.8572218521010188,0.09408980211911872,7.94034276797287,5.416684121155756,53.61815792945965,OR_021_6_1
1.3430000000000002,-1.368,0.01079448515625,0.29726572082399055,0.2974616440598606,-0.44952894786389525,4.977298553715336,4.598912238667632,27.55681370600772,OR_021_6_1
3.7034,-3.418,0.010590596484374997,0.6671904209414311,0.6672744701619409,-0.05319101891451162,9.421618092716146,5.550039991116671,63.006310186598505,OR_021_6_1
3.5407,-4.0965,0.017493149677734375,0.8508364240073902,0.8510162341009314,-0.44139303296791327,7.598399007742142,4.813656697764586,48.64853963580852,OR_021_6_1
0.93232,-0.8997700000000001,0.011055264775390629,0.28405272471838405,0.2842677774549765,-0.08253382383219218,1.023231057946961,3.2797245085857125,25.713337266641346,OR_021_6_1
2.504,-2.6017,0.011156105556640625,0.5072272421452714,0.5073499126495329,-0.136021069347838,5.342167701948036,5.128019006222207,45.47732760292927,OR_021_6_1
3.9196,-4.7259,0.0159064567578125,0.7519058759338251,0.7520741064751539,-0.9361228034257424,13.676015682363499,6.283822236435827,47.28105514917492,OR_021_6_1
1.4281,-1.4757,0.010524671025390626,0.30981174069046985,0.3099904569012595,-0.5529837302465525,4.518566273345149,4.760469112472007,29.453692823245397,OR_021_6_1
4.2343,-3.8036,0.014107471767578126,0.8071937006888423,0.8073169707069345,0.09498615021146904,6.611843341110262,5.24490398244359,57.22619380576194,OR_021_6_1
3.236,-3.4839,0.0100169359375,0.47537601657871364,0.47548154132817966,-0.4320661144546484,15.599746281715312,7.3270982990027305,47.46775828728029,OR_021_6_1
3.3746,-3.6425,0.017053250517578125,0.5822682066247276,0.5825178776648763,-0.09748590692734868,10.72071537988762,6.253026960045527,34.15875717686034,OR_021_6_1
3.6133,-4.7593,0.0088182753515625,0.8063697308732034,0.806417946755092,-0.6347957711182737,8.748263061078442,5.901778368461353,91.44847752613285,OR_021_6_1
1.0208,-1.1301,0.01232684908203125,0.29201986268576097,0.292279919616969,-0.08434726171409813,1.628193552444544,3.8664989288846465,23.710835912819533,OR_021_6_1
2.807,-2.7035,0.016756370234374998,0.5020988025717992,0.5023783270479191,-0.16886479943034396,8.72992418880888,5.587422552455838,29.98133187794926,OR_021_6_1
4.5898,-5.1374,0.009600528808593752,0.835062708423222,0.8351178941637712,-0.805468407573784,12.917177720629098,6.151706279737339,86.98664665529496,OR_021_6_1
0.68192,-1.2178,0.014353148134765622,0.2464117323899283,0.2468294040846515,-0.5848836286543838,2.0736020207208723,4.933771969277116,17.1968814486008,OR_021_6_1
3.3771,-3.2644,0.016071635048828123,0.7184970164854195,0.7186767424590781,-0.0423636968642205,5.0122249761449496,4.699052850584269,44.717086690840105,OR_021_6_1
4.1082,-3.67,0.025308998037109377,0.618141952197685,0.6186598568263562,0.2766013221723375,14.183037023919596,6.640482565709119,24.444264110139034,OR_021_6_1
2.8387,-4.1892,-0.0013515238671875,0.49774082277550213,0.4977426576796461,-1.40188976214653,18.698244546357504,8.41639736307236,-368.2828235939814,OR_021_6_1
3.6133,-4.3244,0.015108807216796874,0.7940706940603781,0.7942144189203851,-0.3486270880119176,7.561119979009753,5.444877216449298,52.56631810558263,OR_021_6_1
1.0517,-0.8839100000000001,0.014127494394531249,0.24236792034854135,0.2427793131878093,0.030995098268123838,2.1322321303727882,4.331917665713586,17.184880009360267,OR_021_6_1
3.3529,-3.0983,0.007065988896484375,0.5616513217162041,0.5616957676399602,-0.057369050976594976,10.251224912796555,5.96924560802445,79.49286311878642,OR_021_6_1
6.8259,-6.2926,0.02054693287109375,1.1033513177824943,1.1035426167134534,-0.145083945809105,13.54675687055376,6.185443036303666,53.70838411398994,OR_021_6_1
1.0859,-0.93232,0.008949068515625002,0.2739671060098415,0.2741132266102916,-0.2474374368426998,1.6611907375667405,3.961501637359254,30.630360634889712,OR_021_6_1
3.5298,-3.3879,0.009321190039062503,0.7362119478901038,0.73627095338597,0.02768992731317582,4.359093775161183,4.794158969565433,78.98893502991888,OR_021_6_1
4.5498,-4.8043,0.0107939378515625,0.7625742506498102,0.7626506387910935,-0.5653647535707601,13.73293757335388,6.299476784436975,70.65545296105643,OR_021_6_1
2.474,-1.3588,0.016977119130859378,0.3406857764053478,0.34110851765808786,1.2446058491237666,10.424697076523454,7.2528238512853695,20.09224856918186,OR_021_6_1
3.5156,-3.938,0.013227504189453123,0.8190796720334981,0.81918647205968,-0.4595509455370127,5.964831300850387,4.807208284691862,61.930534921494775,OR_021_6_1
2.0733,-1.8029,0.015909244794921874,0.3739884600232383,0.3743266919423434,0.015110768761175291,5.219441826396995,5.538744735789774,23.528877281022712,OR_021_6_1
3.7068,-3.4305,0.01173271328125,0.57756391393841,0.577683071627337,-0.13439412366422723,14.245152805611156,6.4166671582417205,49.236950442961856,OR_021_6_1
4.3044,-4.9971,0.013375854033203124,0.8554760250024129,0.8555805881534753,-0.8325108462663439,11.101773391377149,5.840595337657447,63.964552997146896,OR_021_6_1
1.6092,-1.4014,0.012823139101562502,0.3170178212384849,0.3172770585453886,0.2007507383309957,3.9439641536508576,5.071907821844248,24.742540129209722,OR_021_6_1
2.3938,-2.3412,0.015474635283203125,0.6188176019990157,0.6190110571556541,-0.033306031340769295,2.9257763319642605,3.8671360849874588,40.001654696566725,OR_021_6_1
5.4036,-5.2659,0.018688038603515627,0.8467738005265574,0.8469799950677916,-0.33876269725584185,15.003536243052181,6.379843709517196,45.32203553916144,OR_021_6_1
1.2729,-1.1093,0.011212668154296876,0.25216515405162276,0.25241431980974655,-0.3198605158411436,2.699204423174124,5.042899293180076,22.511528373511076,OR_021_6_1
5.3611,-4.7851,0.01945769931640625,0.9666801872312656,0.966875993314635,0.14256716373040684,8.65016885227033,5.544764821470397,49.69117509222758,OR_021_6_1
2.479,-2.5958,0.019532304199218753,0.4386444065256839,0.43907906609584596,-0.1109838924679453,8.307436656494971,5.911919274970506,22.479633694921382,OR_021_6_1
3.3913,-3.1525,0.010278440263671876,0.4890765152993343,0.48918450931278873,-0.2712990846012372,16.626118341339456,6.932558019532495,47.593258234763915,OR_021_6_1
4.6483,-5.1357,0.01836265044921875,0.8854205024235494,0.8856108925727433,-0.6739265496823448,10.416505125886868,5.799047908366948,48.22892244193973,OR_021_6_1
0.74953,-0.78876,0.017393533623046874,0.21670230056857967,0.21739922282200347,-0.15194192842670684,1.3370376843803609,3.628163827511181,12.498852449113132,OR_021_6_1
2.9981,-2.9706,0.01857062958984375,0.5629974567980871,0.5633036522555815,-0.049792569830377796,6.525653602507962,5.322351422137334,30.333038478706886,OR_021_6_1
4.6057,-4.9830000000000005,0.010449256386718751,0.7903468225206058,0.7904158948474236,-0.7387805637230871,12.894036015788144,6.304276047811018,75.64326014708573,OR_021_6_1
0.63435,-0.68693,0.021098285966796873,0.2178280731234478,0.21884745169046602,-0.18386997070077613,0.44624987559142504,3.1388530757613236,10.37275926879154,OR_021_6_1
4.1566,-3.8403,0.013202423505859375,0.8601034559044224,0.8602047772740853,-0.01744633698650955,5.681897112207368,4.832105220735697,65.15506124593384,OR_021_6_1
2.9247,-2.9339,0.013893241943359376,0.5571231901531162,0.5572963943702507,-0.5545213295792022,9.91644555876129,5.264523554025155,40.1127653667515,OR_021_6_1
1.1001,-1.1644,0.024625973564453126,0.2876218116573105,0.2886741157690286,0.07174803893479718,1.932144770722493,4.033614142592664,11.72234280570245,OR_021_6_1
4.2459,-5.0464,0.02007660403320313,0.8656715520181837,0.8659043284353514,-0.7490883247170367,9.34106878062485,5.8278955635788465,43.13001760025163,OR_021_6_1
1.0342,-0.98574,0.015445431494140625,0.22007775746571615,0.22061908504292818,-0.23697285700663567,2.7508184791658676,4.687717724470877,14.283775163086057,OR_021_6_1
2.7035,-2.6676,0.01617631982421875,0.500014187164424,0.500275784631592,-0.09833100055990865,7.837064538691854,5.404019298249395,30.926425734743873,OR_021_6_1
3.6008,-4.2535,0.021517738984375,0.7770237799005232,0.777321662905323,-0.6604002839572218,9.940668735093238,5.471994667728793,36.12468890644516,OR_021_6_1
0.55005,-0.73534,0.012572149160156249,0.2063602730930409,0.20674288680759884,-0.28740211536813953,0.5200995770461407,3.5567849893067645,16.4445130048486,OR_021_6_1
3.9279,-3.7184,0.016548267578124998,0.7981880081912149,0.7983595315270533,-0.10672374249407768,6.0848754504499745,4.919963800728964,48.244293821916656,OR_021_6_1
4.5548,-4.3378,0.020823053310546874,0.7286973350965233,0.7289947912886269,-0.270529677025878,13.633423018945713,6.248055607778119,35.00902319211602,OR_021_6_1
1.3313,-1.2954,0.010953360673828124,0.2776176764510765,0.2778336739636604,-0.25942375644482485,2.770992988893312,4.791715763663742,25.365151104935574,OR_021_6_1
4.5314,-5.0531,0.011442378417968746,0.917404022552992,0.9174753776643112,-0.1155530266668208,7.782194315298728,5.50761373820893,80.18221946246052,OR_021_6_1
2.373,-1.7019,0.014907603935546875,0.3775820247443914,0.377876199389659,0.3338591966582642,6.220534214091355,6.279834500169648,25.34788123400165,OR_021_6_1
1.8037,-1.3530000000000002,0.017986274511718747,0.3306667630193495,0.3311555740683003,0.2218472783806929,4.269674770838196,5.446684687787574,18.411570191535194,OR_021_6_1
4.8018,-5.1691,0.010371739179687502,0.8507912271742121,0.8508544441972512,-0.7491641867354446,12.276196657697573,6.075187159422623,82.0358425352386,OR_021_6_1
0.67942,-0.75454,0.01833327099609375,0.20464010692436532,0.20545968506602913,-0.2124497515705994,0.9256370010723125,3.6724479358812583,11.206929407353265,OR_021_6_1
3.5791,-3.4856,0.014699035908203126,0.737688102289679,0.7378345328841546,-0.01440129766588465,5.112156727029488,4.850816593198314,50.19611403740265,OR_021_6_1
3.5465,-3.6475,0.009052755917968752,0.6502907260381424,0.650353735101848,-0.40261405875926315,10.339069205284234,5.608486270660536,71.84040629777273,OR_021_6_1
0.8371700000000001,-0.84635,0.018114105849609374,0.24787433720122828,0.24853532520283528,0.011788212396556872,1.4913095552436841,3.4053509130097455,13.720539867975598,OR_021_6_1
3.6917,-4.9537,0.016738964775390625,0.7893924373629454,0.7895698912113882,-0.7706620688685906,8.723132920285117,6.273922104762535,47.16957438148311,OR_021_6_1
3.4998,-3.3554,0.010221351894531251,0.5403163461277453,0.5404130179107358,-0.24188919038312143,14.862686355609835,6.476157822870824,52.870987186038164,OR_021_6_1
2.6793,-2.1959999999999997,0.019604014746093752,0.3457947503467378,0.3463500061520539,0.6848839806277849,14.769771934081511,7.735816210980295,17.667298916604206,OR_021_6_1
6.5021,-6.0405,0.02145592416015625,1.0629528877500343,1.0631694118331767,-0.11437665448666215,13.167640899320563,6.115770376306201,49.55131992198999,OR_021_6_1
0.68109,-0.7912600000000001,0.013326169238281251,0.20120571673317972,0.20164654034393914,-0.6472297414628937,2.089917524237844,3.9239949008120334,15.131619718070374,OR_021_6_1
2.7269,-2.4998,0.013774359863281248,0.6392541236908447,0.6394025083195974,-0.0313731642667808,2.4300922797748408,4.264762743739864,46.41975875803233,OR_021_6_1
5.2517,-4.8753,0.02097351037109375,0.8593547485765439,0.8596106514221081,-0.12535306832883422,13.03526647335449,6.109393811259071,40.98553819685369,OR_021_6_1
0.92648,-1.0942,0.012929994365234376,0.25296193042252946,0.25329216923816983,-0.17089781433548581,1.5495762857582296,4.319912451186814,19.58950193587935,OR_021_6_1
3.5056,-4.2852,0.014946295244140623,0.8298165454299953,0.8299511376044354,-0.5514232465316017,5.9535887997891095,5.163195519203182,55.52888314586967,OR_021_6_1
4.0189,-3.7911,0.014662327392578126,0.6508710232551752,0.6510361531879822,-0.16553163653223457,12.645819784145694,6.1730826685234605,44.401962345730034,OR_021_6_1
1.4047,-1.0508,0.020312506474609377,0.2727529863863193,0.27350829878074395,0.41150989191969445,3.7238241641847845,5.135858769646362,13.465018985107042,OR_021_6_1
4.0773,-5.2592,0.010447730009765625,0.8851450377608041,0.8852066950350818,-0.6876853730490946,9.193587150670492,5.94121127139731,84.72717130711617,OR_021_6_1
1.5733,-1.5425,0.016831980673828125,0.26794276807376477,0.2684709342488223,-0.38819466705211686,8.0112203285103,5.860224677735954,15.950049105998314,OR_021_6_1
2.2035,-2.292,0.021605436845703124,0.5520504086164859,0.5524730297081685,-0.018051691399552896,3.0887721326903543,4.148618796943045,25.57101752131554,OR_021_6_1
4.4496,-4.3378,0.01042332880859375,0.8111539668173033,0.81122093394272,-0.19589524552088966,10.10802334857208,5.485065545447474,77.82742644043466,OR_021_6_1
0.76372,-0.6543800000000001,0.0207582401953125,0.21905523244219613,0.22003658649486194,0.041622337485699705,0.9257664205058362,3.4708773149730545,10.599962897846533,OR_021_6_1
3.1759,-3.1976,0.012890881738281255,0.7170455931879177,0.717161458489093,-0.4291516679764789,5.21239394986063,4.45868912459124,55.63323110211709,OR_021_6_1
3.0065,-2.63,0.017801142373046874,0.5241173941985926,0.52441960639483,-0.06158588375993484,7.485377032839946,5.733004558955092,29.459883301028064,OR_021_6_1
0.8805700000000001,-1.0884,0.01147010318359375,0.23045916144899672,0.2307444221705414,-0.2472367283732323,2.6606136314159814,4.716907065596,20.11702932049967,OR_021_6_1
4.0114,-5.2609,0.020777983105468748,0.8714589907665997,0.8717066577524069,-0.7331652231459004,9.397648283685005,6.035172436940473,41.95337975655561,OR_021_6_1
1.6485,-1.4648,0.016774241953125,0.3317704797681562,0.332194260092938,0.2942468777000557,4.380806016993676,4.9624577937509855,19.803830254589883,OR_021_6_1
2.0558,-1.6084,0.011646376015625001,0.43268590105099386,0.4328426123230103,0.14483194159279134,3.315669294122081,4.749532362854144,37.16543022283243,OR_021_6_1
4.1633,-4.3795,0.016184765693359374,0.8442022112007236,0.8443573414359231,-0.2683779813092191,9.210798146706175,5.18678500191091,52.169880322239294,OR_021_6_1
0.8880899999999999,-0.67024,0.020670281884765628,0.21857035987796908,0.21954558244332903,0.2557432303673553,1.6997512902054757,4.045128059837475,10.621314844468728,OR_021_6_1
3.0148,-3.0741,0.018661817509765623,0.7174697894093365,0.7177124508797695,-0.2852748684781623,4.310663933661242,4.28319167648351,38.45886993832861,OR_021_6_1
2.1534,-2.4314,0.014225885234374997,0.4844686649364385,0.4846774836073951,-0.6838158157239376,8.058754269192134,5.016531770543281,34.070108225400766,OR_021_6_1
0.7236600000000001,-0.75537,0.018719674189453125,0.212271350640878,0.21309517241050263,-0.12665633983026778,1.2646167146433909,3.5447541486304295,11.383486639264063,OR_021_6_1
4.7225,-5.0973,0.012988572675781249,0.9229695551806995,0.9230609420892059,-0.6178895911301924,9.079450143919445,5.522170597903187,71.06715218549081,OR_021_6_1
2.4456,-2.383,0.013546859208984375,0.4586729371139426,0.4588729460702153,-0.20925037720015235,8.350818710234563,5.329579822943413,33.873011088273245,OR_021_6_1
1.5324,-1.232,0.020940607636718747,0.30887828434956466,0.30958731174084886,0.08143878413716875,3.2874569380645964,4.949815244149718,14.784064642610078,OR_021_6_1
3.6191,-4.0264,0.01455204052734375,0.7599981404896751,0.7601374450921843,-0.5779379620177673,8.974588944988497,5.296936785182012,52.23579410929125,OR_021_6_1
0.90394,-1.1068,0.012263332197265626,0.21692661710988925,0.21727297698361153,-0.20045039909172369,2.9167536713855426,5.0940526993811615,17.717285626069202,OR_021_6_1
4.4271,-4.1032,0.017586300947265623,0.861935939674848,0.8621153299206382,0.0840359225535601,6.102761898428694,5.13515981124286,49.02197929421329,OR_021_6_1
2.6793,-2.7936,0.017138684833984372,0.5332912341753554,0.5335665609519702,-0.5706709239229709,9.108465248370685,5.2357104046776275,31.132291362384322,OR_021_6_1
0.82549,-0.64269,0.013120801621093749,0.2025861587547763,0.20301060847698457,0.18314522118696538,1.8261452288617237,4.06624068627106,15.472423017065523,OR_021_6_1
3.7168,-4.2034,0.0167149609375,0.8142963232570715,0.8144678581682198,-0.39018140536369394,6.86491267936454,5.160915747237403,48.726874833077666,OR_021_6_1
2.9439,-3.0198,0.0164495777734375,0.5408920837628998,0.5411421577425808,-0.016072543319091127,9.228714280991765,5.580419028923798,32.89702217885408,OR_021_6_1
0.80879,-0.75788,0.012111714189453122,0.24810032109027846,0.24839577884035444,-0.005069594370172565,0.5581630448598798,3.25605370799703,20.50872027247284,OR_021_6_1
6.2083,-5.9103,0.01882559252929688,1.1057576082534133,1.105917850088508,-0.018928664810322238,10.309726020151658,5.613708101274822,58.74544398121897,OR_021_6_1
1.262,-1.1619,0.017470840107421875,0.256507764750966,0.25710204906144957,-0.07855109697639522,4.426820582479074,4.908556737289225,14.71606589978251,OR_021_6_1
2.4456,-2.5825,0.011114003867187501,0.5079341177846329,0.5080556948717465,-0.35001930561693534,4.985694642727993,5.083104118277469,45.713107106125875,OR_021_6_1
2.7561,-3.0031,0.014754463427734376,0.5831811668621891,0.5833677807128063,-0.56857215861696,8.681233412612535,5.147867424530543,39.5383908084277,OR_021_6_1
0.87974,-0.8163,0.01695734970703125,0.21455133947379446,0.21522041952167537,0.33094009172659494,2.5323659030659327,4.087623274165098,12.691865801444779,OR_021_6_1
3.5891,-3.8111,0.015723740068359377,0.8910616953394143,0.8912004156770174,-0.1808797650092877,5.3600086744257,4.2763669413556755,56.67864993467523,OR_021_6_1
2.3062,-2.2786,0.009597954169921874,0.4529945172316693,0.45309618555688713,-0.2257355225186464,7.360122719419648,5.089868483610492,47.20757469015927,OR_021_6_1
0.7269899999999999,-0.59428,0.0188499691015625,0.21852394842507808,0.2193354448565394,0.028293065211832117,0.45516926187064755,3.314512149009886,11.635851074286766,OR_021_6_1
5.6974,-5.7033,0.011476087949218752,1.0323817969848168,1.0324455798443894,-0.2787671076252784,9.75294702435155,5.524068392384938,89.96493355993677,OR_021_6_1
1.4248,-1.3163,0.015826783046875,0.3148491355725844,0.3152466736262518,-0.24329877556635834,5.25967492676498,4.519635303652943,19.91855532321472,OR_021_6_1
2.7819,-2.4982,0.017129447880859374,0.5789104710925371,0.5791638382403431,0.008642462772293604,4.9858522945789545,4.803304024727895,33.81100245948408,OR_021_6_1
4.4037,-4.2409,0.01691746965820312,0.8381260702813497,0.8382967913960389,-0.008072306868476474,9.576326805835784,5.253151437467922,49.55213508761469,OR_021_6_1
0.87056,-0.77374,0.008209046669921874,0.22270044113594215,0.22285168819053672,-0.008400850268003291,1.5661755088020541,3.9064545714781502,27.147081750672502,OR_021_6_1
4.1967,-3.7710000000000004,0.012863370478515625,0.943344058764886,0.9434317566772259,0.016098192087290603,4.496322827745824,4.4483344617659215,73.34249487025572,OR_021_6_1
2.6384,-2.7719,0.01571552978515625,0.6338569654489248,0.6340517569761538,-0.1646458132264782,3.0972891764647423,4.3717251235888055,40.34555152123993,OR_021_6_1
0.67525,-0.71531,0.0100414253125,0.1940110192968659,0.19427070245128417,-0.11648580299058309,1.1310344139669386,3.6820271265418723,19.346923076998298,OR_021_6_1
5.5514,-5.5681,0.013646420927734377,0.9663559721373389,0.9664523214777014,-0.37453496329254826,11.183788412543777,5.761380950200439,70.82093215317687,OR_021_6_1
1.6101,-1.4473,0.01274721064453125,0.29660524989190384,0.29687904210747984,0.025906591046489544,5.705717921003574,5.423420875878704,23.289724089177223,OR_021_6_1
2.7060000000000004,-2.4356,0.00963242265625,0.559182529335901,0.5592654867598432,0.1540225748205897,3.823875102715495,4.838489159842448,58.06072352278273,OR_021_6_1
3.9797,-4.3486,0.008733849160156248,0.7198952647063966,0.7199482427701629,-0.7743425121364711,11.28131845128591,6.0401564107270085,82.43194348061533,OR_021_6_1
1.2061,-0.96404,0.014631986103515623,0.2383759253649868,0.23882457329794862,0.20640766880048292,3.684554182220597,5.05015031868251,16.32208746552041,OR_021_6_1
4.8644,-4.4221,0.009772378447265626,0.9379340753746711,0.9379849834242848,0.02652127222468229,6.4495789169332856,5.186010523383447,95.98327495221638,OR_021_6_1
3.1267,-2.5583,0.008676964394531249,0.5283037572874584,0.528375008564135,0.11949023751112861,7.612375950731728,5.917577371002586,60.89398592014083,OR_021_6_1
0.8880899999999999,-0.89476,0.012777576337890624,0.2218886036699659,0.22225620102862784,0.01811593503666593,2.0389968996630463,4.02580441775366,17.394236415188768,OR_021_6_1
4.0907,-5.0581,0.010695221054687502,0.8737664049422885,0.873831859203577,-0.6231221365819102,8.702686673946927,5.788413343983145,81.70301231105286,OR_021_6_1
1.5558,-1.3605,0.012608647197265626,0.29619946692739496,0.29646770851514004,-0.09208944146064137,5.236367466641694,5.247789051105912,23.513044687806698,OR_021_6_1
2.1443,-1.8646,0.0121647650390625,0.46599461017523564,0.466153363412542,0.0591226526128246,3.0202341862626803,4.599988252154524,38.319961264825686,OR_021_6_1
3.1525,-3.7268,0.013681633652343752,0.7169372201667664,0.7170677546507356,-0.5965213013232542,8.93447933592213,5.197277343223928,52.41097082854038,OR_021_6_1
1.8922,-1.9256,0.013214396406250002,0.33603097293185646,0.33629070020134605,0.0903278228625735,9.178565136003849,5.725998349407504,25.44881085854819,OR_021_6_1
4.4329,-3.9647,0.01109431447265625,0.8172774752354085,0.8173527728837665,0.0043438579958857285,7.291655287259772,5.423484377420601,73.67311438891979,OR_021_6_1
3.0549,-2.7895,0.015946819892578123,0.5365002078466211,0.5367371554906124,-0.2796889212769526,8.406952726280219,5.691612669363297,33.65794092165527,OR_021_6_1
0.83383,-0.92481,0.008072828056640625,0.2141708603546275,0.2143229525222939,-0.07368487902553265,2.3770774981088207,4.3150301206716115,26.548679653509335,OR_021_6_1
6.0179,-5.3819,0.014812715791015625,1.1724054723500918,1.1724990439849183,0.10554566467026541,8.450183469342637,5.1325414939484295,79.15489511661194,OR_021_6_1
1.6218,-1.6359,0.011713692968750002,0.3228746620131656,0.32308707490873434,0.3040276090229438,5.442482104628343,5.063340882326438,27.581997256430952,OR_021_6_1
1.348,-1.4415,0.012338088085937499,0.3586550408046283,0.3588671992704069,0.01530899291365785,2.188050314335964,4.016806213869163,29.08612482620429,OR_021_6_1
3.4672,-4.0273,0.013822640029296875,0.7503350566486742,0.7504623658874231,-0.6749223008195279,8.854034554789079,5.366424990374149,54.29225603825128,OR_021_6_1
1.8613,-1.9573,0.010281031796875,0.34002690849695244,0.3401823012985879,-0.008465482484696196,8.731227650102717,5.753679679320944,33.08833927676886,OR_021_6_1
3.7785,-3.4255,0.013816481611328122,0.7472036633658766,0.7473313921624746,-0.09486536201757267,6.378703887523509,5.055989932405437,54.08984422343052,OR_021_6_1
3.054,-3.1358,0.009346800029296878,0.572577321382633,0.5726536052732915,-0.43609352666853646,8.981465492946914,5.475910682562751,61.26733665115474,OR_021_6_1
0.83634,-0.89059,0.013941511484375002,0.21359619035117802,0.21405069090055662,-0.057713649813999866,2.326049252761128,4.160649947414088,15.353476973208945,OR_021_6_1
4.2134,-4.7593,0.010898799160156254,0.9517264958791368,0.9517888982235053,-0.23162759204352953,6.448813561969249,5.000373511272051,87.32969540106329,OR_021_6_1
1.666,-1.6969,0.008446168652343752,0.3523412103818395,0.3524424297644135,0.14658780534302557,4.5449969214235155,4.814687029367004,41.72807843927374,OR_021_6_1
0.95152,-0.90812,0.011811561035156251,0.2485084604755862,0.24878900277551097,0.03857958369060164,2.5247396281228003,3.8246063353289608,21.063175389927995,OR_021_6_1
4.0423,-4.291,0.010868906718749998,0.8568867300735625,0.856955658893401,-0.3457624058044227,8.198744097225394,5.007260236234124,78.8446899236308,OR_021_6_1
2.2703,-2.1818,0.0133944657421875,0.38564564132134443,0.3858781833463375,0.15041702853110903,10.247417581036649,5.883462947888073,28.808775352807984,OR_021_6_1
3.4781,-3.3988,0.011739038837890623,0.7349769722167391,0.7350707140960813,-0.024416950482457983,5.618030407048462,4.731653606340958,62.617618156764465,OR_021_6_1
3.0248,-3.2878,0.016047435292968752,0.6155926171897115,0.6158017461147385,-0.6238608860445516,9.773837379319804,5.339055979305958,38.373839588604845,OR_021_6_1
1.4056,-1.1994,0.01121027548828125,0.26833503383944335,0.26856909848703436,0.19068146953272525,4.663325417759259,5.233662408239402,23.957401832843747,OR_021_6_1
3.8779,-4.9295,0.013236923593749998,0.8468849569323311,0.8469883980459846,-0.4848672744239955,7.4516278820929465,5.820032488700437,63.986796332276626,OR_021_6_1
2.1785,-1.8146,0.013317871679687497,0.390167254395958,0.39039448268252563,0.1578531991877648,5.574427158465635,5.5802530288096674,29.313576730460696,OR_021_6_1
0.8880899999999999,-0.9156299999999999,0.014997128906249999,0.22493867533951506,0.22543806586050733,-0.07421658351497784,2.057618724233799,4.061558958303868,15.032080622743479,OR_021_6_1
4.0615,-4.5765,0.013338433681640628,0.8542412608508839,0.8543453900813109,-0.6071655256911141,8.988643332284582,5.356732824657375,64.05139811924516,OR_021_6_1
2.423,-2.4923,0.01264940623046875,0.4101131755513723,0.4103082063995481,-0.04438006987975044,12.609371477250727,6.074214346809444,32.43695130719128,OR_021_6_1
2.6684,-2.6701,0.01676584162109375,0.5942997989633517,0.594536243212425,-0.0674938363608437,4.74064766258816,4.49106345658884,35.46116092396193,OR_021_6_1
3.8077,-3.8478,0.012128932939453127,0.791662926817213,0.7917558340240036,-0.0661613204763554,8.687107862011928,4.8598315664870935,65.27827078425844,OR_021_6_1
1.459,-1.2770000000000001,0.0141571601171875,0.29123855282915256,0.2915824408921134,0.32261257349225303,4.405129146457045,5.003730644864533,20.596109522135606,OR_021_6_1
4.7509,-4.5807,0.013486448046874995,0.99878384689887,0.9988748956235843,-0.008733358849382103,6.588328993467339,4.756251274367872,74.06507763101942,OR_021_6_1
2.5340000000000003,-2.221,0.013928506972656251,0.434846561567833,0.43506957537140484,0.09171574581353399,7.644698340776825,5.824355775768623,31.235906690473357,OR_021_6_1
0.6068,-0.5425300000000001,0.013973390917968748,0.17111619617302426,0.17168578347222374,-0.06146819708619175,0.998673774679363,3.534363674111711,12.286621922587639,OR_021_6_1
4.71,-4.7384,0.013679374384765623,0.9878677098265424,0.9879624169984891,-0.03491828814332871,8.397476785673373,4.796133854564544,72.22277254696571,OR_021_6_1
2.1643,-2.0658,0.017680113886718748,0.3965537841679615,0.39694771716811467,-0.18356305683660956,9.332416021476512,5.452355312654496,22.45164806402365,OR_021_6_1
2.5082,-2.2803,0.010598712822265623,0.5373050386036464,0.537409561900749,0.02623075022323272,4.142709927955309,4.66720388536001,50.70516771306409,OR_021_6_1
2.9489,-3.3086,0.019193008974609377,0.6773624429785744,0.6776343045857418,-0.41442654685162517,8.160595986994991,4.882574528366111,35.30630711296409,OR_021_6_1
1.8621,-1.7762,0.015183436904296875,0.32944875517169137,0.3297984521497998,0.3129073614779819,7.835101304637741,5.646175663395862,21.720933969537143,OR_021_6_1
3.7552,-3.9814,0.016721846025390626,0.8711436747051089,0.871304150175596,-0.25372918779375303,5.728696947447618,4.569472089198872,52.105736217572066,OR_021_6_1
2.7352,-2.3997,0.017302658652343747,0.4568834718632498,0.4572109894329493,-0.09329484196165395,8.5102469015325,5.982358379902333,26.42431849319867,OR_021_6_1
0.9031100000000001,-0.82215,0.016099090302734376,0.2087338992421505,0.2093538186931584,0.1996485625542125,3.2482094392686305,4.313797576388397,13.004076736778327,OR_021_6_1
5.2642,-4.9053,0.01945787854492188,1.0498974283196285,1.0500777204710319,0.07188679372607708,8.451729832647995,5.013152733709551,53.96670886191612,OR_021_6_1
2.5549,-2.6901,0.016256285126953124,0.4481609402842547,0.44845567808044984,-0.007882018690443462,11.572701448499723,5.998586093314731,27.586600935677723,OR_021_6_1
1.7353,-1.661,0.016538443740234374,0.4062350556020678,0.4065715687567984,-0.038563903174839584,3.4266543250061563,4.268129227624096,24.58342215019166,OR_021_6_1
3.9713,-4.3837,0.016946739873046873,0.7182418322853613,0.718441731553059,-0.8372440899670605,11.425358874723305,6.101677841600399,42.39409435331088,OR_021_6_1
1.7578,-1.7019,0.017615849775390623,0.3186837618082135,0.3191702652246028,0.24450490323200796,6.858623789702937,5.50740525047224,18.11835654684838,OR_021_6_1
4.1333,-3.9772,0.020105871835937504,0.8297149841248407,0.8299585537625164,-0.0871508531533782,7.142298237260462,4.980128195898528,41.27940928180136,OR_021_6_1
3.1425,-2.8671,0.0211087521484375,0.5489707414186341,0.5493764231844948,-0.057324563067975155,8.858238503471714,5.7201216900867005,26.026000651069264,OR_021_6_1
0.9824,-0.7178100000000001,0.0183691105078125,0.20688635977588823,0.2077002409294859,0.4757650381590265,3.061738258511875,4.7298933832418175,11.307037950156145,OR_021_6_1
6.5889,-5.8285,0.018733023662109376,1.2260859664105337,1.2262290663674456,0.2395048629961492,8.730454346126928,5.373302733840351,65.45814616086507,OR_021_6_1
2.7761,-2.7744,0.021114400322265626,0.4888556775288736,0.48931144617021066,-0.07183157975073626,10.247087187922691,5.673482637806167,23.174298844752013,OR_021_6_1
1.5249,-1.4315,0.016866019794921874,0.35282265589090833,0.35322554994456024,0.02472740542431131,3.5809453726120175,4.3170716159186835,20.943028248305705,OR_021_6_1
3.7234,-4.2718,0.018919055224609377,0.7495581865529547,0.7497969096222961,-0.8204522593568565,10.297541913040154,5.697276075003574,39.63183473428137,OR_021_6_1
2.2044,-2.2344,0.019758250966796877,0.3883335518275823,0.3888358727744812,0.11011431999489533,9.96745541858886,5.746383373299341,19.67966971106086,OR_021_6_1
4.4972,-4.1016,0.0180510984375,0.8426511094407607,0.842844430720489,-0.029277868549570735,7.633899269943138,5.3357414853176595,46.69213826220102,OR_021_6_1
2.9672,-2.7794,0.01959357890625,0.5472210131197767,0.5475716807269988,-0.240241662856007,8.273257282742737,5.418833915299785,27.946484682583876,OR_021_6_1
1.0533,-0.92314,0.015441987441406249,0.24800961900169405,0.24848989133062535,0.21265921967275414,3.0710386321368786,4.238804202943369,16.0918324912304,OR_021_6_1
5.2976,-4.8269,0.019352972460937496,1.0835116268998415,1.0836844481537118,0.029931177248582373,7.555639213086064,4.888507908494106,55.99575953230372,OR_021_6_1
2.2119,-2.2311,0.014095562167968749,0.4263849949562094,0.42661791898212365,-0.13023320192772178,7.752508983679945,5.229738122799644,30.266113804632166,OR_021_6_1
1.0575,-1.0325,0.017232853574218752,0.2538797390927791,0.2544639329337815,-0.1456839142356355,1.781854711574688,4.15579521880374,14.766209036225073,OR_021_6_1
4.3645,-4.7292,0.015762111123046874,0.816281644242774,0.8164338104676594,-0.7995885999352241,11.0443926219254,5.792508754014695,51.797234031465564,OR_021_6_1
2.272,-2.1451,0.01585519228515625,0.3942882849251301,0.3946069420975762,0.14066503567860913,9.726460009974446,5.757628039094569,24.888182376622943,OR_021_6_1
3.6567,-3.4071,0.014043760302734376,0.7441488328992321,0.7442813397558277,-0.039679024949265805,5.8372255050448025,4.913061499414418,52.99729351074296,OR_021_6_1
2.9597,-3.0732,0.015292024726562499,0.582283683101332,0.5824844492570512,-0.5219937648812132,8.665691184950221,5.276020670841587,38.090731710270816,OR_021_6_1
1.2503,-1.0333,0.016420886025390623,0.2600261440581672,0.26054412503761737,0.2977990204875608,4.015000879717933,4.798803254614466,15.866629167763824,OR_021_6_1
4.6725,-4.2334,0.010059439873046878,0.9831894223618812,0.9832408822739467,0.06609285002345984,6.754019274003076,4.752141697405565,97.74309473883666,OR_021_6_1
3.1459,-3.0774,0.017733774970703126,0.5394719548372825,0.5397633526191553,-0.12355032640909148,11.016992357407496,5.82829489795203,30.43702331138416,OR_021_6_1
0.79043,-0.70029,0.012219250624999999,0.21011831020479874,0.21047331034873898,-0.04647180430410999,1.1535577965928008,3.7554880233262207,17.224730025046767,OR_021_6_1
4.1767,-4.7927,0.016300036357421874,0.875434897945568,0.8755866329074584,-0.49005870461727596,9.09124191801531,5.473701646873867,53.716848232177746,OR_021_6_1
2.0641,-2.1025,0.016465242509765624,0.37855690136662856,0.3789148080811948,-0.05057039873830454,9.33015821540994,5.548740639349018,23.013009668302715,OR_021_6_1
2.812,-2.6634,0.0135651126171875,0.6134020538785208,0.6135520287495629,-0.043863829251205196,5.137961583488453,4.583148394355065,45.23014300242719,OR_021_6_1
3.9313,-4.1508,0.016036688251953125,0.7086542694625625,0.7088356995789705,-0.4455089427250568,10.302905978698236,5.855799865342088,44.200875158358556,OR_021_6_1
1.3805,-1.2512,0.01330222814453125,0.27273083066307974,0.27305504072948855,0.325741917657733,4.9110789316742585,5.055757224829565,20.527013763083886,OR_021_6_1
3.6375,-4.1675,0.016937361259765624,0.8305416646334275,0.8307143497607999,-0.2655407397522854,6.233789948339673,5.016766589120851,49.04626452574294,OR_021_6_1
1.848,-1.8463,0.015018322070312496,0.40789381175225903,0.40817019938206534,-0.2858384351230919,5.857497264746138,4.527523073144954,27.178147484982308,OR_021_6_1
0.78793,-0.7094699999999999,0.014178689638671875,0.1917654349484761,0.19228889016489745,0.14952487909386064,2.461509563557173,4.097636609305268,13.561822813203664,OR_021_6_1
4.0423,-4.7125,0.015554751035156246,0.8501150092589964,0.8502573017899873,-0.6241939836384701,9.376661229537573,5.542439899706435,54.66222154286155,OR_021_6_1
2.0266,-2.1409,0.0171328918359375,0.36578118887002,0.3661822143603197,-0.05159751053355106,10.963190567152926,5.846542814465675,21.3730522840968,OR_021_6_1
3.4589,-3.1767,0.017282463671875,0.6581078213406365,0.6583347082300073,0.19927201100718792,6.042523015175291,5.254014335725292,38.09264018351287,OR_021_6_1
2.9706,-3.66,0.01587954015625,0.6372124657329201,0.6374102966543621,-0.7071033915041985,9.29954780289281,5.7419844227001295,40.140347279712486,OR_021_6_1
1.9147,-1.5667,0.0167690228125,0.3337402697730508,0.3341612900894939,0.4657759719999194,6.909369385537346,5.729867734701838,19.927295340853576,OR_021_6_1
3.8528,-3.9647,0.015491815810546875,0.8747398121210886,0.8748769829334553,-0.25368530598388467,5.698134256064909,4.531722828248003,56.47349136854216,OR_021_6_1
2.2327,-2.3679,0.01745686337890625,0.45399901360842837,0.45433450940519116,-0.36273906494022556,6.786853412208076,5.21179867646027,26.02612356627916,OR_021_6_1
2.0491,-1.9782,0.017199268974609376,0.35570818395953935,0.3561237523516993,0.242798150284798,9.583233284195316,5.753898695929889,20.705748143812567,OR_021_6_1
5.6757,-5.5397,0.015700835644531248,0.9939368073493908,0.9940608096307976,-0.2862963065364319,10.727831202446799,5.709610457732854,63.312601241350954,OR_021_6_1
2.1668,-2.1476,0.017631164404296875,0.3772877755463994,0.3776995148726056,0.04292146489744287,9.993494952363921,5.736835523852883,21.422265982517345,OR_021_6_1
2.6476,-2.4247,0.015458585996093753,0.5155126143684247,0.5157443392359887,0.15384071110578162,5.418370288422604,5.133551245154799,33.36296773866284,OR_021_6_1
4.5231,-4.5848,0.019732363896484372,0.7655612103954545,0.7658154693182273,-0.6766292538693045,12.145650229529936,5.986820817415494,38.81012100352296,OR_021_6_1
1.969,-1.8780000000000001,0.014681812666015624,0.35078539683435356,0.3510925095404271,0.22917311883668415,7.9408316869338105,5.608208494590706,23.913429057685843,OR_021_6_1
5.6582,-5.1541,0.017746831474609377,0.9987404844299559,0.998898145591817,0.042479368733872584,9.569205763881156,5.664441384044462,56.28599622050603,OR_021_6_1
2.3354,-2.4773,0.017381419091796878,0.49696975410551136,0.4972736170614093,-0.43628012563204727,8.236871959027944,4.981764384882516,28.609493035387626,OR_021_6_1
0.76289,-0.78542,0.016082086416015627,0.21241082275480921,0.21301875768783177,0.12546029403760098,1.4605440455979055,3.6870931219301366,13.245715694574159,OR_021_6_1
5.1799,-4.7668,0.018226746162109377,1.041553761833703,1.0417132297641207,0.09059841265381562,7.771877959590663,4.972481722441428,57.152997213330714,OR_021_6_1
1.4774,-1.5149,0.019609678349609375,0.3404296592381471,0.3409939770347507,-0.36172042408695554,5.55358772683026,4.442600449224403,17.38906439801339,OR_021_6_1
1.7695,-1.4515,0.0197822816015625,0.3415774474464362,0.3421498082264352,0.22105362750304486,4.749551247748466,5.171711198672457,17.295769912791084,OR_021_6_1
6.3668,-5.8527,0.013675113945312501,1.000258853569378,1.0003523293746777,-0.13254715598179784,14.066475503220051,6.36455757304563,73.1512922103499,OR_021_6_1
1.9239,-1.8780000000000001,0.02209647705078125,0.3431665729684098,0.34387723260044223,0.16662736984923782,8.741411254004904,5.594729199884798,15.562535885137768,OR_021_6_1
4.599,-4.1141,0.01601122122070312,0.8570294190619981,0.8571789686773261,0.04308548033784289,7.776377886647921,5.365273954085964,53.536135896543925,OR_021_6_1
2.418,-2.6451,0.018272113447265627,0.5346109150372644,0.5349230791495267,-0.4643636686735848,8.605512388291585,4.944823093556959,29.275379195623227,OR_021_6_1
1.0266,-0.9757299999999999,0.018787188076171874,0.23368436375304968,0.234438350741676,0.16439292518841783,2.9285013703917695,4.378976359342412,12.478628377622405,OR_021_6_1
5.5388,-4.8369,0.017044103017578128,1.0761598687498353,1.076294831612294,0.11471703497821222,8.205594842398023,5.146173550379947,63.1476333694207,OR_021_6_1
2.4214,-2.4714,0.0135469446875,0.46522346655745733,0.465420662998651,-0.19493076678649585,7.401882052292217,5.310034966576309,34.35613264679304,OR_021_6_1
1.2295,-0.9289799999999999,0.017419589228515626,0.24752722863246393,0.24813941847952792,0.38828968365419336,2.419325037915854,4.954875781441234,14.24484819816985,OR_021_6_1
5.4662,-5.5497,0.01905907744140625,0.9266326078186882,0.92682859165316,-0.4594587743900107,12.494967621653918,5.987838575537798,48.629244824325056,OR_021_6_1
1.5859,-1.585,0.0149114198046875,0.31162931222090734,0.3119858629423253,0.06042737781814501,7.2818701450757075,5.083243131468208,20.922611401607725,OR_021_6_1
4.296,-4.0673,0.0156673430859375,0.801987191525637,0.8021402128122934,0.10629881350810444,7.51474087055305,5.355672145624774,51.19822532858447,OR_021_6_1
2.7527,-2.8629,0.017065048623046874,0.5349299058588992,0.5352020366802781,-0.5610355024947381,8.410494984107835,5.349194880513991,31.362465888025977,OR_021_6_1
1.1243,-0.99492,0.012864687890625002,0.2516695675112798,0.2519981575445301,0.2271092999379035,3.1856768620611824,4.461540538604083,19.588360020751914,OR_021_6_1
3.9655,-4.7267,0.014092941474609377,0.8936448175027488,0.8937559347209552,-0.32270961755345573,6.426153121483731,5.288580261217701,63.418688916895476,OR_021_6_1
1.9873,-1.9106,0.018321145390625,0.4279038797409761,0.42829591950636675,-0.2881662849223361,5.2776627985036555,4.640016177717617,23.377135380869365,OR_021_6_1
0.57425,-0.65772,0.013290267412109376,0.18107390052695038,0.18156097780065322,-0.23420813843026833,1.3204977139373337,3.622584568252138,13.66119721368642,OR_021_6_1
5.0472,-5.2876,0.013139380078124999,0.900840418232192,0.900936236605892,-0.5642307153969361,11.350328427527186,5.869005795627706,68.5676312490707,OR_021_6_1
2.1751,-2.2311,0.019152226435546878,0.3882654421332934,0.38873752241377507,0.060061512672037326,9.664176364992667,5.739348186424496,20.297248647552674,OR_021_6_1
4.2276,-3.968,0.007631275488281247,0.8007444755573866,0.8007808386201883,0.1729316324990871,6.888284202411846,5.279347095773617,104.93406179816505,OR_021_6_1
2.6851,-3.1175,0.012758575000000001,0.5736678275184832,0.5738096875844871,-0.731886918229347,9.25528475373239,5.432985991732663,44.97443034273473,OR_021_6_1
1.0175,-0.99659,0.01342877763671875,0.25023741584381304,0.2505974787522928,0.13405043188705643,2.948951641683723,4.060296220878855,18.661226425095425,OR_021_6_1
0.18442,-0.19881,0.005364084306640626,0.06510730101073217,0.06532789637934802,-0.3737050438205274,-0.08242120652974672,3.0432634138757604,12.178757913949177,Normal_1
0.20423,-0.17106,0.010639831982421875,0.0676529353462731,0.06848449229994465,-0.2022012150398421,-0.29326862005123866,2.982134935357185,6.436613470633255,Normal_1
0.20444,-0.19735,0.00991148478515625,0.06231767858853779,0.06310095558159706,-0.25787903688453684,0.1548364353369278,3.23988749260298,6.36644766984371,Normal_1
0.1792,-0.18233,0.009280093281249999,0.06364877003215558,0.06432173861079105,-0.2852755866200867,-0.1765749046130045,2.8346559204286677,6.931151415212467,Normal_1
0.20486,-0.18024,0.010609419853515625,0.06362411521411632,0.06450261875619717,-0.11569512793660337,-0.21451761150375592,3.1759950336019926,6.079749276306921,Normal_1
0.21133000000000002,-0.16355,0.011021973173828126,0.062473115748619294,0.06343795460120834,-0.3102707642990262,-0.17055952871948854,3.331286419891733,5.755589116861015,Normal_1
0.2009,-0.18462,0.010848887324218749,0.06360720583152059,0.06452576996725433,-0.03153358600814171,0.2384218811837071,3.11348468973665,5.947684964477775,Normal_1
0.19693,-0.19672,0.011987643193359375,0.06492738828827085,0.06602476307619123,-0.15878941321237164,-0.013859881394078233,2.982668741879135,5.507734631694027,Normal_1
0.21154,-0.19193,0.013095980498046875,0.0628709306125558,0.0642203910085732,-0.12565845052433797,0.015252335417279994,3.2939693045125007,4.9038242011987405,Normal_1
0.16794,-0.22780999999999998,0.011522893818359374,0.064324692308469,0.06534862754892712,-0.31739531413043665,-0.08769753157951454,3.4860716293293983,5.6711988245182505,Normal_1
0.18692,-0.16585,0.012622906796875,0.05963832571601637,0.060959557660897216,-0.13014335920086684,-0.12110873157060453,3.0662951652880106,4.829280118483375,Normal_1
0.20360999999999999,-0.21236999999999998,0.013107379716796874,0.07143849223735009,0.07263099597407588,0.01590525422691775,-0.2507582946762068,2.9239582113377987,5.541228834606182,Normal_1
0.17586,-0.20549,0.010196468857421873,0.05823981381523212,0.05912566186008641,-0.3707114561059879,0.49407547682777375,3.4754790062356977,5.798640381116768,Normal_1
0.1744,-0.21154,0.0127289919140625,0.06520266097560107,0.06643353244745788,-0.26969598139856027,-0.1537942695895782,3.184235265271664,5.219072152523919,Normal_1
0.20006,-0.21049,0.011541681591796875,0.06952026702148904,0.07047182373619658,-0.03886817327023381,-0.20849418121042174,2.986867457852069,6.105853559539375,Normal_1
0.16418,-0.19401,0.00902868916015625,0.06365463035081344,0.06429175058317686,-0.18761081248707165,-0.1388396079814802,3.0176499352176047,7.1208280982879835,Normal_1
0.17106,-0.1694,0.010787943720703123,0.06713719039348834,0.06799839750797486,-0.1913127074887223,-0.37256041151684105,2.5156474821967763,6.303183717421102,Normal_1
0.17774,-0.18483,0.010559903095703125,0.06392350752842026,0.06478986315872755,-0.11741956956786558,-0.3384439511965245,2.8527610360038453,6.135459429512324,Normal_1
0.19672,-0.16418,0.010820706874999999,0.06303604983594432,0.06395804309228299,-0.2339278607757881,-0.3048662574793899,3.0757663526445413,5.910707860439584,Normal_1
0.19088,-0.22343000000000002,0.009786206875000002,0.07112327563655135,0.07179338536573657,-0.2354080433487767,-0.04954449395895688,3.112125103860989,7.336180294017774,Normal_1
0.17857,-0.15270999999999998,0.01186661859375,0.06272501261442143,0.06383763658163467,-0.18320723987262166,-0.30647811314987417,2.7972526359805716,5.379597456318324,Normal_1
0.16814,-0.19693,0.009977854267578124,0.0631155786616145,0.06389940410970571,-0.16956391405773774,-0.3776770537326586,3.0818753267248837,6.404122168151644,Normal_1
0.20360999999999999,-0.17524,0.007389082578125001,0.06533841564588294,0.06575490172192876,-0.04161479830437624,-0.18892596840707743,3.0964991441177756,8.898925154479608,Normal_1
0.1888,-0.22113000000000002,0.011974225029296874,0.065286430360018,0.06637544767612281,-0.3609508680786943,0.002229081894142393,3.331502903716671,5.543193147826389,Normal_1
0.17899,-0.21008000000000002,0.00916791900390625,0.06232751968849419,0.0629981781433544,-0.3288814678234959,-0.028419566691653575,3.334699555711859,6.87158898817968,Normal_1
0.1961,-0.23845,0.008715388730468749,0.06720445732263061,0.0677672272175309,-0.2290979435679492,0.10485550868787508,3.518662431265186,7.77558196630251,Normal_1
0.18358,-0.18525,0.01119108068359375,0.06718161980705499,0.06810734414706236,-0.13188855264686378,-0.31371800469215394,2.7199709458648647,6.085858907357319,Normal_1
0.22300999999999999,-0.17482,0.009122224541015625,0.06813725279079613,0.06874518309273432,-0.11221318606956066,-0.007846628201537698,3.244009059589818,7.536010021199341,Normal_1
0.18212,-0.17983,0.008798304208984375,0.06670760989524065,0.06728532808041765,-0.1293995650793105,-0.3906032966361743,2.7066821622041113,7.647532846633844,Normal_1
0.19025999999999998,-0.17461,0.00990086853515625,0.0641209338002733,0.06488082420229785,-0.14174061239372315,-0.3476292470217017,2.93245345457261,6.553043040504416,Normal_1
0.18671,-0.19067,0.010033307490234376,0.06487224929670458,0.065643552524276,-0.16944851408283668,-0.15879957422743152,2.904626421991114,6.542562962971608,Normal_1
0.20194,-0.1767,0.009978493671875002,0.06308146828535731,0.06386581227069917,-0.17950975141695513,-0.21019482650410204,3.161942041574965,6.4003453798205525,Normal_1
0.17837,-0.25138,0.009671899462890623,0.05991525419110714,0.0606908833681406,-0.40184565312064396,0.3987263535828025,4.141972927518597,6.274969805675816,Normal_1
0.1767,-0.22343000000000002,0.011035047724609375,0.06562242905770636,0.06654378613903865,-0.3633661668627883,0.08650309642418552,3.3576387760011084,6.030221324772103,Normal_1
0.22718000000000002,-0.18024,0.008402543984375,0.05954572892752457,0.06013565147996314,0.0012911616309334369,0.1396353685243028,3.777792218612663,7.156837790430011,Normal_1
0.22384,-0.20444,0.010176364541015625,0.06641817153779772,0.06719324300624256,-0.15333362945454604,-0.02685250881089818,3.3312872939905125,6.602872384587761,Normal_1
0.22718000000000002,-0.18233,0.01261210818359375,0.07005653344852059,0.07118274476063954,-0.00019813935698221439,-0.17499126652047403,3.191503749573244,5.644000041899131,Normal_1
0.21716999999999997,-0.19485,0.007234080634765624,0.06771508025542855,0.06810039659671167,-0.14186232647674002,-0.12102067768536617,3.1889681655909503,9.413827495315243,Normal_1
0.18608,-0.23219,0.01046137666015625,0.06856193048489927,0.06935545193740592,-0.24167312069838617,-0.08104677633612312,3.347826164577919,6.629667161482633,Normal_1
0.18462,-0.18838,0.010649311845703124,0.05956446474933105,0.060508952260482377,-0.17289223128335685,-0.22154687469794343,3.113258284093117,5.681958370196351,Normal_1
0.18024,-0.17461,0.0100331212890625,0.06287320614468886,0.06366870168075976,-0.24799866654373642,-0.2480416649834556,2.8309042341217245,6.345851256110723,Normal_1
0.19005,-0.1815,0.01232740390625,0.0655294583191999,0.06667889317224444,-0.09242030139534825,-0.07936886836440582,2.8502272324592575,5.4089967579825515,Normal_1
0.16543,-0.2324,0.012438063994140625,0.0631878589568345,0.06440039561579687,-0.33880860622104386,0.05104115098361284,3.608673427688087,5.177686050533976,Normal_1
0.19902,-0.20653000000000002,0.010671135087890624,0.06960269261350742,0.07041596369513387,-0.2764460329837431,-0.2768245714265465,2.9329996527658504,6.598731673475741,Normal_1
0.17545,-0.21216,0.01106764576171875,0.06935373078990058,0.07023128047519064,-0.2795478611383603,-0.25633928040396636,3.0208761045453225,6.345638055427429,Normal_1
0.16648,-0.18984,0.014158196220703124,0.06446552776196744,0.06600196050007096,-0.23624682016202264,-0.2581779117063916,2.8762781542453997,4.661748912747041,Normal_1
0.19193,-0.20423,0.01303582255859375,0.06808277989168679,0.06931953251111127,-0.22667191204189663,-0.1976748457941122,2.9462114018303924,5.317618192631412,Normal_1
0.18108,-0.15375,0.01155066388671875,0.05851736774339321,0.059646459776247114,-0.15438954148900969,-0.23039338530337528,3.035888427299799,5.163898386908458,Normal_1
0.17482,-0.19443,0.014986703974609376,0.06720900507722746,0.06885965189785205,-0.24998237054139552,-0.27659323483971576,2.8235692719570022,4.594715917509203,Normal_1
0.20027,-0.18337,0.014761539130859374,0.06527405975225122,0.06692238724113443,-0.31650180062087346,-0.09763114609875378,2.992571025385228,4.533564021631556,Normal_1
0.20277,-0.20194,0.011773337529296875,0.06305507102961477,0.0641447851280875,-0.15397436260840988,-0.05599782584960389,3.16112987881975,5.448308903075289,Normal_1
0.16418,-0.20674,0.01510894791015625,0.062404786061919036,0.06420776923695215,-0.1816741495956457,-0.10056628539116552,3.2198595160219297,4.24965162161556,Normal_1
0.20444,-0.20069,0.01091355517578125,0.06555680941908139,0.06645901705400539,-0.1818735204752561,-0.15718206484785258,3.076181472225028,6.089583998430091,Normal_1
0.19255,-0.16794,0.011096162216796875,0.060420038524533946,0.06143049626405143,0.07784869446205145,-0.044749411612851286,3.134436616593669,5.536192561683006,Normal_1
0.19923,-0.20569,0.011389088701171876,0.06658335617075999,0.06755038608627964,-0.16571480337321431,-0.10315300649982628,3.0449862520740214,5.931148832670013,Normal_1
0.19923,-0.16814,0.0119220539453125,0.0608998402382942,0.062055828987490756,-0.10172957974691556,-0.0006260107317652697,3.2104960974683743,5.205128584975176,Normal_1
0.19088,-0.22155,0.009039079267578125,0.06610571932835994,0.06672084443354612,-0.31320045699399707,0.13419751421527426,3.3205514492567922,7.381375367675863,Normal_1
0.17023,-0.18692,0.00973196029296875,0.06577513837520826,0.0664912015188605,-0.20376324937081236,-0.2259318943892641,2.811198969472381,6.8322509222164465,Normal_1
0.1792,-0.17273,0.010958839296875002,0.06450314879205846,0.0654274587831834,-0.1840022721589374,-0.3441176177841969,2.738911163505987,5.970290378429965,Normal_1
0.1646,-0.16543,0.006134977607421875,0.06021649835501469,0.06052821345771784,-0.011492317692228119,-0.48068979446796467,2.7331055687354135,9.86608386612677,Normal_1
0.17837,-0.20006,0.012523464560546874,0.0646270674459854,0.06582928688104725,-0.2631335128667273,-0.247471576510085,3.0390728266954072,5.25647525940676,Normal_1
0.15813,-0.15041,0.011932247890624999,0.05742630854947657,0.05865287250717573,-0.024495287733798148,-0.4157426776743125,2.6960315930753844,4.915491877919046,Normal_1
0.18254,-0.20403,0.00774339556640625,0.06856923012116473,0.06900506861316119,-0.1597307568051114,-0.347063451999142,2.956739282255369,8.911472894534548,Normal_1
0.17085999999999998,-0.19505999999999998,0.009058500507812501,0.06494986797226548,0.06557851615479537,-0.2828281716602583,-0.15223716899412443,2.974449689668477,7.23944419485245,Normal_1
0.18295999999999998,-0.2059,0.008538695634765624,0.06548983587474047,0.06604413619727045,-0.1558510956879213,-0.013762556763924572,3.1176120809177545,7.73468586861012,Normal_1
0.19150999999999999,-0.1938,0.006848832265625,0.0683274033905276,0.06866979363224088,-0.26488136464227185,-0.3138439121907042,2.822201537632235,10.026495166249942,Normal_1
0.18066,-0.19944,0.007596725078125,0.0648675013517939,0.06531081812025935,-0.36151135789794087,-0.20595455884742364,3.053705384291129,8.59723220879634,Normal_1
0.22175999999999998,-0.26911,0.009941039111328124,0.06929019582532552,0.06999968211445616,-0.3160647262080004,0.42810498390284346,3.8444459749907653,7.041484727004506,Normal_1
0.20986999999999997,-0.24053000000000002,0.009304564873046876,0.06658065009583648,0.06722765721532284,-0.2932293210512053,0.16499823194207863,3.57784290551381,7.2252330879902145,Normal_1
0.17002,-0.17273,0.008987566630859374,0.06272394801913324,0.06336458008265396,-0.3287879668129494,-0.31085821720456375,2.7259708349478036,7.05024792971657,Normal_1
0.20506999999999997,-0.1598,0.011954865478515625,0.06573905136845147,0.06681722594835336,-0.08044818369173486,-0.27173480105225956,3.0691186893839464,5.58912356473677,Normal_1
0.18900999999999998,-0.19923,0.008945382021484375,0.06662499951048116,0.06722284149961165,-0.09285122383149857,-0.13609898276822507,2.963724719036553,7.514808626769886,Normal_1
0.19526,-0.2445,0.010523915927734374,0.07109965589242827,0.07187429216678055,-0.25062639136416254,0.30294851055362315,3.4017725841511997,6.82961416935604,Normal_1
0.19150999999999999,-0.21696,0.01152090607421875,0.06661977007455272,0.06760861662212327,-0.1902427237914538,0.042893011910032364,3.2090583660891943,5.868341458409681,Normal_1
0.18671,-0.16522,0.00973490451171875,0.06398189346690614,0.06471824362158486,-0.09351095067693704,-0.39327555469270203,2.884966999517913,6.648060789463021,Normal_1
0.18358,-0.16856,0.010711858417968751,0.06382404924458938,0.06471671478638559,-0.25909828716264205,-0.42105342385719435,2.8366705227433617,6.041594858669045,Normal_1
0.17482,-0.16648,0.01203731955078125,0.06084987459830231,0.06202906012988378,-0.17807895693553435,-0.2835758817017138,2.818356377084948,5.153062084556513,Normal_1
0.25138,-0.21341,0.010384959863281251,0.06806319435071391,0.06885089553945553,-0.07855380184548663,0.1131612516139584,3.6510780924391417,6.6298656726667025,Normal_1
0.20715999999999998,-0.2132,0.0089697069140625,0.06644020363314553,0.0670429437072838,0.0035019272987034957,-0.06257286592129008,3.1800512482089283,7.474373117788532,Normal_1
0.17545,-0.17815999999999999,0.011084285546875001,0.06705070454852176,0.06796071193371814,-0.2119687873678067,-0.44078987071374875,2.6215145826053776,6.131266243101441,Normal_1
0.21445999999999998,-0.20549,0.011156842099609376,0.0668475339813466,0.06777217662893015,0.03272022622509575,0.12730800572150835,3.164425395539492,6.074494014467497,Normal_1
0.18900999999999998,-0.18045,0.00925023111328125,0.0657986431462726,0.06644567868221109,-0.17378169147773578,-0.3495124498656317,2.8445792247739163,7.1831363654983384,Normal_1
0.16501,-0.24325,0.00998905490234375,0.06318694399266697,0.0639716430066828,-0.231542471261823,-0.08119932332506474,3.8024659796860756,6.404173090238991,Normal_1
0.19755999999999999,-0.21779,0.01071661169921875,0.06752677775129576,0.06837186175456045,-0.1918556427608212,0.23616384263598844,3.185374673523478,6.379988124376728,Normal_1
0.15667,-0.1815,0.007593285517578125,0.059466692944806575,0.05994952505853045,-0.21791052343135892,-0.2399757020750095,3.027546870392208,7.895069535404719,Normal_1
0.18004,-0.16439,0.009569491113281252,0.06494673312752126,0.0656479497326812,-0.0502940730059661,-0.37828733633418343,2.742507541981376,6.860128934279606,Normal_1
0.18004,-0.184,0.010837787158203126,0.06143836864859348,0.06238694392809273,-0.13437439340724483,-0.3732715582511905,2.949334996481694,5.756427696999413,Normal_1
0.18108,-0.20903000000000002,0.00798399626953125,0.06362533540580663,0.06412431287689,-0.16453874737522808,-0.23988684563651796,3.259761974238186,8.031605060989056,Normal_1
0.18671,-0.20069,0.0114263247265625,0.06453106543706799,0.06553487089481451,-0.18976485318055622,0.09661821224386857,3.0623390905854464,5.735428208778191,Normal_1
0.19881,-0.19985,0.008883300185546873,0.06572180846090964,0.06631944759690803,-0.3039437112767412,-0.26451425471096046,3.0134448374969978,7.465630874343171,Normal_1
0.16585,-0.18796,0.009254466357421874,0.06236880911136979,0.06305167323339751,-0.17066073842876844,-0.3550426965407585,2.9810469315094004,6.8131066649483065,Normal_1
0.213,-0.21570999999999999,0.01006223623046875,0.06969442540502918,0.07041705425885789,-0.16387497808000348,0.0497738142515578,3.0633203732680294,6.998150873011916,Normal_1
0.20110999999999998,-0.18108,0.010401424912109377,0.0655270663360869,0.06634746462990265,-0.15119212444334215,-0.18054339216220017,3.0311632568126337,6.37868934418508,Normal_1
0.18504,-0.20257,0.010194257265625,0.06579524857571925,0.06658030952420119,-0.24453751549465966,-0.20827014327998183,3.0424910668803222,6.53115781348308,Normal_1
0.19589,-0.18504,0.01032468076171875,0.06717961956546306,0.06796837733675679,-0.09171297484045297,-0.37277116324558124,2.8820755297329814,6.583096593714487,Normal_1
0.18483,-0.20945,0.011979667265625,0.07114162364749149,0.0721432120368674,-0.30775762917103733,-0.2730376037809026,2.9032530044505314,6.0221377117660575,Normal_1
0.16668,-0.18775,0.008585623955078125,0.059859122488180226,0.06047170812663534,-0.12966012849487452,-0.34559684705638194,3.1047576248726156,7.043367074969685,Normal_1
0.24158000000000002,-0.18024,0.01030180802734375,0.07142496093127224,0.07216406510629794,0.057986502854227656,-0.020761804046223187,3.3476495025121196,7.004989600831783,Normal_1
0.16272,-0.22155,0.013421242939453125,0.058604542857251,0.0601217282315403,-0.3609235230879588,0.2341974501513815,3.6850237481821004,4.479594328421847,Normal_1
0.19798,-0.20653000000000002,0.009499762138671874,0.06586824335238467,0.06654976305758205,-0.2381342427996934,0.03368239675557794,3.1033919191854737,7.005412880945379,Normal_1
0.16501,-0.14853,0.010433389726562499,0.05869018609738093,0.05961034780414845,-0.15843522619129335,-0.13002360622513498,2.768143507130703,5.71342043698083,Normal_1
0.18629,-0.18817,0.012676051503906247,0.06625173254493992,0.06745349766273011,-0.01195482449553693,-0.28289968475119665,2.789625500981894,5.3213330918236315,Normal_1
0.20549,-0.19422,0.011193333779296873,0.06913031940222075,0.07003064887424511,-0.19882442113760332,-0.35117152847117605,2.9342866354803347,6.256459782099379,Normal_1
0.18108,-0.19547,0.0128344865625,0.0643350589840786,0.06560277326308596,-0.13277955475291559,-0.2634080860938317,2.9795996007136707,5.111444687107348,Normal_1
0.22969,-0.16648,0.013197157265625,0.06645221076500865,0.0677499909627357,0.05475593393230134,-0.1327845761088584,3.390258704773509,5.133680266546925,Normal_1
0.18212,-0.19318,0.014190964648437502,0.06416642090412857,0.06571691600569057,-0.27131879010476356,-0.22766351848729904,2.939577947384113,4.630898110371111,Normal_1
0.21966999999999998,-0.19047,0.013664523896484374,0.06547866889857865,0.06688927637556923,-0.07275232074754238,-0.1458970628230789,3.2840839162695556,4.895104431532675,Normal_1
0.20152,-0.19172,0.0147595494140625,0.06313857969736868,0.06484076298985945,-0.17833136270162595,-0.16157738115055542,3.107921430899797,4.393139436556342,Normal_1
0.19443,-0.17294,0.014760749833984376,0.06525235452834433,0.06690104264624139,-0.12951160178884816,-0.18548629552889828,2.9062326894047397,4.532360406234346,Normal_1
0.17711,-0.2059,0.009510107978515625,0.07119960408289015,0.07183192727000533,-0.19872626331640061,-0.2937097439206635,2.8664133757631163,7.55321810005348,Normal_1
0.20881999999999998,-0.17690999999999998,0.014104551787109374,0.06497452067370135,0.06648779375112769,-0.1143479441201497,-0.09522794769000198,3.1407268173300062,4.71392427357875,Normal_1
0.19047,-0.18796,0.012094003427734375,0.05865623525517941,0.059890056380178865,-0.28550754531418676,-0.1470052667634918,3.180327559062211,4.952045183879459,Normal_1
0.16105,-0.18337,0.01178289787109375,0.05962445864962548,0.060777567831409016,-0.3271296713493165,-0.0733734262951855,3.017067045058191,5.158116733099597,Normal_1
0.22905999999999999,-0.21279,0.0125459111328125,0.06919351640084373,0.07032170787222293,-0.17941219208598494,-0.2328093159323834,3.257315609553946,5.605149081851448,Normal_1
0.17649,-0.19630999999999998,0.0126945247265625,0.07059894878983904,0.07173118239833791,-0.2618360570313828,-0.34714677850269515,2.7367455923576567,5.65056024489713,Normal_1
0.17649,-0.16501,0.010423858955078125,0.06284370558093433,0.06370234035464095,-0.19844475511240545,-0.17902400488384895,2.7705418081488156,6.111204546988133,Normal_1
0.18525,-0.15229,0.011478144736328128,0.06599102497411471,0.06698181233530734,-0.0223080738735583,-0.3228054106895719,2.765676095877675,5.835595214940606,Normal_1
0.19693,-0.1694,0.011595268017578125,0.06449990528733109,0.06553386927745188,-0.06516256370822596,-0.13799628789049612,3.005010983881374,5.651776528694957,Normal_1
0.17878,-0.22571999999999998,0.009047668837890627,0.06839506022886288,0.0689909021183947,-0.1823264768746817,-0.18134458639830475,3.271735689742223,7.625267428467443,Normal_1
0.16773,-0.19339,0.010133768769531249,0.057675217003568174,0.05855872203082139,-0.3803983437714591,0.3788508831711135,3.3024968781886255,5.778572373618283,Normal_1
0.20715999999999998,-0.16543,0.014277733701171875,0.06508023208075177,0.0666279992745249,-0.13435030576076942,-0.23091683527279727,3.1092033251252666,4.666566557582574,Normal_1
0.19422,-0.19964,0.010571298652343752,0.06826537230209634,0.0690790374190381,-0.17625021239002994,-0.18048068919233362,2.8900228574255813,6.5345832291985655,Normal_1
0.17378,-0.2228,0.0122423048046875,0.07126852988414642,0.07231235979262705,-0.29515971016416676,-0.07849837296770179,3.0810776685735948,5.90675980050581,Normal_1
0.19067,-0.23594,0.012310551220703125,0.06508887294741898,0.06624281887814563,-0.16584112417980382,0.17507087245830455,3.561744509578761,5.380978666963661,Normal_1
0.184,-0.21111999999999997,0.00961441681640625,0.063044911621754,0.06377380255335546,-0.14759508312871505,-0.010272250500875213,3.3104501885851825,6.633142408740597,Normal_1
0.19297,-0.16355,0.012999945205078125,0.06414891764030825,0.06545290069781541,-0.002783203611114668,-0.319507511268597,2.948226816450533,5.034859349821599,Normal_1
0.20110999999999998,-0.18984,0.011938095009765625,0.06530271193626834,0.06638495536409914,0.003238430601756665,-0.1985090240303511,3.0294514151215126,5.5607657460448285,Normal_1
0.16689,-0.17085999999999998,0.011408276015625,0.05931647658955222,0.06040358562740776,-0.20683167264247906,-0.2738299070025074,2.8286399788464434,5.294715893090414,Normal_1
0.20194,-0.25535,0.011623406289062499,0.07221351875577872,0.07314298233495692,-0.15394068673317832,-0.10094917960731609,3.491107258103344,6.292731598916238,Normal_1
0.21654,-0.22009,0.01268789662109375,0.07197629082587138,0.07308603944473924,-0.07062098396583598,-0.05481637069204304,3.0113821827084926,5.760295490029255,Normal_1
0.17232,-0.19735,0.012762191298828125,0.06226767431639404,0.063562070384156,-0.33413070840037623,-0.06324842595616964,3.104839029037576,4.980497777798923,Normal_1
0.19047,-0.16209,0.01006389384765625,0.06299200761765351,0.06379086911995645,0.10554876871587926,-0.15755740109675376,2.9858504773775305,6.338586609419167,Normal_1
0.21028000000000002,-0.18212,0.0142212737109375,0.061452383253160145,0.06307646180196444,-0.16691763797926532,-0.0808830557747453,3.333731643453081,4.435359212451799,Normal_1
0.18483,-0.19526,0.011878184208984375,0.0641788074645799,0.06526875659669168,-0.13345838292427112,-0.19424825948663038,2.9916304092464796,5.4948424736906745,Normal_1
0.18254,-0.18629,0.00873111630859375,0.06363716993467596,0.06423333861235159,-0.24104827838736662,-0.29757976285040266,2.90020729303911,7.356829182575389,Normal_1
0.15270999999999998,-0.2082,0.013846069033203125,0.05818211698898461,0.05980695916857935,-0.268739496155296,-0.086074622373018,3.4812001715710266,4.319417641624027,Normal_1
0.19067,-0.17878,0.011027952939453124,0.07040464322511186,0.07126310078638232,0.008100485717984099,-0.5534500597007854,2.6755781774914995,6.462041932496161,Normal_1
0.16397,-0.17774,0.011272391748046876,0.061124487216155925,0.06215520696739288,-0.281751349920348,-0.16205097389578693,2.8596155625968436,5.513931989121145,Normal_1
0.18775,-0.1792,0.01326562978515625,0.06646582104406448,0.06777670913122316,-0.12393752687569808,-0.3741380191411783,2.7701256026811474,5.109196104497555,Normal_1
0.18420999999999998,-0.18254,0.0115993165234375,0.061354164910191966,0.0624409937111664,-0.25078235693285367,-0.07578660277016436,2.950145186701478,5.383160999343157,Normal_1
0.18588,-0.2324,0.011606108740234374,0.06684760578559985,0.06784765404461018,-0.25383060922583506,0.22033838083575708,3.4253210350040217,5.845856670595299,Normal_1
0.19193,-0.18212,0.009634482587890625,0.06290195957704199,0.06363552288909231,-0.14304118288229653,-0.018863613554022773,3.016082657455712,6.604974964000607,Normal_1
0.16814,-0.18212,0.01169387017578125,0.05990067426733707,0.06103144580762972,-0.2857539390780271,-0.17875325613169402,2.98403543625698,5.219096814922138,Normal_1
0.14895,-0.16585,0.008896917373046875,0.060598069191329415,0.06124770304639979,-0.1405387448708875,-0.270995951530844,2.7078566059285425,6.8841480250003295,Normal_1
0.2276,-0.2324,0.010077061328125001,0.0684755619080029,0.06921307494706135,-0.10420874547953739,-0.2892681938847166,3.35774702713335,6.868378173457179,Normal_1
0.18713,-0.17503,0.011167632119140625,0.06419133461029647,0.06515553273667177,-0.19710397062758417,-0.20599469863312114,2.872050757135872,5.834318878635014,Normal_1
0.18004,-0.18295999999999998,0.007339457080078124,0.0650833710034738,0.06549589919533988,-0.15648596560003578,-0.3435748204397293,2.7934572920492178,8.923805883314305,Normal_1
0.20110999999999998,-0.18942,0.01146876427734375,0.06619715713619219,0.06718330273931906,-0.21113343955790914,-0.01824798551783191,2.993452075240835,5.85793684975295,Normal_1
0.18755,-0.2034,0.010659983955078126,0.06693206218180672,0.06777563135693955,-0.0719958448425669,-0.2766045385951088,3.00107860194939,6.357948124931743,Normal_1
0.23428000000000002,-0.19464,0.008741279482421874,0.06855568918176856,0.06911072627441464,-0.015911197875514788,0.049666907573726604,3.3899223642916634,7.9062474214609235,Normal_1
0.23281,-0.20736,0.009563931708984374,0.06803971860112064,0.06870860278781545,-0.02089454586788393,-0.06807623927730955,3.3883674993449038,7.184136994530553,Normal_1
0.19985,-0.16627,0.010440151748046874,0.06244009987199264,0.06330689409966865,0.011053972397200896,-0.026461643034335847,3.15684412709487,6.063790025630803,Normal_1
0.19818,-0.20235999999999998,0.009685125947265626,0.06967906341969891,0.07034894131158492,-0.11810623640832116,-0.14836675494972118,2.876518016485882,7.263605494757747,Normal_1
0.18087,-0.30791999999999997,0.011236885615234376,0.0698773684388287,0.07077509603148324,-0.4596241517258774,0.5936720444984531,4.350682837821139,6.2984613492077175,Normal_1
0.18838,-0.22446999999999998,0.011254585146484374,0.0619525371809962,0.06296651927796378,-0.2890151449115856,-0.058817951132847934,3.5649103525029497,5.594743196988438,Normal_1
0.21905,-0.25597,0.012041697490234376,0.06738988913504308,0.06845728329461896,-0.3248612322069562,0.41128880968426973,3.739119987558728,5.68501888252199,Normal_1
0.17065,-0.17232,0.010501658564453125,0.061536916715913756,0.06242657247923882,-0.34940501722904227,-0.020180687186783786,2.760362941549377,5.944448312773858,Normal_1
0.1961,-0.16168,0.013433281865234376,0.06419913040345482,0.06558949158387059,-0.10938606622285539,-0.27896222133870596,2.9898081579033873,4.88261076922735,Normal_1
0.18796,-0.21884,0.012594106357421874,0.06611890601404019,0.06730766113478862,-0.3569466906680148,0.14255295052064332,3.2513386003774216,5.344377273004849,Normal_1
0.20506999999999997,-0.23135,0.010079351435546877,0.0689345578578786,0.06966754332128033,-0.18370866258671292,-0.1357352473609561,3.32077156233757,6.911906669280027,Normal_1
0.25722,-0.22446999999999998,0.0158684067578125,0.0721856258675489,0.07390920724051322,0.006321284705227491,-0.039323036399790734,3.4802158773364487,4.657632219220324,Normal_1
0.23865999999999998,-0.19693,0.01195503814453125,0.06474267506831834,0.06583720006226758,-0.13543831405357032,-0.020517003762822394,3.6250022198586462,5.507066875007629,Normal_1
0.19109,-0.18066,0.012223131728515624,0.059673924376459256,0.06091290667617187,-0.24711422947285808,-0.04586897791810207,3.137101926177648,4.983412029394622,Normal_1
0.18379,-0.16522,0.0140230378125,0.06619328438194343,0.06766237127650522,-0.12557899779741794,-0.33083306652152755,2.7162807601385035,4.825086215706088,Normal_1
0.18963,-0.18024,0.014624858193359375,0.06489614777048404,0.0665236534822342,-0.11600996927610407,-0.32812503047673314,2.850564982876017,4.548669672829412,Normal_1
0.20799,-0.20653000000000002,0.01516844689453125,0.07275135608871061,0.07431582330795096,-0.3218932667582355,-0.19592438585487937,2.7987309827598508,4.899368994420608,Normal_1
0.18379,-0.17711,0.014511387734375,0.06347521062226462,0.06511284617890868,-0.211891719738691,-0.004530392318357279,2.8226380501378716,4.487016878313478,Normal_1
0.20506999999999997,-0.20173,0.01443547626953125,0.0724221947758248,0.07384685011072378,-0.23788702032599746,-0.35767373478642517,2.776963362899849,5.115650056586023,Normal_1
0.21613000000000002,-0.23094,0.01009768404296875,0.06707469065094433,0.0678305045606437,-0.13865002992611472,0.021831618433139965,3.4046628149266653,6.717431200518147,Normal_1
0.18295999999999998,-0.18588,0.012482071640625,0.06092933845451788,0.06219474573424097,-0.21595047402785647,-0.20912787353073803,2.9886768539193165,4.982725828066225,Normal_1
0.19401,-0.19985,0.01215491037109375,0.058627510951131036,0.05987425896371756,-0.2712095011933365,0.1264840889550678,3.3378283108819145,4.925931348714542,Normal_1
0.19839,-0.20215,0.008089149609375002,0.0706829789303876,0.07114434518552033,-0.11915550260539146,-0.4188228062645134,2.8414063919128774,8.795032831143839,Normal_1
0.19339,-0.15187,0.013770474111328125,0.06487951820000885,0.06632479053201781,0.010337901519279359,-0.02706951102326327,2.915802606128696,4.8164489602436795,Normal_1
0.22926999999999997,-0.22259,0.01290384302734375,0.07395868362600008,0.07507593521605377,-0.27215095379641013,0.07141696418787546,3.053841371224543,5.818106221445713,Normal_1
0.20778000000000002,-0.17148,0.012644053330078125,0.0625442684250769,0.0638095415862074,-0.22235592803902912,-0.04890928188019128,3.2562527731535913,5.04660450836683,Normal_1
0.20444,-0.29039,0.011417624091796875,0.07258269175528678,0.07347522903907518,-0.35512242220358686,0.3316453665588459,3.952216275410998,6.43524624852714,Normal_1
0.19297,-0.21028000000000002,0.01343248806640625,0.06526224890579801,0.06663026990712616,-0.19554660305559604,-0.171362509349275,3.155922933183068,4.9603814734354765,Normal_1
0.15604,-0.17085999999999998,0.013685869609375,0.061339491249378576,0.06284772242251428,-0.3308900855538904,-0.29241143958002436,2.7186346727523922,4.592161084692908,Normal_1
0.16752,-0.16355,0.0128496000390625,0.05988356208310957,0.06124665892051184,-0.2730349502772386,-0.08143063165154141,2.7351695621836947,4.76642494458181,Normal_1
0.18963,-0.18796,0.014790739462890626,0.06757773887541196,0.06917742959500935,-0.21119675528654636,-0.20554957466787283,2.7412119584227583,4.677076835238421,Normal_1
0.1986,-0.16981,0.011945518623046875,0.06131321475647618,0.062466036523436706,0.04323899021241919,-0.06796640808798804,3.1793276454503303,5.229243975533636,Normal_1
0.2155,-0.1719,0.012395897431640625,0.0625190341041057,0.06373608003671144,-0.061284564194204624,-0.09837824306012788,3.381130381641661,5.141707185501343,Normal_1
0.18442,-0.17732,0.014698475478515624,0.061973741780882316,0.06369293407997471,-0.10207550403584935,-0.017590070849530903,2.8954545707218053,4.333301765871654,Normal_1
0.24909,-0.24554,0.010381020576171875,0.06843166033866571,0.0692145774017975,-0.2141509126600326,0.9820767029540929,3.598808311075852,6.667414848714841,Normal_1
0.18358,-0.19213,0.0122249783203125,0.0643075808764722,0.06545926254638165,0.004242282433642182,-0.08065414492634382,2.9351078761200062,5.3545499612925616,Normal_1
0.23365,-0.20423,0.014424617431640627,0.06590644817366426,0.06746650649705441,-0.16530917441867013,0.43921138110989455,3.4631998701014894,4.677177896717571,Normal_1
0.22321999999999997,-0.18483,0.014040204169921874,0.06340878153899804,0.06494459876997832,-0.15049985170616367,0.2000305803513358,3.437083310861929,4.625616077826853,Normal_1
0.21863000000000002,-0.15688,0.01539072501953125,0.06701180248584937,0.06875649852217108,-0.03851089099123312,-0.3064491965099281,3.1797721163728094,4.4673979924609934,Normal_1
0.16898,-0.18608,0.015772074775390627,0.06050815724073657,0.06252995630408048,-0.17420809045451316,-0.05604803837598604,2.975853623169787,3.96459902897796,Normal_1
0.184,-0.18734,0.015249711298828126,0.06497954753855971,0.06674500200774248,-0.14975260904529478,-0.3992227078839141,2.806801881157581,4.376804014385999,Normal_1
0.20173,-0.19755999999999999,0.016767423007812497,0.06468922376132859,0.06682695672530779,-0.16927481270313421,-0.258529327344303,3.0186919600501816,3.985523160514752,Normal_1
0.19150999999999999,-0.15563,0.0155316229296875,0.06212066759808388,0.06403287166496302,-0.16002673904896028,-0.6313542993289945,2.990807565389595,4.122741572603308,Normal_1
0.22969,-0.18233,0.018009217255859376,0.06872650833168917,0.07104692008549338,-0.06531387435098134,-0.2522138789793762,3.232933904674146,3.9450307656956713,Normal_1
0.16439,-0.18066,0.012934795498046875,0.06330594747657178,0.06461386786505478,-0.3219975697297275,-0.15064299179537421,2.7959941599737053,4.995352487749717,Normal_1
0.1961,-0.18755,0.018943846796875,0.06927312600752701,0.07181667855253533,-0.16897564599228226,-0.1915884698833108,2.7305634460104624,3.791029115235095,Normal_1
0.20110999999999998,-0.1767,0.017963551357421878,0.06485685484806196,0.06729859432524064,-0.1946077588831042,-0.17840106027766423,2.9883238874166036,3.7463967586252696,Normal_1
0.19798,-0.15834,0.0148200169140625,0.06303195049778292,0.06475075045810709,-0.07006357754386258,-0.1803200874108848,3.0575706928759048,4.369141173349463,Normal_1
0.20506999999999997,-0.16877,0.017393968115234373,0.06506171709141217,0.06734669373975789,-0.12719267834449371,-0.14397403169268808,3.0449898215856703,3.8718416304863283,Normal_1
0.20695,-0.23156,0.014708819228515625,0.06740025534488062,0.06898654784559276,-0.2859275129592024,0.2760472917219583,3.3565963782053045,4.690148276600067,Normal_1
0.20277,-0.18024,0.015305718662109374,0.0612008885931367,0.06308576533857042,-0.15383514818510283,0.09599492304838408,3.2141957174898756,4.121711799984464,Normal_1
0.22446999999999998,-0.17795,0.018231669501953124,0.06856193958106883,0.07094457929924303,-0.08056357162872888,-0.2531919987241933,3.16401899980505,3.891282441268499,Normal_1
0.21633000000000002,-0.16668,0.016881894365234372,0.06467526380646493,0.0668422628715902,-0.10098674794211279,-0.19737754597384072,3.236425391210399,3.9594051156863235,Normal_1
0.22009,-0.18963,0.01565588935546875,0.06907758697844747,0.07082951287617087,0.079863257185904,0.23129913965927518,3.107320493329614,4.524144668107582,Normal_1
0.24241,-0.20173,0.014678413984375,0.07118124064927293,0.07267891618252435,-0.11091447566800786,-0.15234955171144948,3.3353551400775063,4.951414458569962,Normal_1
0.1986,-0.18233,0.016955691699218747,0.06577832510640808,0.06792851783163881,-0.221069751569568,-0.09702406988938339,2.9236615697779476,4.0062366685124395,Normal_1
0.17399,-0.19735,0.013095986865234374,0.06323381072803404,0.06457568962979199,-0.2591229397751509,-0.006815672530037009,3.056103590612666,4.930952158349171,Normal_1
0.18483,-0.19401,0.014577050175781252,0.06564923660733585,0.06724814242009373,-0.3723087597786455,-0.07953449790999079,2.884986709417911,4.613288490872681,Normal_1
0.17252,-0.16522,0.017806908769531248,0.05843964719439937,0.061092375662862214,-0.06500512818754045,0.0018306842067135065,2.823920256893102,3.430824126901297,Normal_1
0.20486,-0.17085999999999998,0.013015414404296875,0.06499669965533171,0.06628704230994906,-0.05075095354507201,-0.1551382120270901,3.090498380537248,5.092964016197687,Normal_1
0.19714,-0.16585,0.01387518853515625,0.06359279895439075,0.06508890024988664,0.10015567964702109,-0.1654989090031722,3.028780578783289,4.691027829563532,Normal_1
0.19839,-0.20528000000000002,0.016734829658203124,0.06985422777622262,0.07183082668257039,-0.225307227012542,-0.03650723251025978,2.8578259032063307,4.292294804152092,Normal_1
0.16335,-0.17085999999999998,0.01247516806640625,0.0638617597805915,0.06506884185659874,-0.23725165707081006,-0.4845295114509436,2.6258343086959135,5.215868539354655,Normal_1
0.20861999999999997,-0.16314,0.014882818525390626,0.06333478532081412,0.06505992098745064,-0.2615736480320345,-0.31359533865780476,3.2065823878522406,4.371478191780534,Normal_1
0.17962,-0.20048,0.015505331875,0.06067712161707549,0.06262689840864914,-0.1772478184184962,0.12193569682686123,3.201180353698183,4.039055395555263,Normal_1
0.22696999999999998,-0.18504,0.015447066044921874,0.06698223501955469,0.06874032046485555,-0.1662421076719079,0.11074335262773616,3.3018466478374204,4.450056458287562,Normal_1
0.19881,-0.15417,0.01359650201171875,0.06267662821588389,0.06413442594634183,0.0632499588066555,-0.22816207483367457,3.0998951649842397,4.716979497674124,Normal_1
0.26411,-0.21111999999999997,0.016362423105468753,0.06922234701996065,0.07112989678633193,-0.1319807508699679,0.048839169966769624,3.7130659289482413,4.347149073257333,Normal_1
0.18755,-0.17565,0.016958974287109373,0.0666770343580516,0.0687999543579473,-0.0012366939336727037,-0.3981623415490705,2.726019210684495,4.056846194607205,Normal_1
0.18212,-0.19088,0.01570463212890625,0.06681911561296872,0.06863985490663245,-0.23765092007217495,-0.2543407671921192,2.7808916187068493,4.370675477944952,Normal_1
0.26306,-0.18608,0.01834733181640625,0.0682456010172463,0.0706688519999192,-0.09343488700533271,0.11809179117444435,3.722432002685834,3.851723447057485,Normal_1
0.19652,-0.19318,0.018434548076171873,0.06132339583272974,0.06403429892823335,-0.24480455013816801,-0.05666644697041967,3.068980221853763,3.473602672006922,Normal_1
0.22321999999999997,-0.21508000000000002,0.0172608668359375,0.06607597881231168,0.0682932829781453,-0.2367702202048384,0.4428892935006923,3.26854980456692,3.956538201164904,Normal_1
0.22343000000000002,-0.18295999999999998,0.01977487947265625,0.06775952442668565,0.0705861105932937,-0.1428399046102749,-0.15171551283650153,3.165353565406312,3.5694835521709862,Normal_1
0.17649,-0.19193,0.017544093818359377,0.06278504982718003,0.0651901657438365,-0.10560989251689831,-0.27231364888884846,2.9441556846170562,3.715789638552165,Normal_1
0.20778000000000002,-0.18504,0.017579310185546874,0.06836232409746291,0.07058639743326069,-0.16643760252690767,-0.2234238611901178,2.943626599626777,4.0153107643543215,Normal_1
0.22091999999999998,-0.1936,0.018939400390625,0.06556508748875263,0.06824574407656636,-0.21176690765560865,-1.2355746838554893e-05,3.2371248896490923,3.6033738695853392,Normal_1
0.23073000000000002,-0.27057,0.01938865099609375,0.06888509550574165,0.07156169485334649,-0.21443536460916132,0.4681848731549936,3.7809333159807608,3.6909061479758414,Normal_1
0.21425,-0.17336,0.0169665094921875,0.06235381849329913,0.06462090315868219,-0.23320990235610267,0.01075927291040335,3.315490595332599,3.808732690699004,Normal_1
0.19964,-0.17774,0.016434392490234373,0.06162212476051956,0.06377597914986574,-0.06817879167102504,-0.10406764476041053,3.130332133365422,3.8806408759631217,Normal_1
0.19067,-0.15479,0.0203618158984375,0.06113433572055439,0.06443609664369278,-0.01014528027666412,-0.13779567817943894,2.9590556686770966,3.164555352063764,Normal_1
0.17711,-0.17815999999999999,0.014230481113281252,0.06353304613060462,0.06510725415304341,-0.12909830494394733,-0.1888135002037168,2.736407787138481,4.575196654249618,Normal_1
0.22321999999999997,-0.16585,0.016547019853515626,0.06549018214925743,0.06754826292345022,-0.085264363679336,-0.30542734205548205,3.304600104200552,4.082200869958941,Normal_1
0.17419,-0.17482,0.016778023291015624,0.0640420757861679,0.0662033952041369,-0.24576634087826216,-0.38118164376346675,2.640650027393548,3.9458397517988937,Normal_1
0.21654,-0.20924,0.014637678818359376,0.06263912946589742,0.06432668327711996,-0.20618219077348254,0.32421271891885217,3.366254648959422,4.394595596799292,Normal_1
0.19443,-0.16648,0.01658367697265625,0.06175048471234387,0.06393856976929359,-0.10156899284654537,-0.28797768161310566,3.0408874902999043,3.8555120205974664,Normal_1
0.17044,-0.19964,0.016319437636718753,0.061863891431460476,0.06398019308991089,-0.27577523031723195,0.031035328873149748,3.120340643534895,3.9204898228518346,Normal_1
0.17482,-0.20069,0.015474266748046875,0.06398446319051414,0.06582905484030566,-0.3203166127835954,0.03681093760980625,3.048653781194322,4.254098217255834,Normal_1
0.19443,-0.20674,0.016539126923828126,0.0684980674421574,0.07046650241577795,-0.1082236847517207,-0.16447613110196535,2.933876238759272,4.260593589959238,Normal_1
0.16605999999999999,-0.22405,0.01723565423828125,0.06241705187269922,0.06475303963136253,-0.33062466871258633,-0.047597650884033005,3.4600691769134233,3.7569235828959266,Normal_1
0.20298,-0.18984,0.016142010214843752,0.06660409218667095,0.0685322521867382,-0.07724842217017246,-0.23850140625824867,2.9618171089007626,4.245583234616874,Normal_1
0.23615,-0.20631999999999998,0.014270815107421874,0.06678249830682594,0.06829024999171866,0.09503501058937155,0.13904377108811872,3.4580338565256867,4.785307965407998,Normal_1
0.17273,-0.22218000000000002,0.015343040751953127,0.07051312189789902,0.07216307407049716,-0.3579917027822976,-0.10671220229587686,3.0788599263951704,4.703309502583541,Normal_1
0.20861999999999997,-0.14311,0.013426373173828124,0.059006852894985286,0.06051509055742481,0.1213746496450799,-0.23618945670721203,3.4474045173018277,4.507180402836246,Normal_1
0.19985,-0.19630999999999998,0.01277219712890625,0.06783126077286869,0.06902324939856538,-0.20276978549633,-0.1062227136229188,2.8954011705619966,5.404179351270071,Normal_1
0.17482,-0.21341,0.016489399189453125,0.06428991554432549,0.06637087860142912,-0.3105990354291845,0.025427094854950205,3.2154161777208805,4.025063242984482,Normal_1
0.21633000000000002,-0.20569,0.01271085548828125,0.07248341933957345,0.07358948244416738,-0.08939826521601127,-0.08642857325636344,2.939686350212397,5.789498332548485,Normal_1
0.21383000000000002,-0.19839,0.011429030009765626,0.06317335383303588,0.06419887352187788,-0.1916647862248591,0.30951556455896334,3.330743748897505,5.61717554769277,Normal_1
0.18337,-0.18713,0.012609227939453124,0.06242707318725594,0.06368777037984683,-0.11638212930783383,-0.13749902173293105,2.938240669216051,5.050885401927601,Normal_1
0.21341,-0.21633000000000002,0.008489486455078125,0.06753644675776246,0.0680679294597319,-0.0917682463961484,-0.14892630857642386,3.178148630917727,8.017908009159724,Normal_1
0.18900999999999998,-0.20506999999999997,0.01145960650390625,0.06458372090075894,0.06559252691131436,-0.2919524180138969,-0.061158601524293754,3.1264231846235417,5.723802223501612,Normal_1
0.16564,-0.18254,0.008588742314453125,0.06301311959926113,0.06359575250105046,-0.13095087941034242,-0.12999112207813068,2.870317433961764,7.404546878707112,Normal_1
0.18692,-0.1961,0.00960813142578125,0.0682503026665032,0.06892329071920739,-0.1208941822567499,-0.2960120444550687,2.845192025925124,7.1734326365306265,Normal_1
0.23824,-0.19818,0.009090012802734375,0.07102686246798932,0.07160616960011579,-0.1788978060614652,-0.08924402238064078,3.327087568059599,7.877454441111616,Normal_1
0.19964,-0.16898,0.009230810371093748,0.06341725683471917,0.06408553912192538,-0.0016974523713948596,-0.18269528231295062,3.115211319436127,6.942568377316106,Normal_1
0.17815999999999999,-0.16355,0.010678100488281252,0.05983274786352639,0.06077811733624326,-0.20093247530836064,-0.25875524200394384,2.9313181269345,5.691846757866516,Normal_1
0.21341,-0.14958,0.007679689296875,0.06140602124520702,0.061884384725578,0.059516563444204064,-0.17596794670074534,3.448527403121553,8.058187548365048,Normal_1
0.22676,-0.22843000000000002,0.0083585019921875,0.0663383505164632,0.06686285444698377,-0.21611748888466326,-0.03869646165215279,3.4163961211785887,7.999381529142114,Normal_1
0.17357,-0.20799,0.008992885888671875,0.06550133616061987,0.06611578507008144,-0.22428640599155036,0.06934560719029736,3.145844772677053,7.352008969818793,Normal_1
0.1575,-0.17273,0.0051632710546875,0.06422477263661017,0.06443198575403712,-0.12379691802139689,-0.4321783342654979,2.680811328376076,12.478905831727818,Normal_1
0.18629,-0.2034,0.005817763447265626,0.06380376091623922,0.06406844994679485,-0.18218868801252056,0.02337890321467828,3.174729480644256,11.012554827122177,Normal_1
0.17962,-0.19672,0.008251136328125,0.06517224326482958,0.06569248467576355,-0.23074599656822242,-0.25782773452338326,2.9945586314231596,7.961627841514984,Normal_1
0.18462,-0.20152,0.006156422451171876,0.06441194492274636,0.06470548806807815,-0.11081808150328681,-0.2406253714650597,3.1144189295590694,10.510240008874218,Normal_1
0.15834,-0.14916,0.007355945185546875,0.05785316902843157,0.058318942859117776,-0.09821433472380915,-0.2508108855623865,2.715069744447106,7.928136148372608,Normal_1
0.22696999999999998,-0.22384,0.008492583310546874,0.06780736414201106,0.06833712463349527,-0.1296188347484082,0.22167711272188706,3.3213278711381915,8.046681920911627,Normal_1
0.1694,-0.22614,0.008241111513671875,0.06389037394357786,0.06441968489236026,-0.2918137921480821,-0.02024917508183144,3.510417613303183,7.816867538877673,Normal_1
0.18004,-0.19798,0.007719124999999999,0.06669294400660479,0.06713816851116619,-0.1664674263672009,0.13154939160144608,2.9488441737612856,8.697638633074028,Normal_1
0.21258000000000002,-0.20945,0.011243205917968749,0.06801578081024064,0.06893878529928234,-0.12647814708860589,0.22345525552293521,3.0836052012452244,6.131594464307622,Normal_1
0.20736,-0.22676,0.006527361337890625,0.06916605445050887,0.06947337284374602,-0.17069536643097108,0.01789477242834625,3.263984278495104,10.64340682306859,Normal_1
0.18984,-0.22468000000000002,0.010100897216796877,0.06767547193592234,0.06842512423323838,-0.15437831306755043,-0.21794222098439242,3.2835891674898807,6.774162333351069,Normal_1
0.18295999999999998,-0.17127,0.0114210686328125,0.06510752825208876,0.06610167201979048,-0.09845688083682343,-0.1933077153210334,2.767857327078889,5.787695386243135,Normal_1
0.17753,-0.19985,0.008532308945312499,0.06190646504601917,0.06249168513036157,-0.20687194588706442,-0.0759085234314929,3.1980254074614085,7.324122720681684,Normal_1
0.18629,-0.19047,0.009311860888671874,0.06432114195134671,0.06499169220089034,-0.07840858264259051,-0.14340725989012215,2.930682224438349,6.979451905311703,Normal_1
0.19777,-0.22468000000000002,0.012848812958984374,0.06748332891641093,0.06869564524841053,-0.11874124701615368,-0.04875706288084425,3.2706585099663235,5.346458083033879,Normal_1
0.18358,-0.2301,0.012209123701171873,0.06418305705640502,0.0653339690716572,-0.012760733487407737,-0.15731976236760792,3.5219044510479036,5.351241032486647,Normal_1
0.15855,-0.16251,0.011920667988281251,0.062029258049782994,0.06316431887935943,-0.09992794952018136,-0.4360569248306665,2.572813264045044,5.298722659059977,Normal_1
0.19401,-0.19652,0.011666000927734375,0.06761489031238802,0.06861391236186844,-0.15690880635269724,-0.13802580730141267,2.8641421305261714,5.88152760362125,Normal_1
0.20861999999999997,-0.15875999999999998,0.0121510424609375,0.06590374208824963,0.0670145585236673,-0.05570116142303106,-0.5575319899855429,3.1130548567781355,5.5151278768035015,Normal_1
0.21091,-0.21195,0.008312410205078127,0.06516522791046418,0.06569324997319151,-0.08714636970955023,0.06309407359208308,3.226358824691045,7.90303178613913,Normal_1
0.16814,-0.19881,0.010577633134765625,0.06327416998074617,0.06415221671529403,-0.376161708495724,-0.2306789309172519,3.099035498387817,6.064892763159982,Normal_1
0.18629,-0.17399,0.01015372845703125,0.06738337185037988,0.06814409001157543,-0.012906426470303966,-0.42941705476383474,2.7337660130847663,6.71123751129562,Normal_1
0.2034,-0.18755,0.0081828795703125,0.06539073513361184,0.06590074172098835,-0.20494751234032543,-0.11358777758591376,3.0864599032086524,8.05348937391025,Normal_1
0.23845,-0.184,0.011763181787109375,0.06342976100762338,0.06451129379605404,-0.1115610850308176,0.16771403220502856,3.6962519626033807,5.484169970286309,Normal_1
0.20277,-0.20173,0.010197700605468749,0.0714478130557043,0.07217189957373749,-0.22918237625639998,-0.18966318631614731,2.8095421956199065,7.0772711701069655,Normal_1
0.16794,-0.19067,0.009131625341796876,0.06106971699868106,0.06174865922173486,-0.22389628265547973,-0.1580019610189214,3.0878402756483814,6.7620659136151495,Normal_1
0.16668,-0.20945,0.0098692784375,0.06311561788251947,0.0638825788268532,-0.2580701600404542,0.007634669116629134,3.278671596665186,6.472871624661931,Normal_1
0.17044,-0.18212,0.009964037529296874,0.05829157373171192,0.05913704094731866,-0.17527921017883366,-0.09600720020687259,3.0796264744225597,5.935047398044511,Normal_1
0.18755,-0.16480999999999998,0.009519922402343749,0.06236501289498307,0.06308742946053557,-0.021929989038452714,-0.1532321799057903,2.972858438375013,6.626884145412748,Normal_1
0.18817,-0.2132,0.011080712333984374,0.06682887012572349,0.06774127300331262,-0.1934116701864365,-0.11295025927719138,3.147268827414942,6.1134397183213105,Normal_1
0.18483,-0.19297,0.01264564453125,0.06635546017165542,0.0675496811258416,-0.17739941042917015,-0.03945335836472763,2.8567121846777423,5.3417345092358,Normal_1
0.19193,-0.1913,0.010169606630859373,0.0606327816570515,0.06147971299947732,-0.2103077247015614,-0.0684141575462478,3.121842759412181,6.045436090662825,Normal_1
0.20069,-0.21361999999999998,0.01147204228515625,0.0732867113024753,0.07417917367917207,-0.25789533059687897,-0.09727159133632002,2.8797839949543134,6.466082094996362,Normal_1
0.21091,-0.19568,0.013130150419921875,0.06485862579937435,0.0661743318110054,-0.016220870403981937,0.014738787568559175,3.187187403949522,5.039875755781584,Normal_1
0.17524,-0.17482,0.010890416406249999,0.06428259739560604,0.06519856974985798,-0.14400428246551705,-0.3225255406061067,2.6877889804107666,5.986783363550472,Normal_1
0.16898,-0.17586,0.010199095029296874,0.06040427455684171,0.061259268067411186,-0.19937090072261998,-0.16907493454212785,2.8707492380700685,6.006342904453897,Normal_1
0.19944,-0.18295999999999998,0.014783560126953125,0.06660226530755466,0.06822327604362852,-0.24115180122382504,-0.08225227529419676,2.9233424227402462,4.6148066394669325,Normal_1
0.20528000000000002,-0.23094,0.009118963125,0.07261835777464525,0.07318866971301972,-0.046831567680252005,-0.25174581835946475,3.1554064003367324,8.025985047179876,Normal_1
0.19047,-0.22259,0.011044785927734377,0.06683217781257364,0.06773866906989641,-0.12077818026467159,-0.021779442462138032,3.2860107789290764,6.133089711291667,Normal_1
0.18358,-0.18129,0.0123995521484375,0.06546914319869111,0.0666330068708635,-0.24025739171371702,-0.08301456296170473,2.75509099567864,5.373823239691513,Normal_1
0.16585,-0.19589,0.00885760203125,0.06453068683471154,0.06513575559632065,-0.18369138351326322,-0.1318424347411873,3.007411139998416,7.3536548619890665,Normal_1
0.17419,-0.19067,0.011496613798828124,0.06471469458078719,0.06572795313657631,-0.20970706421080693,-0.11419255813066931,2.9008966200865807,5.7171571185699035,Normal_1
0.16355,-0.21404,0.00944274662109375,0.0618758375333132,0.06259220985233824,-0.32967051638937667,-0.06659278827978632,3.419594819952013,6.628601373663337,Normal_1
0.19401,-0.21841999999999998,0.012888316455078125,0.06631558484843222,0.06755638752061754,-0.27409152673225007,0.04972617028506754,3.2331509244805225,5.241676251076487,Normal_1
0.21841999999999998,-0.22405,0.009706743544921875,0.06738439970969093,0.06807993973618277,-0.3009833297140363,0.0519686267978825,3.2909840634000886,7.013673783328221,Normal_1
0.18921,-0.20423,0.012947829052734373,0.07476433563229538,0.07587721765930368,-0.06728257596298227,-0.2798438022825507,2.691585216335,5.860226566943519,Normal_1
0.19464,-0.19088,0.011499696572265624,0.06269961854468659,0.06374547189333046,-0.3184219248691032,-0.12141768945904818,3.053393302544073,5.543230288687635,Normal_1
0.16480999999999998,-0.16439,0.009509122099609375,0.057483620496290584,0.05826482668357333,-0.25358638064838956,0.03191804714127722,2.828636186741269,6.127255486467179,Normal_1
0.24283000000000002,-0.17878,0.01237651205078125,0.07159536535445583,0.07265723908036384,0.07542554392572687,-0.02495692134859473,3.342130801161915,5.870574270979939,Normal_1
0.18442,-0.20881999999999998,0.0101618405859375,0.06420723748183069,0.06500640237039895,-0.24042278913875578,0.009338383146988871,3.212298930155662,6.397108419831922,Normal_1
0.19172,-0.20965999999999999,0.009617920683593751,0.0637876563403753,0.0645086777083031,-0.30357900677153943,0.013705741922348302,3.250105322231845,6.707132770517563,Normal_1
0.21884,-0.1815,0.012421597587890625,0.06926609639553899,0.0703710749989766,-0.05042295277646036,0.05688086985022789,3.109800395878309,5.665218892806508,Normal_1
0.18775,-0.16856,0.012502882011718749,0.0604520915181318,0.061731494615921485,-0.2378465495287888,-0.15756273293743428,3.0413972337254767,4.937380807135567,Normal_1
0.18838,-0.1817,0.010012971787109375,0.06748894696973452,0.0682276891525214,-0.08772206092908447,-0.39327043592565625,2.7610490634943217,6.813929349768854,Normal_1
0.17878,-0.18859,0.010177354628906251,0.06258387755409243,0.06340599559149084,-0.11138299130513414,-0.18914597585004866,2.9743243563387036,6.230105137664823,Normal_1
0.18316,-0.18442,0.012743111572265625,0.06105925426839879,0.062374830054727895,-0.1453962050125647,0.13831764601246332,2.956641274718472,4.894787651054874,Normal_1
0.17837,-0.1938,0.008601163378906249,0.061316362565024936,0.0619166886200823,-0.24385593297317534,-0.2937934296062892,3.130012298608777,7.198640311064004,Normal_1
0.22091999999999998,-0.21425,0.011015378652343748,0.07125451941003985,0.07210093690937903,-0.26888847080801465,0.08733889714866461,3.064037811514547,6.545479065175759,Normal_1
0.1792,-0.18024,0.012476042412109374,0.0618047947271659,0.06305144158174233,-0.20978369295406413,-0.14877220977192973,2.8586181793751964,5.053801072906173,Normal_1
0.17837,-0.22489,0.010897884873046876,0.06660407540329594,0.06748975296320261,-0.3773534943131352,0.10513723674013686,3.332209510240867,6.192921613367341,Normal_1
0.1817,-0.18004,0.014282012119140625,0.06117233213616871,0.06281743459541324,-0.059717566538376544,-0.45022604373294506,2.89250903475702,4.398359956078313,Normal_1
0.20486,-0.18838,0.012951085429687498,0.06916533107651009,0.07036741885795098,0.08297750788153622,-0.47635784847030616,2.911290486613634,5.433321693896603,Normal_1
0.16084,-0.19234,0.012687635488281251,0.060280069279178866,0.06160083478806191,-0.20227459349587784,-0.09193158252073763,3.122360233256365,4.855185979276646,Normal_1
0.17315,-0.18483,0.012811145244140624,0.06365970727915994,0.06493599751551364,-0.22798666083840724,-0.33296383054804934,2.8463410777589395,5.068710970746519,Normal_1
0.2009,-0.24158000000000002,0.01459349740234375,0.06479027567136307,0.06641347745754196,-0.25665380519689796,0.08317740031433996,3.637514637250054,4.550894900353421,Normal_1
0.20881999999999998,-0.18316,0.013800144726562498,0.06515289922538386,0.06659838040033028,-0.07782607412996234,-0.12887409801688543,3.135511638710252,4.825918633028768,Normal_1
0.18108,-0.16147,0.013370720791015624,0.06244200742831198,0.06385750125199596,-0.004549042183340839,-0.22121753005606504,2.835688738426033,4.77592027192613,Normal_1
0.16585,-0.20611,0.01577711572265625,0.06969330789158684,0.07145680195333128,-0.2686648808883392,-0.3935097833256309,2.884399965873246,4.529141997835252,Normal_1
0.19568,-0.20715999999999998,0.013366301142578123,0.06378919693127817,0.06517453222978645,-0.1872429874146127,0.19945340292084168,3.178542135002549,4.876033141744874,Normal_1
0.18963,-0.22384,0.01281869927734375,0.06828679779459901,0.0694795351467137,-0.3533383263705685,0.12090130079574424,3.2216680250619,5.42017003623327,Normal_1
0.20674,-0.19088,0.014196689257812499,0.05969290900354834,0.06135787945479204,-0.09238097456979036,0.22811173476446323,3.3694123471609205,4.321984796493432,Normal_1
0.23281,-0.19213,0.013715035361328124,0.06571052080721101,0.06712655763345379,-0.06914424149532739,0.33056464219082615,3.46822486865839,4.894376935283127,Normal_1
0.23156,-0.21821,0.012419166708984375,0.06654065472438649,0.06768969222042279,-0.2066166486799628,0.5068819150291515,3.420904852470739,5.450420978811177,Normal_1
0.22300999999999999,-0.17565,0.015684892841796874,0.06609823692431707,0.06793373821571873,-0.08533053217766676,-0.23949463585687125,3.282757619035921,4.3311570292359844,Normal_1
0.15646,-0.18108,0.01009685630859375,0.06368484930603996,0.06448028022930272,-0.1969041234057805,-0.14038943059061548,2.808300406694088,6.386173267440507,Normal_1
0.22780999999999998,-0.20631999999999998,0.0146161639453125,0.07178922339698814,0.07326202866709959,-0.13375854627739778,-0.0858167789982649,3.109523460313093,5.012397502437547,Normal_1
0.22113000000000002,-0.18316,0.0143347935546875,0.0640320355526418,0.065616978620402,-0.24058457248758894,0.08707984299013827,3.3700118670388335,4.577462088491889,Normal_1
0.1623,-0.20444,0.01536448990234375,0.06276083609750135,0.06461416328961209,-0.432031737428351,0.0697885291718987,3.1640121364669187,4.205421689550132,Normal_1
0.21966999999999998,-0.20423,0.015091262275390626,0.06655596913716144,0.06824546303492574,-0.053864498705394406,0.08405037587524422,3.218821984822028,4.52218358327986,Normal_1
0.20360999999999999,-0.15354,0.014935180273437501,0.060422190321958,0.062240667518134736,-0.15842901535310647,-0.19758042662157704,3.2713337572952836,4.167386145411634,Normal_1
0.19401,-0.2228,0.017654967724609377,0.07296036908046875,0.07506605985207443,-0.27024939854037267,0.052459996866419,2.9680523724170214,4.251837600110804,Normal_1
0.21279,-0.16543,0.013515408876953124,0.06631166373512605,0.06767498078634122,-0.05334401845780637,-0.24783800854623728,3.144293421043036,5.007245906891999,Normal_1
0.18838,-0.1936,0.0170969440625,0.0658878396040877,0.06806991188454883,-0.28475624071749733,-0.09139002824267584,2.844134681476068,3.9814078851929886,Normal_1
0.19485,-0.24283000000000002,0.016968336181640627,0.06620529798670972,0.06834519671697642,-0.2739285590917585,0.18798528546406246,3.5529928672615854,4.027807556236238,Normal_1
0.18545999999999999,-0.1767,0.0127621957421875,0.06047586105824867,0.061807794095069486,-0.32047799230410173,-0.06752533806449756,3.000592396391672,4.843037240662014,Normal_1
0.21383000000000002,-0.16648,0.016788634287109375,0.06247784175221704,0.06469419565340757,-0.1437629096669413,-0.11295585105475636,3.305242371979236,3.8534517277339972,Normal_1
0.18525,-0.1865,0.015225481445312498,0.05982403630624445,0.06173111537314395,-0.1558388157392666,0.0010063514323972456,3.021166811121151,4.054460382117432,Normal_1
0.20257,-0.20257,0.014034669482421876,0.06413638292056345,0.06565399882424502,-0.16722488143448455,-0.0030284956985808797,3.0854174999585324,4.677986484005824,Normal_1
0.22446999999999998,-0.17044,0.01713114099609375,0.06947189180230579,0.0715529156807696,-0.014909123030144512,-0.19825293526526133,3.1371187984057123,4.1767744203559305,Normal_1
0.18337,-0.20069,0.013609131992187499,0.0654999664556402,0.06689883466302513,-0.26552752390348566,-0.14736571509902463,2.999902733896474,4.915730833215406,Normal_1
0.19213,-0.19839,0.012448879921875001,0.06493975811216705,0.06612221105631623,-0.3333231586659868,-0.1190828046447101,3.00035334315542,5.3114983966251295,Normal_1
0.18379,-0.24386999999999998,0.012978386074218749,0.06568687023294519,0.06695672801213673,-0.09757999983977521,0.08567122289110074,3.642203010780224,5.159094703312143,Normal_1
0.16501,-0.17607,0.015255443017578127,0.055796312861588405,0.05784424837968619,-0.31152259141335253,-0.18538524713766513,3.043863510861504,3.7917118841664,Normal_1
0.19755999999999999,-0.22614,0.014196033750000002,0.06752830111778485,0.06900433918302067,-0.3565743437514733,0.4826659664121258,3.277185165457816,4.8608178550014225,Normal_1
0.17753,-0.17545,0.012402232246093749,0.06748186134655464,0.06861207601786783,-0.009694085703616176,-0.49429361991883836,2.5874453553383607,5.532235578578409,Normal_1
0.20881999999999998,-0.17983,0.01631948916015625,0.06301317372574729,0.06509213308411138,-0.08546946070132778,0.2691302954642567,3.208068116650853,3.9886131518393078,Normal_1
0.17232,-0.17378,0.012728404150390626,0.06837863894443905,0.06955322088954356,-0.16435570751269973,-0.5733926048108615,2.498518332852753,5.464409725157831,Normal_1
0.18545999999999999,-0.17983,0.014785423837890624,0.058354604920663536,0.0601985770057133,-0.20134234237963408,-0.006877308263480764,3.0808036691896348,4.071481047432763,Normal_1
0.22489,-0.21195,0.014103155556640625,0.06665798412071086,0.06813358821970075,-0.09119799599870333,0.08413150155507765,3.300721458762858,4.831087845197273,Normal_1
0.18004,-0.1792,0.013281969912109375,0.06548231283459721,0.06681574678856948,-0.17272280115466965,-0.16090443184881575,2.694574347498366,5.030559638378108,Normal_1
0.19568,-0.19047,0.0143587790625,0.06486773299222501,0.0664379207961559,-0.07074560364420666,-0.3105991317867587,2.945305854093137,4.626989236339653,Normal_1
0.184,-0.23594,0.015500490898437498,0.06649310147690811,0.0682758944438734,-0.2223290748933422,-0.07357195196011412,3.4556851794636056,4.404756629094838,Normal_1
0.24386999999999998,-0.2155,0.015691299990234376,0.07314061190600608,0.07480485281964352,-0.12287773657193954,-0.10253230063697849,3.260082568812673,4.767281748415827,Normal_1
0.18859,-0.21884,0.013011622255859374,0.06401995169382242,0.06532883382250544,-0.198357497496598,-0.07482322724690427,3.3498224879500036,5.02080582398408,Normal_1
0.19067,-0.18671,0.014924385791015626,0.06436085968163675,0.06606858217184931,-0.1451587736558014,-0.22561689112288352,2.885940500707471,4.426887556386713,Normal_1
0.19923,-0.13706,0.015494434833984373,0.05881083749766058,0.060817695763657705,-0.001383145898586266,-0.47988291932934546,3.2758557229522065,3.9251313449092855,Normal_1
0.20444,-0.18817,0.0126221828125,0.06406216868774667,0.06529380488169975,-0.11769643517866556,-0.09260617889120004,3.1310780132867015,5.172940423909688,Normal_1
0.20382,-0.19297,0.01642172564453125,0.06321902943956303,0.06531706328689765,-0.1288249438774651,-0.150573037294631,3.120470924791479,3.9774784162936663,Normal_1
0.18692,-0.17941,0.016053174462890625,0.06492831955927647,0.06688341417068605,-0.19142520510480238,-0.13282840684442654,2.794713749634066,4.166366606114616,Normal_1
0.16773,-0.19923,0.012685574189453125,0.06638724747501726,0.06758838968214367,-0.3327948922129972,-0.1994500217177957,2.947695573000749,5.32797202119279,Normal_1
0.21174,-0.19422,0.01603425501953125,0.06987966583407916,0.07169564164657384,-0.21902843695379604,-0.18012270918701123,2.9533175543704893,4.4714043208017715,Normal_1
0.18671,-0.18024,0.01548810921875,0.06036321266118187,0.062318528303795785,-0.21867362696267223,-0.20499706404327833,2.996059151040132,4.023636675076898,Normal_1
0.22384,-0.22091999999999998,0.01469901654296875,0.07166022221282232,0.07315222850277045,-0.14518361719600428,-0.06025650426208928,3.059920408735084,4.976674685156947,Normal_1
0.20945,-0.22696999999999998,0.01549785033203125,0.0662059755511925,0.06799569518432133,-0.22336918863253638,-0.169019187588336,3.338005384704561,4.38742724572319,Normal_1
0.16648,-0.16376,0.017477032890625,0.05990078151462227,0.062398319726756274,-0.41564217374299756,-0.09375191437354502,2.668020518196633,3.570303755045521,Normal_1
0.24011999999999997,-0.21863000000000002,0.014884999101562501,0.06831813067578776,0.06992088512946279,-0.2817057193222509,-0.02063645670563119,3.4341670034816656,4.697405754274942,Normal_1
0.17399,-0.18755,0.01452181259765625,0.06344856851883741,0.06508919947434486,-0.17662568693685154,-0.19571183362173183,2.8814303852744896,4.482167398488708,Normal_1
0.23448000000000002,-0.23656999999999997,0.018665965712890625,0.07122763335253351,0.07363283254770084,-0.19135200417046702,0.18600483851126315,3.2128330338767306,3.944763948220821,Normal_1
0.17482,-0.20048,0.014307534375,0.06246242930378176,0.06408011091143445,-0.15944892175138492,-0.3683297242675021,3.128583799558352,4.478766554259486,Normal_1
0.19213,-0.21841999999999998,0.01389189083984375,0.06262136164240094,0.06414374143324116,-0.1053722786036591,-0.24621779003576405,3.405164583705493,4.617351054322823,Normal_1
0.19964,-0.18900999999999998,0.01563594583984375,0.06804503632566432,0.06981840567405921,-0.21002574358510875,-0.2988506557012589,2.8594178743150205,4.465249619303318,Normal_1
0.18713,-0.2155,0.012533639345703125,0.0672221991418031,0.06838067104605211,-0.41357818006483943,0.22218371613195176,3.1514753153474113,5.455770961985109,Normal_1
0.23615,-0.19526,0.014394233173828123,0.06949958319034232,0.07097454481920858,-0.030277213434082257,-0.006379871557979033,3.327249188766042,4.930762134484089,Normal_1
0.18108,-0.18775,0.01619743482421875,0.06691453856037957,0.06884702147248883,-0.2718548195205942,-0.2503095055168161,2.72706056496524,4.250488918100686,Normal_1
0.1646,-0.17252,0.01327802169921875,0.060618032479427826,0.06205523122124268,-0.11975684952286914,-0.23427884764474882,2.780104010970781,4.673529532743898,Normal_1
0.19088,-0.17503,0.015500088037109375,0.06462745408771439,0.0664602178074807,0.031660503255648,-0.3220597665200833,2.8720940650667064,4.287731357437087,Normal_1
0.1696,-0.19213,0.014561958720703125,0.06101750102481548,0.06273106146955286,-0.3604676996382891,-0.03588252405149461,3.0627569889040567,4.307872200770233,Normal_1
0.19902,-0.1744,0.01556370765625,0.06603883098547851,0.06784803750984852,-0.016621121816880267,-0.2543477442372226,2.9333198773478344,4.359374684298169,Normal_1
0.18984,-0.18295999999999998,0.012394317275390625,0.06358335708680184,0.064780108051398,-0.16576204399155398,-0.26739741898758895,2.9305291821811643,5.226597107807154,Normal_1
0.22384,-0.20840999999999998,0.015949099658203125,0.06711231013098956,0.06898141743270735,-0.2575417994105772,0.03645775842165255,3.2449318249139814,4.325097628450168,Normal_1
0.21174,-0.16189,0.017462172509765624,0.06325146876842963,0.06561764831296868,0.0814693293026911,0.3065428441883591,3.226875729578318,3.7577022285497494,Normal_1
0.17002,-0.20235999999999998,0.011792090830078126,0.06434523582540862,0.06541683865467868,-0.25090437495103013,-0.35982448108180565,3.0933930937082037,5.547517743019923,Normal_1
0.21508000000000002,-0.1694,0.017264536826171874,0.06344325263458918,0.06575036529692099,-0.009047125979649044,-0.07772560733072797,3.2711604834066446,3.8084057597677408,Normal_1
0.20506999999999997,-0.16794,0.015277239130859373,0.06481979195701178,0.06659579164490614,-0.170245851002618,-0.17236561849459253,3.079323660782129,4.3591506760691345,Normal_1
0.18963,-0.20027,0.014619753896484376,0.06250007609086802,0.06418720055710535,-0.3548254375922103,0.11307801354059555,3.1200924038077287,4.3904430006922,Normal_1
0.20528000000000002,-0.21738000000000002,0.016993770390625,0.06297691959482252,0.06522944606343077,-0.19194389722981528,-0.005827714778776638,3.3325439626770743,3.8384325976878846,Normal_1
0.20756999999999998,-0.18588,0.0145194866796875,0.06533878703601233,0.06693259732580975,-0.15786454850757006,-0.2942536860995748,3.1011794729618214,4.609845664144696,Normal_1
0.18024,-0.17252,0.015392740966796875,0.06386554370646955,0.06569432355534136,-0.09435132858737141,-0.3208848562303057,2.7436160006206407,4.267876619841234,Normal_1
0.18337,-0.19339,0.01581968533203125,0.06066845542345205,0.06269708069337737,-0.2822205882589449,-0.06756879596819321,3.084513581441983,3.9632315949545798,Normal_1
0.20528000000000002,-0.19193,0.016363684404296877,0.06455878742577639,0.0666003543621955,-0.13036673163429227,-0.3286141667264455,3.082265836024706,4.070009457937096,Normal_1
0.17169,-0.17837,0.013856205478515623,0.06218941292324868,0.06371434304770926,0.012612902895122163,-0.3173646137866992,2.799526584883879,4.598253002833053,Normal_1
0.15813,-0.21613000000000002,0.014549113769531252,0.06173709296151996,0.0634282693979437,-0.22990245780370913,-0.18053747557493782,3.4074711267392024,4.359596470485967,Normal_1
0.16397,-0.18275,0.015074520537109375,0.06133417112547199,0.06315949427498936,-0.2467566652411206,0.1073104142780803,2.893468340814425,4.189817508934387,Normal_1
0.20048,-0.19589,0.013911879785156251,0.06288357406736991,0.06440407041983477,-0.1758986902138083,-0.02926246591281645,3.1128466815881675,4.629429436209147,Normal_1
0.23219,-0.21425,0.0147212696875,0.06328396062254994,0.06497365199285443,-0.2679374518233254,0.17950001140396932,3.573602365031491,4.413589925224614,Normal_1
0.20194,-0.20131,0.017768001279296876,0.06896184984397433,0.07121403375293354,-0.07092384637681613,-0.06244170089974066,2.8356769940167084,4.0079932810404655,Normal_1
0.19798,-0.20569,0.01343572693359375,0.06726741480430815,0.06859609210945584,-0.004969959389715397,0.011427341818509351,2.9985672751331376,5.105498745471245,Normal_1
0.19839,-0.1815,0.016989991591796875,0.06547668894714469,0.06764507823759588,-0.12926691336396112,-0.29409412897905574,2.9328075631810115,3.981466023137429,Normal_1
0.18755,-0.17044,0.017353007851562498,0.06276358749176957,0.06511831383208108,-0.05680278542677467,-0.35157230303878073,2.880142099555714,3.7525661623930833,Normal_1
0.17482,-0.18379,0.014706583740234374,0.061749649078859103,0.06347678919629418,-0.1376132732322809,-0.3499556640021022,2.8953889985875465,4.316215512812703,Normal_1
0.16168,-0.16022,0.016085170380859375,0.05648203767120717,0.05872778972235326,-0.29431515388516244,0.01608523618972324,2.753040732697962,3.6510515388251736,Normal_1
0.18233,-0.15333,0.016012273417968747,0.0616565551464525,0.06370183429493477,-0.12963607603537017,-0.4691258660426598,2.862240925333244,3.978312676395895,Normal_1
0.2276,-0.19652,0.015850165341796875,0.06644608369495421,0.06831039291176094,-0.15718687147741275,-0.22376975617660166,3.3318502056070605,4.309758739353195,Normal_1
0.16022,-0.17023,0.01368777279296875,0.0640318094778093,0.06547845255528267,-0.31876557742704387,-0.2723820399363057,2.5997865062020264,4.7837181959361565,Normal_1
0.24888000000000002,-0.25847,0.015905932998046875,0.07245982024838585,0.07418506760101216,-0.20360900084390154,0.33818519869174546,3.4841242971698683,4.66398688754282,Normal_1
0.20736,-0.16293,0.013352182451171875,0.06110532315695268,0.06254711259782501,0.005174761746099912,-0.1503252295439923,3.3152608981017893,4.684410817643123,Normal_1
0.16022,-0.2082,0.013695275263671876,0.06649131649597723,0.06788708075853575,-0.5538005681767104,0.009447926898879189,3.066857413911772,4.956970524107877,Normal_1
0.21111999999999997,-0.19735,0.016108438720703125,0.06819902117738644,0.07007558981251781,-0.1373168803230487,-0.1351961440951288,3.0127466290628404,4.350240682991428,Normal_1
0.20756999999999998,-0.17628,0.01415995470703125,0.06262140373500055,0.06420237163101622,-0.058696939768079374,-0.08044528887722358,3.233058086387959,4.534079975909527,Normal_1
0.18671,-0.19693,0.013255055830078123,0.06586616082459876,0.0671866627153812,-0.36896312827538175,-0.09568649452853295,2.931087646117429,5.068757046965088,Normal_1
0.19005,-0.18608,0.016438451542968753,0.06882484944851582,0.07076074187528986,-0.2334386613479221,-0.2308452006998638,2.6858112602767314,4.304586559490751,Normal_1
0.16773,-0.20215,0.0130476873046875,0.06353178408670039,0.06485776540430623,-0.12538042590812937,-0.05266306424864986,3.116820254645375,4.97082424792486,Normal_1
0.19422,-0.16168,0.011742775859375,0.06385415109780337,0.06492492123448919,-0.034654728551149594,-0.34315122301763834,2.991455258098517,5.5289240366221835,Normal_1
0.17795,-0.20298,0.014748382099609377,0.06432919892819408,0.06599818640916767,-0.17009502962546652,-0.15408993058741194,3.075539010512347,4.474943860857241,Normal_1
0.16126,-0.17774,0.0145558605078125,0.06305557281459839,0.06471381875689315,-0.2332610007992228,-0.3727132368804371,2.7465539921411857,4.445894097175877,Normal_1
0.17774,-0.20277,0.012489640380859375,0.05908194190684312,0.060387639267707585,-0.20990597437228636,-0.006293294746384515,3.3578063176684796,4.835017870108973,Normal_1
0.20924,-0.26077,0.013369094033203124,0.07273163876764657,0.07395014505121715,-0.42096030897865233,0.37323236309872154,3.5262945906745506,5.5314248920780775,Normal_1
0.213,-0.18337,0.015834756884765624,0.06892325036280252,0.07071883742096718,-0.00866819783820395,-0.037148070855026916,3.011927299089352,4.466051071674717,Normal_1
0.18358,-0.17378,0.008762456181640624,0.07059728493995211,0.0711389997064055,-0.16370387624794785,-0.555784417115619,2.5805816524981084,8.11861310494711,Normal_1
0.19422,-0.19755999999999999,0.0099982984765625,0.06384371117417358,0.06462186494459696,-0.14621779538323557,0.01275099546555003,3.0571695371559913,6.463285591322826,Normal_1
0.2155,-0.19005,0.011000415537109374,0.06526206688487994,0.06618267534691855,-0.10974185091973153,-0.09488498683835456,3.2561390970408173,6.0163790274354145,Normal_1
0.17482,-0.20569,0.008276800058593749,0.0644661730556323,0.06499532973721012,-0.10474915749023676,-0.16359510894950535,3.1646888732922713,7.852711364824444,Normal_1
0.18567,-0.21133000000000002,0.012302251181640626,0.06642321225588026,0.06755285716034444,-0.2568661755886082,-0.09839135332646887,3.1283650426512537,5.491096765286404,Normal_1
0.2082,-0.18755,0.010347233369140625,0.06614255663783312,0.06694701663991026,-0.18776876093541853,-0.17257422877505402,3.1099219552968136,6.470039650360259,Normal_1
0.17273,-0.18316,0.007559850458984376,0.06638828556015522,0.06681733157331951,-0.19479889338184825,-0.15325175361409427,2.7412049081578673,8.83844503239698,Normal_1
0.17857,-0.17399,0.011546401064453125,0.0637217220903492,0.06475937958088311,-0.10624733133959825,-0.08436862476904539,2.757438357165412,5.608619829743503,Normal_1
0.1573,-0.22364,0.011472582314453124,0.06101832866250429,0.06208749131449341,-0.30640272746502994,0.053222818975950936,3.602013733574396,5.411814376303181,Normal_1
0.15479,-0.1694,0.011756390224609375,0.060590121931502074,0.06172013923175789,-0.16261116659720765,-0.36247803837568826,2.7446470368328133,5.249922195729638,Normal_1
0.19589,-0.21716999999999997,0.007327215400390625,0.06677416429904971,0.0671749737875662,-0.20039965240382088,-0.07817029231913741,3.232900357414011,9.167870868940762,Normal_1
0.16731,-0.17732,0.013611767636718751,0.058172086920269914,0.05974338385842789,-0.21991734350205944,-0.3585350266831955,2.9680273459595554,4.3890978059431385,Normal_1
0.19652,-0.17419,0.01032275525390625,0.06297802193367788,0.06381841836578889,-0.13230834157099602,-0.15368238122958777,3.079361757200593,6.182304105227639,Normal_1
0.20778000000000002,-0.17837,0.00995751923828125,0.06312109144638559,0.06390167740179997,-0.12973847978457895,-0.29282110009108964,3.251557786847541,6.417428824912931,Normal_1
0.19735,-0.19193,0.01474939802734375,0.06679936956308474,0.06840833659865282,-0.20930868015261828,-0.2661759501970882,2.884882266220813,4.638042300695192,Normal_1
0.1938,-0.18588,0.009512574980468749,0.06315400891796386,0.0638664068597044,-0.025644546929765137,-0.1467813162988847,3.0344590606335844,6.7138919038160765,Normal_1
0.17210999999999999,-0.16439,0.0111336143359375,0.06160510597222656,0.06260308658549239,-0.2931658818169954,-0.06770106563571865,2.7492254238253366,5.622889303838243,Normal_1
0.17732,-0.1888,0.012229695957031248,0.05924668846131477,0.06049574825418325,-0.08286979108654936,-0.26528579229511173,3.120880430899772,4.946626925158787,Normal_1
0.15270999999999998,-0.2155,0.010766145556640624,0.06446341370251366,0.06535626669515478,-0.4963889403156569,0.12905377334723545,3.297311912075056,6.070534740662865,Normal_1
0.20131,-0.17837,0.012578037041015625,0.06306849390228109,0.0643105118849728,0.0292211880108663,-0.10182162254630756,3.1302813641071014,5.112920765167283,Normal_1
0.22718000000000002,-0.19339,0.010794881142578126,0.06507724204815743,0.06596648309161902,-0.062448511458591746,0.09984900388854845,3.4438700671764773,6.1109035022650415,Normal_1
0.21008000000000002,-0.18254,0.01309369595703125,0.06397469706664104,0.06530089385746313,-0.26021676094240787,-0.11027770013903737,3.2171075213985425,4.987200641022692,Normal_1
0.18045,-0.18859,0.009978057763671874,0.0650297425131571,0.06579079759406085,-0.24087572351101152,-0.1642847961489795,2.866510272411021,6.593546816299785,Normal_1
0.19276,-0.19547,0.011450459746093749,0.06315307789409452,0.06418274126191935,-0.2579790575357651,-0.02950292964411272,3.0455227232628777,5.605254031704784,Normal_1
0.21425,-0.19839,0.011316989892578126,0.06645895259961464,0.0674156260882189,-0.1621987280807581,-0.0029207020452597376,3.1780465339235997,5.957027510946502,Normal_1
0.15584,-0.1696,0.010221199912109374,0.06161278422800441,0.06245484855453525,-0.2793630839596398,-0.3115228632764735,2.715561741156804,6.110323932733095,Normal_1
0.19234,-0.20653000000000002,0.012951310126953124,0.06990151399523772,0.07109119560698733,-0.02095303923917888,-0.45544362240630987,2.9051417032935527,5.489111867526572,Normal_1
0.21966999999999998,-0.20881999999999998,0.013320590078125,0.06734824666374449,0.06865292745914055,-0.10582170281137536,-0.1105447249139746,3.1997178405978515,5.153894977819866,Normal_1
0.19276,-0.21613000000000002,0.01026451326171875,0.06590509759412604,0.06669964108892398,-0.16289021350187244,-0.11470385840547115,3.240347222731052,6.498080609394117,Normal_1
0.20799,-0.18692,0.014878417607421875,0.06821979023657682,0.06982339930441214,-0.15479267244017977,-0.03408414448703834,2.97880079018233,4.69293149673728,Normal_1
0.19505999999999998,-0.1815,0.01288521572265625,0.06524580996485617,0.0665059734323881,-0.3126475812680487,-0.009625983571595054,2.9329695815268995,5.161416750984851,Normal_1
0.21425,-0.22405,0.012330185927734376,0.06831217500381166,0.06941604093265395,-0.3383536758550743,0.04405298529966428,3.2276400924352444,5.629763874586197,Normal_1
0.1961,-0.24720999999999999,0.012698860078124999,0.06486439924326375,0.0660957739683356,-0.4119782677243387,0.509585032540345,3.7401785532952823,5.204858416964013,Normal_1
0.18817,-0.19839,0.0117193127734375,0.06154322820593554,0.06264911196409344,-0.2837473149022177,-0.12968939036649507,3.166684899652207,5.345800374941002,Normal_1
